2026-09-09 18:59:28,159 - apscheduler.scheduler - INFO - Adding job tentatively -- it will be properly scheduled when the scheduler starts
2026-09-09 18:59:28,159 - __main__ - INFO - 1 ta kanal uchun jadval tiklandi
2026-09-09 18:59:28,159 - __main__ - INFO - Bot ishga tushdi (polling)
2026-09-09 18:59:28,510 - httpx - INFO - HTTP Request: POST https://api.telegram.org/bot8942164862:AAEGbX-FW5J1ymTcNQQalAv8C6ak4UyB_q8/getMe "HTTP/1.1 200 OK"
2026-09-09 18:59:28,699 - httpx - INFO - HTTP Request: POST https://api.telegram.org/bot8942164862:AAEGbX-FW5J1ymTcNQQalAv8C6ak4UyB_q8/deleteWebhook "HTTP/1.1 200 OK"
2026-09-09 18:59:28,702 - apscheduler.scheduler - INFO - Added job "daily_post:@N_DEV_HUB" to job store "default"
2026-09-09 18:59:28,702 - apscheduler.scheduler - INFO - Scheduler started
2026-09-09 18:59:28,702 - telegram.ext.Application - INFO - Application started
2026-09-09 18:59:33,118 - httpx - INFO - HTTP Request: POST https://api.telegram.org/bot8942164862:AAEGbX-FW5J1ymTcNQQalAv8C6ak4UyB_q8/getUpdates "HTTP/1.1 409 Conflict"
2026-09-09 18:59:33,119 - telegram.ext.Application - ERROR - No error handlers are registered, logging exception.
Traceback (most recent call last):
  File "/home/nozimbek/Downloads/files (2)/.venv/lib/python3.14/site-packages/telegram/ext/_utils/networkloop.py", line 161, in network_retry_loop
    await do_action()
  File "/home/nozimbek/Downloads/files (2)/.venv/lib/python3.14/site-packages/telegram/ext/_utils/networkloop.py", line 154, in do_action
    action_cb_task.result()
    ~~~~~~~~~~~~~~~~~~~~~^^
  File "/home/nozimbek/Downloads/files (2)/.venv/lib/python3.14/site-packages/telegram/ext/_updater.py", line 340, in polling_action_cb
    updates = await self.bot.get_updates(
              ^^^^^^^^^^^^^^^^^^^^^^^^^^^
    ...<3 lines>...
    )
    ^
  File "/home/nozimbek/Downloads/files (2)/.venv/lib/python3.14/site-packages/telegram/ext/_extbot.py", line 680, in get_updates
    updates = await super().get_updates(
              ^^^^^^^^^^^^^^^^^^^^^^^^^^
    ...<9 lines>...
    )
    ^
  File "/home/nozimbek/Downloads/files (2)/.venv/lib/python3.14/site-packages/telegram/_bot.py", line 4767, in get_updates
    await self._post(
    ^^^^^^^^^^^^^^^^^
    ...<7 lines>...
    ),
    ^
  File "/home/nozimbek/Downloads/files (2)/.venv/lib/python3.14/site-packages/telegram/_bot.py", line 712, in _post
    return await self._do_post(
           ^^^^^^^^^^^^^^^^^^^^
    ...<6 lines>...
    )
    ^
  File "/home/nozimbek/Downloads/files (2)/.venv/lib/python3.14/site-packages/telegram/ext/_extbot.py", line 378, in _do_post
    return await super()._do_post(
           ^^^^^^^^^^^^^^^^^^^^^^^
    ...<6 lines>...
    )
    ^
  File "/home/nozimbek/Downloads/files (2)/.venv/lib/python3.14/site-packages/telegram/_bot.py", line 741, in _do_post
    result = await request.post(
             ^^^^^^^^^^^^^^^^^^^
    ...<6 lines>...
    )
    ^
  File "/home/nozimbek/Downloads/files (2)/.venv/lib/python3.14/site-packages/telegram/request/_baserequest.py", line 198, in post
    result = await self._request_wrapper(
             ^^^^^^^^^^^^^^^^^^^^^^^^^^^^
    ...<7 lines>...
    )
    ^
  File "/home/nozimbek/Downloads/files (2)/.venv/lib/python3.14/site-packages/telegram/request/_baserequest.py", line 375, in _request_wrapper
    raise exception
telegram.error.Conflict: Conflict: terminated by other getUpdates request; make sure that only one bot instance is running
2026-09-09 18:59:44,327 - httpx - INFO - HTTP Request: POST https://api.telegram.org/bot8942164862:AAEGbX-FW5J1ymTcNQQalAv8C6ak4UyB_q8/getUpdates "HTTP/1.1 200 OK"
2026-09-09 18:59:45,697 - httpx - INFO - HTTP Request: POST https://api.telegram.org/bot8942164862:AAEGbX-FW5J1ymTcNQQalAv8C6ak4UyB_q8/getUpdates "HTTP/1.1 200 OK"
2026-09-09 18:59:46,042 - httpx - INFO - HTTP Request: POST https://api.telegram.org/bot8942164862:AAEGbX-FW5J1ymTcNQQalAv8C6ak4UyB_q8/sendMessage "HTTP/1.1 200 OK"
2026-09-09 18:59:55,840 - httpx - INFO - HTTP Request: POST https://api.telegram.org/bot8942164862:AAEGbX-FW5J1ymTcNQQalAv8C6ak4UyB_q8/getUpdates "HTTP/1.1 200 OK"
2026-09-09 19:00:05,945 - httpx - INFO - HTTP Request: POST https://api.telegram.org/bot8942164862:AAEGbX-FW5J1ymTcNQQalAv8C6ak4UyB_q8/getUpdates "HTTP/1.1 200 OK"
2026-09-09 19:00:16,045 - httpx - INFO - HTTP Request: POST https://api.telegram.org/bot8942164862:AAEGbX-FW5J1ymTcNQQalAv8C6ak4UyB_q8/getUpdates "HTTP/1.1 200 OK"
2026-09-09 19:00:17,190 - httpx - INFO - HTTP Request: POST https://api.telegram.org/bot8942164862:AAEGbX-FW5J1ymTcNQQalAv8C6ak4UyB_q8/getUpdates "HTTP/1.1 200 OK"
2026-09-09 19:00:23,271 - httpx - INFO - HTTP Request: POST https://api.telegram.org/bot8942164862:AAEGbX-FW5J1ymTcNQQalAv8C6ak4UyB_q8/getUpdates "HTTP/1.1 200 OK"
2026-09-09 19:00:33,409 - httpx - INFO - HTTP Request: POST https://api.telegram.org/bot8942164862:AAEGbX-FW5J1ymTcNQQalAv8C6ak4UyB_q8/getUpdates "HTTP/1.1 200 OK"
2026-09-09 19:00:43,515 - httpx - INFO - HTTP Request: POST https://api.telegram.org/bot8942164862:AAEGbX-FW5J1ymTcNQQalAv8C6ak4UyB_q8/getUpdates "HTTP/1.1 200 OK"
2026-09-09 19:00:53,690 - httpx - INFO - HTTP Request: POST https://api.telegram.org/bot8942164862:AAEGbX-FW5J1ymTcNQQalAv8C6ak4UyB_q8/getUpdates "HTTP/1.1 200 OK"
2026-09-09 19:01:03,827 - httpx - INFO - HTTP Request: POST https://api.telegram.org/bot8942164862:AAEGbX-FW5J1ymTcNQQalAv8C6ak4UyB_q8/getUpdates "HTTP/1.1 200 OK"
2026-09-09 19:01:13,929 - httpx - INFO - HTTP Request: POST https://api.telegram.org/bot8942164862:AAEGbX-FW5J1ymTcNQQalAv8C6ak4UyB_q8/getUpdates "HTTP/1.1 200 OK"
2026-09-09 19:01:24,102 - httpx - INFO - HTTP Request: POST https://api.telegram.org/bot8942164862:AAEGbX-FW5J1ymTcNQQalAv8C6ak4UyB_q8/getUpdates "HTTP/1.1 200 OK"
2026-09-09 19:01:35,761 - httpx - INFO - HTTP Request: POST https://api.telegram.org/bot8942164862:AAEGbX-FW5J1ymTcNQQalAv8C6ak4UyB_q8/getUpdates "HTTP/1.1 200 OK"
2026-09-09 19:01:43,995 - httpx - INFO - HTTP Request: POST https://api.telegram.org/bot8942164862:AAEGbX-FW5J1ymTcNQQalAv8C6ak4UyB_q8/getUpdates "HTTP/1.1 200 OK"
2026-09-09 19:01:44,480 - httpx - INFO - HTTP Request: POST https://api.telegram.org/bot8942164862:AAEGbX-FW5J1ymTcNQQalAv8C6ak4UyB_q8/sendMessage "HTTP/1.1 200 OK"
2026-09-09 19:01:54,100 - httpx - INFO - HTTP Request: POST https://api.telegram.org/bot8942164862:AAEGbX-FW5J1ymTcNQQalAv8C6ak4UyB_q8/getUpdates "HTTP/1.1 200 OK"
2026-09-09 19:02:04,206 - httpx - INFO - HTTP Request: POST https://api.telegram.org/bot8942164862:AAEGbX-FW5J1ymTcNQQalAv8C6ak4UyB_q8/getUpdates "HTTP/1.1 200 OK"
2026-09-09 19:02:14,380 - httpx - INFO - HTTP Request: POST https://api.telegram.org/bot8942164862:AAEGbX-FW5J1ymTcNQQalAv8C6ak4UyB_q8/getUpdates "HTTP/1.1 200 OK"
2026-09-09 19:02:24,513 - httpx - INFO - HTTP Request: POST https://api.telegram.org/bot8942164862:AAEGbX-FW5J1ymTcNQQalAv8C6ak4UyB_q8/getUpdates "HTTP/1.1 200 OK"
2026-09-09 19:02:34,624 - httpx - INFO - HTTP Request: POST https://api.telegram.org/bot8942164862:AAEGbX-FW5J1ymTcNQQalAv8C6ak4UyB_q8/getUpdates "HTTP/1.1 200 OK"
2026-09-09 19:02:44,789 - httpx - INFO - HTTP Request: POST https://api.telegram.org/bot8942164862:AAEGbX-FW5J1ymTcNQQalAv8C6ak4UyB_q8/getUpdates "HTTP/1.1 200 OK"
2026-09-09 19:02:54,893 - httpx - INFO - HTTP Request: POST https://api.telegram.org/bot8942164862:AAEGbX-FW5J1ymTcNQQalAv8C6ak4UyB_q8/getUpdates "HTTP/1.1 200 OK"
2026-09-09 19:03:04,995 - httpx - INFO - HTTP Request: POST https://api.telegram.org/bot8942164862:AAEGbX-FW5J1ymTcNQQalAv8C6ak4UyB_q8/getUpdates "HTTP/1.1 200 OK"
2026-09-09 19:03:15,101 - httpx - INFO - HTTP Request: POST https://api.telegram.org/bot8942164862:AAEGbX-FW5J1ymTcNQQalAv8C6ak4UyB_q8/getUpdates "HTTP/1.1 200 OK"
2026-09-09 19:03:25,247 - httpx - INFO - HTTP Request: POST https://api.telegram.org/bot8942164862:AAEGbX-FW5J1ymTcNQQalAv8C6ak4UyB_q8/getUpdates "HTTP/1.1 200 OK"
2026-09-09 19:03:35,380 - httpx - INFO - HTTP Request: POST https://api.telegram.org/bot8942164862:AAEGbX-FW5J1ymTcNQQalAv8C6ak4UyB_q8/getUpdates "HTTP/1.1 200 OK"
2026-09-09 19:03:45,485 - httpx - INFO - HTTP Request: POST https://api.telegram.org/bot8942164862:AAEGbX-FW5J1ymTcNQQalAv8C6ak4UyB_q8/getUpdates "HTTP/1.1 200 OK"
2026-09-09 19:03:55,589 - httpx - INFO - HTTP Request: POST https://api.telegram.org/bot8942164862:AAEGbX-FW5J1ymTcNQQalAv8C6ak4UyB_q8/getUpdates "HTTP/1.1 200 OK"
2026-09-09 19:04:05,793 - httpx - INFO - HTTP Request: POST https://api.telegram.org/bot8942164862:AAEGbX-FW5J1ymTcNQQalAv8C6ak4UyB_q8/getUpdates "HTTP/1.1 200 OK"
2026-09-09 19:04:15,898 - httpx - INFO - HTTP Request: POST https://api.telegram.org/bot8942164862:AAEGbX-FW5J1ymTcNQQalAv8C6ak4UyB_q8/getUpdates "HTTP/1.1 200 OK"
2026-09-09 19:04:26,063 - httpx - INFO - HTTP Request: POST https://api.telegram.org/bot8942164862:AAEGbX-FW5J1ymTcNQQalAv8C6ak4UyB_q8/getUpdates "HTTP/1.1 200 OK"
2026-09-09 19:04:36,171 - httpx - INFO - HTTP Request: POST https://api.telegram.org/bot8942164862:AAEGbX-FW5J1ymTcNQQalAv8C6ak4UyB_q8/getUpdates "HTTP/1.1 200 OK"
2026-09-09 19:04:46,272 - httpx - INFO - HTTP Request: POST https://api.telegram.org/bot8942164862:AAEGbX-FW5J1ymTcNQQalAv8C6ak4UyB_q8/getUpdates "HTTP/1.1 200 OK"
2026-09-09 19:04:56,381 - httpx - INFO - HTTP Request: POST https://api.telegram.org/bot8942164862:AAEGbX-FW5J1ymTcNQQalAv8C6ak4UyB_q8/getUpdates "HTTP/1.1 200 OK"
2026-09-09 19:05:06,503 - httpx - INFO - HTTP Request: POST https://api.telegram.org/bot8942164862:AAEGbX-FW5J1ymTcNQQalAv8C6ak4UyB_q8/getUpdates "HTTP/1.1 200 OK"
2026-09-09 19:05:16,660 - httpx - INFO - HTTP Request: POST https://api.telegram.org/bot8942164862:AAEGbX-FW5J1ymTcNQQalAv8C6ak4UyB_q8/getUpdates "HTTP/1.1 200 OK"
2026-09-09 19:05:26,774 - httpx - INFO - HTTP Request: POST https://api.telegram.org/bot8942164862:AAEGbX-FW5J1ymTcNQQalAv8C6ak4UyB_q8/getUpdates "HTTP/1.1 200 OK"
2026-09-09 19:05:36,895 - httpx - INFO - HTTP Request: POST https://api.telegram.org/bot8942164862:AAEGbX-FW5J1ymTcNQQalAv8C6ak4UyB_q8/getUpdates "HTTP/1.1 200 OK"
2026-09-09 19:05:46,996 - httpx - INFO - HTTP Request: POST https://api.telegram.org/bot8942164862:AAEGbX-FW5J1ymTcNQQalAv8C6ak4UyB_q8/getUpdates "HTTP/1.1 200 OK"
2026-09-09 19:05:57,115 - httpx - INFO - HTTP Request: POST https://api.telegram.org/bot8942164862:AAEGbX-FW5J1ymTcNQQalAv8C6ak4UyB_q8/getUpdates "HTTP/1.1 200 OK"
2026-09-09 19:06:07,316 - httpx - INFO - HTTP Request: POST https://api.telegram.org/bot8942164862:AAEGbX-FW5J1ymTcNQQalAv8C6ak4UyB_q8/getUpdates "HTTP/1.1 200 OK"
2026-09-09 19:06:17,503 - httpx - INFO - HTTP Request: POST https://api.telegram.org/bot8942164862:AAEGbX-FW5J1ymTcNQQalAv8C6ak4UyB_q8/getUpdates "HTTP/1.1 200 OK"
2026-09-09 19:06:27,617 - httpx - INFO - HTTP Request: POST https://api.telegram.org/bot8942164862:AAEGbX-FW5J1ymTcNQQalAv8C6ak4UyB_q8/getUpdates "HTTP/1.1 200 OK"
2026-09-09 19:06:37,737 - httpx - INFO - HTTP Request: POST https://api.telegram.org/bot8942164862:AAEGbX-FW5J1ymTcNQQalAv8C6ak4UyB_q8/getUpdates "HTTP/1.1 200 OK"
2026-09-09 19:06:47,850 - httpx - INFO - HTTP Request: POST https://api.telegram.org/bot8942164862:AAEGbX-FW5J1ymTcNQQalAv8C6ak4UyB_q8/getUpdates "HTTP/1.1 200 OK"
2026-09-09 19:06:57,967 - httpx - INFO - HTTP Request: POST https://api.telegram.org/bot8942164862:AAEGbX-FW5J1ymTcNQQalAv8C6ak4UyB_q8/getUpdates "HTTP/1.1 200 OK"
2026-09-09 19:07:08,373 - httpx - INFO - HTTP Request: POST https://api.telegram.org/bot8942164862:AAEGbX-FW5J1ymTcNQQalAv8C6ak4UyB_q8/getUpdates "HTTP/1.1 200 OK"
2026-09-09 19:07:18,526 - httpx - INFO - HTTP Request: POST https://api.telegram.org/bot8942164862:AAEGbX-FW5J1ymTcNQQalAv8C6ak4UyB_q8/getUpdates "HTTP/1.1 200 OK"
2026-09-09 19:07:28,639 - httpx - INFO - HTTP Request: POST https://api.telegram.org/bot8942164862:AAEGbX-FW5J1ymTcNQQalAv8C6ak4UyB_q8/getUpdates "HTTP/1.1 200 OK"
2026-09-09 19:07:38,755 - httpx - INFO - HTTP Request: POST https://api.telegram.org/bot8942164862:AAEGbX-FW5J1ymTcNQQalAv8C6ak4UyB_q8/getUpdates "HTTP/1.1 200 OK"
2026-09-09 19:07:48,924 - httpx - INFO - HTTP Request: POST https://api.telegram.org/bot8942164862:AAEGbX-FW5J1ymTcNQQalAv8C6ak4UyB_q8/getUpdates "HTTP/1.1 200 OK"
2026-09-09 19:07:59,037 - httpx - INFO - HTTP Request: POST https://api.telegram.org/bot8942164862:AAEGbX-FW5J1ymTcNQQalAv8C6ak4UyB_q8/getUpdates "HTTP/1.1 200 OK"
2026-09-09 19:08:09,167 - httpx - INFO - HTTP Request: POST https://api.telegram.org/bot8942164862:AAEGbX-FW5J1ymTcNQQalAv8C6ak4UyB_q8/getUpdates "HTTP/1.1 200 OK"
2026-09-09 19:08:19,276 - httpx - INFO - HTTP Request: POST https://api.telegram.org/bot8942164862:AAEGbX-FW5J1ymTcNQQalAv8C6ak4UyB_q8/getUpdates "HTTP/1.1 200 OK"
2026-09-09 19:08:29,406 - httpx - INFO - HTTP Request: POST https://api.telegram.org/bot8942164862:AAEGbX-FW5J1ymTcNQQalAv8C6ak4UyB_q8/getUpdates "HTTP/1.1 200 OK"
2026-09-09 19:08:39,612 - httpx - INFO - HTTP Request: POST https://api.telegram.org/bot8942164862:AAEGbX-FW5J1ymTcNQQalAv8C6ak4UyB_q8/getUpdates "HTTP/1.1 200 OK"
2026-09-09 19:08:49,754 - httpx - INFO - HTTP Request: POST https://api.telegram.org/bot8942164862:AAEGbX-FW5J1ymTcNQQalAv8C6ak4UyB_q8/getUpdates "HTTP/1.1 200 OK"
2026-09-09 19:08:59,908 - httpx - INFO - HTTP Request: POST https://api.telegram.org/bot8942164862:AAEGbX-FW5J1ymTcNQQalAv8C6ak4UyB_q8/getUpdates "HTTP/1.1 200 OK"
2026-09-09 19:09:10,085 - httpx - INFO - HTTP Request: POST https://api.telegram.org/bot8942164862:AAEGbX-FW5J1ymTcNQQalAv8C6ak4UyB_q8/getUpdates "HTTP/1.1 200 OK"
2026-09-09 19:09:20,196 - httpx - INFO - HTTP Request: POST https://api.telegram.org/bot8942164862:AAEGbX-FW5J1ymTcNQQalAv8C6ak4UyB_q8/getUpdates "HTTP/1.1 200 OK"
2026-09-09 19:09:30,322 - httpx - INFO - HTTP Request: POST https://api.telegram.org/bot8942164862:AAEGbX-FW5J1ymTcNQQalAv8C6ak4UyB_q8/getUpdates "HTTP/1.1 200 OK"
2026-09-09 19:09:40,435 - httpx - INFO - HTTP Request: POST https://api.telegram.org/bot8942164862:AAEGbX-FW5J1ymTcNQQalAv8C6ak4UyB_q8/getUpdates "HTTP/1.1 200 OK"
2026-09-09 19:09:50,627 - httpx - INFO - HTTP Request: POST https://api.telegram.org/bot8942164862:AAEGbX-FW5J1ymTcNQQalAv8C6ak4UyB_q8/getUpdates "HTTP/1.1 200 OK"
2026-09-09 19:10:00,736 - httpx - INFO - HTTP Request: POST https://api.telegram.org/bot8942164862:AAEGbX-FW5J1ymTcNQQalAv8C6ak4UyB_q8/getUpdates "HTTP/1.1 200 OK"
2026-09-09 19:10:10,862 - httpx - INFO - HTTP Request: POST https://api.telegram.org/bot8942164862:AAEGbX-FW5J1ymTcNQQalAv8C6ak4UyB_q8/getUpdates "HTTP/1.1 200 OK"
2026-09-09 19:10:21,096 - httpx - INFO - HTTP Request: POST https://api.telegram.org/bot8942164862:AAEGbX-FW5J1ymTcNQQalAv8C6ak4UyB_q8/getUpdates "HTTP/1.1 200 OK"
2026-09-09 19:10:31,231 - httpx - INFO - HTTP Request: POST https://api.telegram.org/bot8942164862:AAEGbX-FW5J1ymTcNQQalAv8C6ak4UyB_q8/getUpdates "HTTP/1.1 200 OK"
2026-09-09 19:10:41,353 - httpx - INFO - HTTP Request: POST https://api.telegram.org/bot8942164862:AAEGbX-FW5J1ymTcNQQalAv8C6ak4UyB_q8/getUpdates "HTTP/1.1 200 OK"
2026-09-09 19:10:51,457 - httpx - INFO - HTTP Request: POST https://api.telegram.org/bot8942164862:AAEGbX-FW5J1ymTcNQQalAv8C6ak4UyB_q8/getUpdates "HTTP/1.1 200 OK"
2026-09-09 19:11:01,560 - httpx - INFO - HTTP Request: POST https://api.telegram.org/bot8942164862:AAEGbX-FW5J1ymTcNQQalAv8C6ak4UyB_q8/getUpdates "HTTP/1.1 200 OK"
2026-09-09 19:11:11,673 - httpx - INFO - HTTP Request: POST https://api.telegram.org/bot8942164862:AAEGbX-FW5J1ymTcNQQalAv8C6ak4UyB_q8/getUpdates "HTTP/1.1 200 OK"
2026-09-09 19:11:21,840 - httpx - INFO - HTTP Request: POST https://api.telegram.org/bot8942164862:AAEGbX-FW5J1ymTcNQQalAv8C6ak4UyB_q8/getUpdates "HTTP/1.1 200 OK"
2026-09-09 19:11:32,165 - httpx - INFO - HTTP Request: POST https://api.telegram.org/bot8942164862:AAEGbX-FW5J1ymTcNQQalAv8C6ak4UyB_q8/getUpdates "HTTP/1.1 200 OK"
2026-09-09 19:11:42,291 - httpx - INFO - HTTP Request: POST https://api.telegram.org/bot8942164862:AAEGbX-FW5J1ymTcNQQalAv8C6ak4UyB_q8/getUpdates "HTTP/1.1 200 OK"
2026-09-09 19:11:52,403 - httpx - INFO - HTTP Request: POST https://api.telegram.org/bot8942164862:AAEGbX-FW5J1ymTcNQQalAv8C6ak4UyB_q8/getUpdates "HTTP/1.1 200 OK"
2026-09-09 19:12:02,941 - httpx - INFO - HTTP Request: POST https://api.telegram.org/bot8942164862:AAEGbX-FW5J1ymTcNQQalAv8C6ak4UyB_q8/getUpdates "HTTP/1.1 200 OK"
2026-09-09 19:12:13,428 - httpx - INFO - HTTP Request: POST https://api.telegram.org/bot8942164862:AAEGbX-FW5J1ymTcNQQalAv8C6ak4UyB_q8/getUpdates "HTTP/1.1 200 OK"
2026-09-09 19:12:23,538 - httpx - INFO - HTTP Request: POST https://api.telegram.org/bot8942164862:AAEGbX-FW5J1ymTcNQQalAv8C6ak4UyB_q8/getUpdates "HTTP/1.1 200 OK"
2026-09-09 19:12:33,699 - httpx - INFO - HTTP Request: POST https://api.telegram.org/bot8942164862:AAEGbX-FW5J1ymTcNQQalAv8C6ak4UyB_q8/getUpdates "HTTP/1.1 200 OK"
2026-09-09 19:12:43,963 - httpx - INFO - HTTP Request: POST https://api.telegram.org/bot8942164862:AAEGbX-FW5J1ymTcNQQalAv8C6ak4UyB_q8/getUpdates "HTTP/1.1 200 OK"
2026-09-09 19:12:54,079 - httpx - INFO - HTTP Request: POST https://api.telegram.org/bot8942164862:AAEGbX-FW5J1ymTcNQQalAv8C6ak4UyB_q8/getUpdates "HTTP/1.1 200 OK"
2026-09-09 19:13:04,183 - httpx - INFO - HTTP Request: POST https://api.telegram.org/bot8942164862:AAEGbX-FW5J1ymTcNQQalAv8C6ak4UyB_q8/getUpdates "HTTP/1.1 200 OK"
2026-09-09 19:13:14,285 - httpx - INFO - HTTP Request: POST https://api.telegram.org/bot8942164862:AAEGbX-FW5J1ymTcNQQalAv8C6ak4UyB_q8/getUpdates "HTTP/1.1 200 OK"
2026-09-09 19:13:24,384 - httpx - INFO - HTTP Request: POST https://api.telegram.org/bot8942164862:AAEGbX-FW5J1ymTcNQQalAv8C6ak4UyB_q8/getUpdates "HTTP/1.1 200 OK"
2026-09-09 19:13:34,487 - httpx - INFO - HTTP Request: POST https://api.telegram.org/bot8942164862:AAEGbX-FW5J1ymTcNQQalAv8C6ak4UyB_q8/getUpdates "HTTP/1.1 200 OK"
2026-09-09 19:13:44,609 - httpx - INFO - HTTP Request: POST https://api.telegram.org/bot8942164862:AAEGbX-FW5J1ymTcNQQalAv8C6ak4UyB_q8/getUpdates "HTTP/1.1 200 OK"
2026-09-09 19:13:54,801 - httpx - INFO - HTTP Request: POST https://api.telegram.org/bot8942164862:AAEGbX-FW5J1ymTcNQQalAv8C6ak4UyB_q8/getUpdates "HTTP/1.1 200 OK"
2026-09-09 19:14:04,936 - httpx - INFO - HTTP Request: POST https://api.telegram.org/bot8942164862:AAEGbX-FW5J1ymTcNQQalAv8C6ak4UyB_q8/getUpdates "HTTP/1.1 200 OK"
2026-09-09 19:14:15,073 - httpx - INFO - HTTP Request: POST https://api.telegram.org/bot8942164862:AAEGbX-FW5J1ymTcNQQalAv8C6ak4UyB_q8/getUpdates "HTTP/1.1 200 OK"
2026-09-09 19:14:25,209 - httpx - INFO - HTTP Request: POST https://api.telegram.org/bot8942164862:AAEGbX-FW5J1ymTcNQQalAv8C6ak4UyB_q8/getUpdates "HTTP/1.1 200 OK"
2026-09-09 19:14:35,313 - httpx - INFO - HTTP Request: POST https://api.telegram.org/bot8942164862:AAEGbX-FW5J1ymTcNQQalAv8C6ak4UyB_q8/getUpdates "HTTP/1.1 200 OK"
2026-09-09 19:14:45,412 - httpx - INFO - HTTP Request: POST https://api.telegram.org/bot8942164862:AAEGbX-FW5J1ymTcNQQalAv8C6ak4UyB_q8/getUpdates "HTTP/1.1 200 OK"
2026-09-09 19:14:55,563 - httpx - INFO - HTTP Request: POST https://api.telegram.org/bot8942164862:AAEGbX-FW5J1ymTcNQQalAv8C6ak4UyB_q8/getUpdates "HTTP/1.1 200 OK"
2026-09-09 19:15:05,685 - httpx - INFO - HTTP Request: POST https://api.telegram.org/bot8942164862:AAEGbX-FW5J1ymTcNQQalAv8C6ak4UyB_q8/getUpdates "HTTP/1.1 200 OK"
2026-09-09 19:15:15,800 - httpx - INFO - HTTP Request: POST https://api.telegram.org/bot8942164862:AAEGbX-FW5J1ymTcNQQalAv8C6ak4UyB_q8/getUpdates "HTTP/1.1 200 OK"
2026-09-09 19:15:25,919 - httpx - INFO - HTTP Request: POST https://api.telegram.org/bot8942164862:AAEGbX-FW5J1ymTcNQQalAv8C6ak4UyB_q8/getUpdates "HTTP/1.1 200 OK"
2026-09-09 19:15:36,075 - httpx - INFO - HTTP Request: POST https://api.telegram.org/bot8942164862:AAEGbX-FW5J1ymTcNQQalAv8C6ak4UyB_q8/getUpdates "HTTP/1.1 200 OK"
2026-09-09 19:15:46,213 - httpx - INFO - HTTP Request: POST https://api.telegram.org/bot8942164862:AAEGbX-FW5J1ymTcNQQalAv8C6ak4UyB_q8/getUpdates "HTTP/1.1 200 OK"
2026-09-09 19:15:56,330 - httpx - INFO - HTTP Request: POST https://api.telegram.org/bot8942164862:AAEGbX-FW5J1ymTcNQQalAv8C6ak4UyB_q8/getUpdates "HTTP/1.1 200 OK"
2026-09-09 19:16:06,436 - httpx - INFO - HTTP Request: POST https://api.telegram.org/bot8942164862:AAEGbX-FW5J1ymTcNQQalAv8C6ak4UyB_q8/getUpdates "HTTP/1.1 200 OK"
2026-09-09 19:16:16,632 - httpx - INFO - HTTP Request: POST https://api.telegram.org/bot8942164862:AAEGbX-FW5J1ymTcNQQalAv8C6ak4UyB_q8/getUpdates "HTTP/1.1 200 OK"
2026-09-09 19:16:26,742 - httpx - INFO - HTTP Request: POST https://api.telegram.org/bot8942164862:AAEGbX-FW5J1ymTcNQQalAv8C6ak4UyB_q8/getUpdates "HTTP/1.1 200 OK"
2026-09-09 19:16:36,896 - httpx - INFO - HTTP Request: POST https://api.telegram.org/bot8942164862:AAEGbX-FW5J1ymTcNQQalAv8C6ak4UyB_q8/getUpdates "HTTP/1.1 200 OK"
2026-09-09 19:16:47,004 - httpx - INFO - HTTP Request: POST https://api.telegram.org/bot8942164862:AAEGbX-FW5J1ymTcNQQalAv8C6ak4UyB_q8/getUpdates "HTTP/1.1 200 OK"
2026-09-09 19:16:57,113 - httpx - INFO - HTTP Request: POST https://api.telegram.org/bot8942164862:AAEGbX-FW5J1ymTcNQQalAv8C6ak4UyB_q8/getUpdates "HTTP/1.1 200 OK"
2026-09-09 19:17:07,309 - httpx - INFO - HTTP Request: POST https://api.telegram.org/bot8942164862:AAEGbX-FW5J1ymTcNQQalAv8C6ak4UyB_q8/getUpdates "HTTP/1.1 200 OK"
2026-09-09 19:17:17,413 - httpx - INFO - HTTP Request: POST https://api.telegram.org/bot8942164862:AAEGbX-FW5J1ymTcNQQalAv8C6ak4UyB_q8/getUpdates "HTTP/1.1 200 OK"
2026-09-09 19:17:27,584 - httpx - INFO - HTTP Request: POST https://api.telegram.org/bot8942164862:AAEGbX-FW5J1ymTcNQQalAv8C6ak4UyB_q8/getUpdates "HTTP/1.1 200 OK"
2026-09-09 19:17:37,734 - httpx - INFO - HTTP Request: POST https://api.telegram.org/bot8942164862:AAEGbX-FW5J1ymTcNQQalAv8C6ak4UyB_q8/getUpdates "HTTP/1.1 200 OK"
2026-09-09 19:17:47,875 - httpx - INFO - HTTP Request: POST https://api.telegram.org/bot8942164862:AAEGbX-FW5J1ymTcNQQalAv8C6ak4UyB_q8/getUpdates "HTTP/1.1 200 OK"
2026-09-09 19:17:58,105 - httpx - INFO - HTTP Request: POST https://api.telegram.org/bot8942164862:AAEGbX-FW5J1ymTcNQQalAv8C6ak4UyB_q8/getUpdates "HTTP/1.1 200 OK"
2026-09-09 19:18:08,213 - httpx - INFO - HTTP Request: POST https://api.telegram.org/bot8942164862:AAEGbX-FW5J1ymTcNQQalAv8C6ak4UyB_q8/getUpdates "HTTP/1.1 200 OK"
2026-09-09 19:18:18,323 - httpx - INFO - HTTP Request: POST https://api.telegram.org/bot8942164862:AAEGbX-FW5J1ymTcNQQalAv8C6ak4UyB_q8/getUpdates "HTTP/1.1 200 OK"
2026-09-09 19:18:28,523 - httpx - INFO - HTTP Request: POST https://api.telegram.org/bot8942164862:AAEGbX-FW5J1ymTcNQQalAv8C6ak4UyB_q8/getUpdates "HTTP/1.1 200 OK"
2026-09-09 19:18:38,627 - httpx - INFO - HTTP Request: POST https://api.telegram.org/bot8942164862:AAEGbX-FW5J1ymTcNQQalAv8C6ak4UyB_q8/getUpdates "HTTP/1.1 200 OK"
2026-09-09 19:18:48,731 - httpx - INFO - HTTP Request: POST https://api.telegram.org/bot8942164862:AAEGbX-FW5J1ymTcNQQalAv8C6ak4UyB_q8/getUpdates "HTTP/1.1 200 OK"
2026-09-09 19:18:58,845 - httpx - INFO - HTTP Request: POST https://api.telegram.org/bot8942164862:AAEGbX-FW5J1ymTcNQQalAv8C6ak4UyB_q8/getUpdates "HTTP/1.1 200 OK"
2026-09-09 19:19:08,949 - httpx - INFO - HTTP Request: POST https://api.telegram.org/bot8942164862:AAEGbX-FW5J1ymTcNQQalAv8C6ak4UyB_q8/getUpdates "HTTP/1.1 200 OK"
2026-09-09 19:19:19,060 - httpx - INFO - HTTP Request: POST https://api.telegram.org/bot8942164862:AAEGbX-FW5J1ymTcNQQalAv8C6ak4UyB_q8/getUpdates "HTTP/1.1 200 OK"
2026-09-09 19:19:29,164 - httpx - INFO - HTTP Request: POST https://api.telegram.org/bot8942164862:AAEGbX-FW5J1ymTcNQQalAv8C6ak4UyB_q8/getUpdates "HTTP/1.1 200 OK"
2026-09-09 19:19:39,298 - httpx - INFO - HTTP Request: POST https://api.telegram.org/bot8942164862:AAEGbX-FW5J1ymTcNQQalAv8C6ak4UyB_q8/getUpdates "HTTP/1.1 200 OK"
2026-09-09 19:19:49,403 - httpx - INFO - HTTP Request: POST https://api.telegram.org/bot8942164862:AAEGbX-FW5J1ymTcNQQalAv8C6ak4UyB_q8/getUpdates "HTTP/1.1 200 OK"
2026-09-09 19:19:59,656 - httpx - INFO - HTTP Request: POST https://api.telegram.org/bot8942164862:AAEGbX-FW5J1ymTcNQQalAv8C6ak4UyB_q8/getUpdates "HTTP/1.1 200 OK"
2026-09-09 19:20:09,788 - httpx - INFO - HTTP Request: POST https://api.telegram.org/bot8942164862:AAEGbX-FW5J1ymTcNQQalAv8C6ak4UyB_q8/getUpdates "HTTP/1.1 200 OK"
2026-09-09 19:20:19,896 - httpx - INFO - HTTP Request: POST https://api.telegram.org/bot8942164862:AAEGbX-FW5J1ymTcNQQalAv8C6ak4UyB_q8/getUpdates "HTTP/1.1 200 OK"
2026-09-09 19:20:30,063 - httpx - INFO - HTTP Request: POST https://api.telegram.org/bot8942164862:AAEGbX-FW5J1ymTcNQQalAv8C6ak4UyB_q8/getUpdates "HTTP/1.1 200 OK"
2026-09-09 19:20:40,325 - httpx - INFO - HTTP Request: POST https://api.telegram.org/bot8942164862:AAEGbX-FW5J1ymTcNQQalAv8C6ak4UyB_q8/getUpdates "HTTP/1.1 200 OK"
2026-09-09 19:20:50,446 - httpx - INFO - HTTP Request: POST https://api.telegram.org/bot8942164862:AAEGbX-FW5J1ymTcNQQalAv8C6ak4UyB_q8/getUpdates "HTTP/1.1 200 OK"
2026-09-09 19:21:00,550 - httpx - INFO - HTTP Request: POST https://api.telegram.org/bot8942164862:AAEGbX-FW5J1ymTcNQQalAv8C6ak4UyB_q8/getUpdates "HTTP/1.1 200 OK"
2026-09-09 19:21:10,664 - httpx - INFO - HTTP Request: POST https://api.telegram.org/bot8942164862:AAEGbX-FW5J1ymTcNQQalAv8C6ak4UyB_q8/getUpdates "HTTP/1.1 200 OK"
2026-09-09 19:21:20,766 - httpx - INFO - HTTP Request: POST https://api.telegram.org/bot8942164862:AAEGbX-FW5J1ymTcNQQalAv8C6ak4UyB_q8/getUpdates "HTTP/1.1 200 OK"
2026-09-09 19:21:30,868 - httpx - INFO - HTTP Request: POST https://api.telegram.org/bot8942164862:AAEGbX-FW5J1ymTcNQQalAv8C6ak4UyB_q8/getUpdates "HTTP/1.1 200 OK"
2026-09-09 19:21:40,981 - httpx - INFO - HTTP Request: POST https://api.telegram.org/bot8942164862:AAEGbX-FW5J1ymTcNQQalAv8C6ak4UyB_q8/getUpdates "HTTP/1.1 200 OK"
2026-09-09 19:21:51,090 - httpx - INFO - HTTP Request: POST https://api.telegram.org/bot8942164862:AAEGbX-FW5J1ymTcNQQalAv8C6ak4UyB_q8/getUpdates "HTTP/1.1 200 OK"
2026-09-09 19:22:01,204 - httpx - INFO - HTTP Request: POST https://api.telegram.org/bot8942164862:AAEGbX-FW5J1ymTcNQQalAv8C6ak4UyB_q8/getUpdates "HTTP/1.1 200 OK"
2026-09-09 19:22:11,352 - httpx - INFO - HTTP Request: POST https://api.telegram.org/bot8942164862:AAEGbX-FW5J1ymTcNQQalAv8C6ak4UyB_q8/getUpdates "HTTP/1.1 200 OK"
2026-09-09 19:22:21,587 - httpx - INFO - HTTP Request: POST https://api.telegram.org/bot8942164862:AAEGbX-FW5J1ymTcNQQalAv8C6ak4UyB_q8/getUpdates "HTTP/1.1 200 OK"
2026-09-09 19:22:31,705 - httpx - INFO - HTTP Request: POST https://api.telegram.org/bot8942164862:AAEGbX-FW5J1ymTcNQQalAv8C6ak4UyB_q8/getUpdates "HTTP/1.1 200 OK"
2026-09-09 19:22:41,894 - httpx - INFO - HTTP Request: POST https://api.telegram.org/bot8942164862:AAEGbX-FW5J1ymTcNQQalAv8C6ak4UyB_q8/getUpdates "HTTP/1.1 200 OK"
2026-09-09 19:22:52,008 - httpx - INFO - HTTP Request: POST https://api.telegram.org/bot8942164862:AAEGbX-FW5J1ymTcNQQalAv8C6ak4UyB_q8/getUpdates "HTTP/1.1 200 OK"
2026-09-09 19:23:02,114 - httpx - INFO - HTTP Request: POST https://api.telegram.org/bot8942164862:AAEGbX-FW5J1ymTcNQQalAv8C6ak4UyB_q8/getUpdates "HTTP/1.1 200 OK"
2026-09-09 19:23:12,229 - httpx - INFO - HTTP Request: POST https://api.telegram.org/bot8942164862:AAEGbX-FW5J1ymTcNQQalAv8C6ak4UyB_q8/getUpdates "HTTP/1.1 200 OK"
2026-09-09 19:23:22,408 - httpx - INFO - HTTP Request: POST https://api.telegram.org/bot8942164862:AAEGbX-FW5J1ymTcNQQalAv8C6ak4UyB_q8/getUpdates "HTTP/1.1 200 OK"
2026-09-09 19:23:32,515 - httpx - INFO - HTTP Request: POST https://api.telegram.org/bot8942164862:AAEGbX-FW5J1ymTcNQQalAv8C6ak4UyB_q8/getUpdates "HTTP/1.1 200 OK"
2026-09-09 19:23:42,621 - httpx - INFO - HTTP Request: POST https://api.telegram.org/bot8942164862:AAEGbX-FW5J1ymTcNQQalAv8C6ak4UyB_q8/getUpdates "HTTP/1.1 200 OK"
2026-09-09 19:23:52,733 - httpx - INFO - HTTP Request: POST https://api.telegram.org/bot8942164862:AAEGbX-FW5J1ymTcNQQalAv8C6ak4UyB_q8/getUpdates "HTTP/1.1 200 OK"
2026-09-09 19:24:02,917 - httpx - INFO - HTTP Request: POST https://api.telegram.org/bot8942164862:AAEGbX-FW5J1ymTcNQQalAv8C6ak4UyB_q8/getUpdates "HTTP/1.1 200 OK"
2026-09-09 19:24:13,019 - httpx - INFO - HTTP Request: POST https://api.telegram.org/bot8942164862:AAEGbX-FW5J1ymTcNQQalAv8C6ak4UyB_q8/getUpdates "HTTP/1.1 200 OK"
2026-09-09 19:24:23,239 - httpx - INFO - HTTP Request: POST https://api.telegram.org/bot8942164862:AAEGbX-FW5J1ymTcNQQalAv8C6ak4UyB_q8/getUpdates "HTTP/1.1 200 OK"
2026-09-09 19:24:33,344 - httpx - INFO - HTTP Request: POST https://api.telegram.org/bot8942164862:AAEGbX-FW5J1ymTcNQQalAv8C6ak4UyB_q8/getUpdates "HTTP/1.1 200 OK"
2026-09-09 19:24:43,444 - httpx - INFO - HTTP Request: POST https://api.telegram.org/bot8942164862:AAEGbX-FW5J1ymTcNQQalAv8C6ak4UyB_q8/getUpdates "HTTP/1.1 200 OK"
2026-09-09 19:24:53,550 - httpx - INFO - HTTP Request: POST https://api.telegram.org/bot8942164862:AAEGbX-FW5J1ymTcNQQalAv8C6ak4UyB_q8/getUpdates "HTTP/1.1 200 OK"
2026-09-09 19:25:03,682 - httpx - INFO - HTTP Request: POST https://api.telegram.org/bot8942164862:AAEGbX-FW5J1ymTcNQQalAv8C6ak4UyB_q8/getUpdates "HTTP/1.1 200 OK"
2026-09-09 19:25:13,820 - httpx - INFO - HTTP Request: POST https://api.telegram.org/bot8942164862:AAEGbX-FW5J1ymTcNQQalAv8C6ak4UyB_q8/getUpdates "HTTP/1.1 200 OK"
2026-09-09 19:25:23,925 - httpx - INFO - HTTP Request: POST https://api.telegram.org/bot8942164862:AAEGbX-FW5J1ymTcNQQalAv8C6ak4UyB_q8/getUpdates "HTTP/1.1 200 OK"
2026-09-09 19:25:34,034 - httpx - INFO - HTTP Request: POST https://api.telegram.org/bot8942164862:AAEGbX-FW5J1ymTcNQQalAv8C6ak4UyB_q8/getUpdates "HTTP/1.1 200 OK"
2026-09-09 19:25:44,142 - httpx - INFO - HTTP Request: POST https://api.telegram.org/bot8942164862:AAEGbX-FW5J1ymTcNQQalAv8C6ak4UyB_q8/getUpdates "HTTP/1.1 200 OK"
2026-09-09 19:25:54,250 - httpx - INFO - HTTP Request: POST https://api.telegram.org/bot8942164862:AAEGbX-FW5J1ymTcNQQalAv8C6ak4UyB_q8/getUpdates "HTTP/1.1 200 OK"
2026-09-09 19:26:04,363 - httpx - INFO - HTTP Request: POST https://api.telegram.org/bot8942164862:AAEGbX-FW5J1ymTcNQQalAv8C6ak4UyB_q8/getUpdates "HTTP/1.1 200 OK"
2026-09-09 19:26:14,470 - httpx - INFO - HTTP Request: POST https://api.telegram.org/bot8942164862:AAEGbX-FW5J1ymTcNQQalAv8C6ak4UyB_q8/getUpdates "HTTP/1.1 200 OK"
2026-09-09 19:26:24,691 - httpx - INFO - HTTP Request: POST https://api.telegram.org/bot8942164862:AAEGbX-FW5J1ymTcNQQalAv8C6ak4UyB_q8/getUpdates "HTTP/1.1 200 OK"
2026-09-09 19:26:34,802 - httpx - INFO - HTTP Request: POST https://api.telegram.org/bot8942164862:AAEGbX-FW5J1ymTcNQQalAv8C6ak4UyB_q8/getUpdates "HTTP/1.1 200 OK"
2026-09-09 19:26:44,915 - httpx - INFO - HTTP Request: POST https://api.telegram.org/bot8942164862:AAEGbX-FW5J1ymTcNQQalAv8C6ak4UyB_q8/getUpdates "HTTP/1.1 200 OK"
2026-09-09 19:26:55,094 - httpx - INFO - HTTP Request: POST https://api.telegram.org/bot8942164862:AAEGbX-FW5J1ymTcNQQalAv8C6ak4UyB_q8/getUpdates "HTTP/1.1 200 OK"
2026-09-09 19:27:05,200 - httpx - INFO - HTTP Request: POST https://api.telegram.org/bot8942164862:AAEGbX-FW5J1ymTcNQQalAv8C6ak4UyB_q8/getUpdates "HTTP/1.1 200 OK"
2026-09-09 19:27:15,503 - httpx - INFO - HTTP Request: POST https://api.telegram.org/bot8942164862:AAEGbX-FW5J1ymTcNQQalAv8C6ak4UyB_q8/getUpdates "HTTP/1.1 200 OK"
2026-09-09 19:27:25,651 - httpx - INFO - HTTP Request: POST https://api.telegram.org/bot8942164862:AAEGbX-FW5J1ymTcNQQalAv8C6ak4UyB_q8/getUpdates "HTTP/1.1 200 OK"
2026-09-09 19:27:35,762 - httpx - INFO - HTTP Request: POST https://api.telegram.org/bot8942164862:AAEGbX-FW5J1ymTcNQQalAv8C6ak4UyB_q8/getUpdates "HTTP/1.1 200 OK"
2026-09-09 19:27:45,873 - httpx - INFO - HTTP Request: POST https://api.telegram.org/bot8942164862:AAEGbX-FW5J1ymTcNQQalAv8C6ak4UyB_q8/getUpdates "HTTP/1.1 200 OK"
2026-09-09 19:27:55,991 - httpx - INFO - HTTP Request: POST https://api.telegram.org/bot8942164862:AAEGbX-FW5J1ymTcNQQalAv8C6ak4UyB_q8/getUpdates "HTTP/1.1 200 OK"
2026-09-09 19:28:06,160 - httpx - INFO - HTTP Request: POST https://api.telegram.org/bot8942164862:AAEGbX-FW5J1ymTcNQQalAv8C6ak4UyB_q8/getUpdates "HTTP/1.1 200 OK"
2026-09-09 19:28:16,415 - httpx - INFO - HTTP Request: POST https://api.telegram.org/bot8942164862:AAEGbX-FW5J1ymTcNQQalAv8C6ak4UyB_q8/getUpdates "HTTP/1.1 200 OK"
2026-09-09 19:28:26,518 - httpx - INFO - HTTP Request: POST https://api.telegram.org/bot8942164862:AAEGbX-FW5J1ymTcNQQalAv8C6ak4UyB_q8/getUpdates "HTTP/1.1 200 OK"
2026-09-09 19:28:36,635 - httpx - INFO - HTTP Request: POST https://api.telegram.org/bot8942164862:AAEGbX-FW5J1ymTcNQQalAv8C6ak4UyB_q8/getUpdates "HTTP/1.1 200 OK"
2026-09-09 19:28:46,813 - httpx - INFO - HTTP Request: POST https://api.telegram.org/bot8942164862:AAEGbX-FW5J1ymTcNQQalAv8C6ak4UyB_q8/getUpdates "HTTP/1.1 200 OK"
2026-09-09 19:28:56,950 - httpx - INFO - HTTP Request: POST https://api.telegram.org/bot8942164862:AAEGbX-FW5J1ymTcNQQalAv8C6ak4UyB_q8/getUpdates "HTTP/1.1 200 OK"
2026-09-09 19:29:07,056 - httpx - INFO - HTTP Request: POST https://api.telegram.org/bot8942164862:AAEGbX-FW5J1ymTcNQQalAv8C6ak4UyB_q8/getUpdates "HTTP/1.1 200 OK"
2026-09-09 19:29:14,252 - httpx - INFO - HTTP Request: POST https://api.telegram.org/bot8942164862:AAEGbX-FW5J1ymTcNQQalAv8C6ak4UyB_q8/getUpdates "HTTP/1.1 200 OK"
2026-09-09 19:29:24,379 - httpx - INFO - HTTP Request: POST https://api.telegram.org/bot8942164862:AAEGbX-FW5J1ymTcNQQalAv8C6ak4UyB_q8/getUpdates "HTTP/1.1 200 OK"
2026-09-09 19:29:34,499 - httpx - INFO - HTTP Request: POST https://api.telegram.org/bot8942164862:AAEGbX-FW5J1ymTcNQQalAv8C6ak4UyB_q8/getUpdates "HTTP/1.1 200 OK"
2026-09-09 19:29:45,582 - httpx - INFO - HTTP Request: POST https://api.telegram.org/bot8942164862:AAEGbX-FW5J1ymTcNQQalAv8C6ak4UyB_q8/getUpdates "HTTP/1.1 200 OK"
2026-09-09 19:29:57,164 - httpx - INFO - HTTP Request: POST https://api.telegram.org/bot8942164862:AAEGbX-FW5J1ymTcNQQalAv8C6ak4UyB_q8/getUpdates "HTTP/1.1 200 OK"
2026-09-09 19:30:07,283 - httpx - INFO - HTTP Request: POST https://api.telegram.org/bot8942164862:AAEGbX-FW5J1ymTcNQQalAv8C6ak4UyB_q8/getUpdates "HTTP/1.1 200 OK"
2026-09-09 19:30:17,383 - httpx - INFO - HTTP Request: POST https://api.telegram.org/bot8942164862:AAEGbX-FW5J1ymTcNQQalAv8C6ak4UyB_q8/getUpdates "HTTP/1.1 200 OK"
2026-09-09 19:30:27,498 - httpx - INFO - HTTP Request: POST https://api.telegram.org/bot8942164862:AAEGbX-FW5J1ymTcNQQalAv8C6ak4UyB_q8/getUpdates "HTTP/1.1 200 OK"
2026-09-09 19:30:37,611 - httpx - INFO - HTTP Request: POST https://api.telegram.org/bot8942164862:AAEGbX-FW5J1ymTcNQQalAv8C6ak4UyB_q8/getUpdates "HTTP/1.1 200 OK"
2026-09-09 19:30:47,758 - httpx - INFO - HTTP Request: POST https://api.telegram.org/bot8942164862:AAEGbX-FW5J1ymTcNQQalAv8C6ak4UyB_q8/getUpdates "HTTP/1.1 200 OK"
2026-09-09 19:30:57,893 - httpx - INFO - HTTP Request: POST https://api.telegram.org/bot8942164862:AAEGbX-FW5J1ymTcNQQalAv8C6ak4UyB_q8/getUpdates "HTTP/1.1 200 OK"
2026-09-09 19:31:08,131 - httpx - INFO - HTTP Request: POST https://api.telegram.org/bot8942164862:AAEGbX-FW5J1ymTcNQQalAv8C6ak4UyB_q8/getUpdates "HTTP/1.1 200 OK"
2026-09-09 19:31:18,243 - httpx - INFO - HTTP Request: POST https://api.telegram.org/bot8942164862:AAEGbX-FW5J1ymTcNQQalAv8C6ak4UyB_q8/getUpdates "HTTP/1.1 200 OK"
2026-09-09 19:31:28,338 - httpx - INFO - HTTP Request: POST https://api.telegram.org/bot8942164862:AAEGbX-FW5J1ymTcNQQalAv8C6ak4UyB_q8/getUpdates "HTTP/1.1 200 OK"
2026-09-09 19:31:38,446 - httpx - INFO - HTTP Request: POST https://api.telegram.org/bot8942164862:AAEGbX-FW5J1ymTcNQQalAv8C6ak4UyB_q8/getUpdates "HTTP/1.1 200 OK"
2026-09-09 19:31:48,984 - httpx - INFO - HTTP Request: POST https://api.telegram.org/bot8942164862:AAEGbX-FW5J1ymTcNQQalAv8C6ak4UyB_q8/getUpdates "HTTP/1.1 200 OK"
2026-09-09 19:31:59,107 - httpx - INFO - HTTP Request: POST https://api.telegram.org/bot8942164862:AAEGbX-FW5J1ymTcNQQalAv8C6ak4UyB_q8/getUpdates "HTTP/1.1 200 OK"
2026-09-09 19:32:09,220 - httpx - INFO - HTTP Request: POST https://api.telegram.org/bot8942164862:AAEGbX-FW5J1ymTcNQQalAv8C6ak4UyB_q8/getUpdates "HTTP/1.1 200 OK"
2026-09-09 19:32:20,189 - httpx - INFO - HTTP Request: POST https://api.telegram.org/bot8942164862:AAEGbX-FW5J1ymTcNQQalAv8C6ak4UyB_q8/getUpdates "HTTP/1.1 200 OK"
2026-09-09 19:32:30,348 - httpx - INFO - HTTP Request: POST https://api.telegram.org/bot8942164862:AAEGbX-FW5J1ymTcNQQalAv8C6ak4UyB_q8/getUpdates "HTTP/1.1 200 OK"
2026-09-09 19:32:40,469 - httpx - INFO - HTTP Request: POST https://api.telegram.org/bot8942164862:AAEGbX-FW5J1ymTcNQQalAv8C6ak4UyB_q8/getUpdates "HTTP/1.1 200 OK"
2026-09-09 19:32:50,572 - httpx - INFO - HTTP Request: POST https://api.telegram.org/bot8942164862:AAEGbX-FW5J1ymTcNQQalAv8C6ak4UyB_q8/getUpdates "HTTP/1.1 200 OK"
2026-09-09 19:33:00,762 - httpx - INFO - HTTP Request: POST https://api.telegram.org/bot8942164862:AAEGbX-FW5J1ymTcNQQalAv8C6ak4UyB_q8/getUpdates "HTTP/1.1 200 OK"
2026-09-09 19:33:10,863 - httpx - INFO - HTTP Request: POST https://api.telegram.org/bot8942164862:AAEGbX-FW5J1ymTcNQQalAv8C6ak4UyB_q8/getUpdates "HTTP/1.1 200 OK"
2026-09-09 19:33:20,966 - httpx - INFO - HTTP Request: POST https://api.telegram.org/bot8942164862:AAEGbX-FW5J1ymTcNQQalAv8C6ak4UyB_q8/getUpdates "HTTP/1.1 200 OK"
2026-09-09 19:33:31,077 - httpx - INFO - HTTP Request: POST https://api.telegram.org/bot8942164862:AAEGbX-FW5J1ymTcNQQalAv8C6ak4UyB_q8/getUpdates "HTTP/1.1 200 OK"
2026-09-09 19:33:41,240 - httpx - INFO - HTTP Request: POST https://api.telegram.org/bot8942164862:AAEGbX-FW5J1ymTcNQQalAv8C6ak4UyB_q8/getUpdates "HTTP/1.1 200 OK"
2026-09-09 19:33:51,355 - httpx - INFO - HTTP Request: POST https://api.telegram.org/bot8942164862:AAEGbX-FW5J1ymTcNQQalAv8C6ak4UyB_q8/getUpdates "HTTP/1.1 200 OK"
2026-09-09 19:34:01,467 - httpx - INFO - HTTP Request: POST https://api.telegram.org/bot8942164862:AAEGbX-FW5J1ymTcNQQalAv8C6ak4UyB_q8/getUpdates "HTTP/1.1 200 OK"
2026-09-09 19:34:11,837 - httpx - INFO - HTTP Request: POST https://api.telegram.org/bot8942164862:AAEGbX-FW5J1ymTcNQQalAv8C6ak4UyB_q8/getUpdates "HTTP/1.1 200 OK"
2026-09-09 19:34:22,079 - httpx - INFO - HTTP Request: POST https://api.telegram.org/bot8942164862:AAEGbX-FW5J1ymTcNQQalAv8C6ak4UyB_q8/getUpdates "HTTP/1.1 200 OK"
2026-09-09 19:34:32,180 - httpx - INFO - HTTP Request: POST https://api.telegram.org/bot8942164862:AAEGbX-FW5J1ymTcNQQalAv8C6ak4UyB_q8/getUpdates "HTTP/1.1 200 OK"
2026-09-09 19:34:42,353 - httpx - INFO - HTTP Request: POST https://api.telegram.org/bot8942164862:AAEGbX-FW5J1ymTcNQQalAv8C6ak4UyB_q8/getUpdates "HTTP/1.1 200 OK"
2026-09-09 19:34:52,497 - httpx - INFO - HTTP Request: POST https://api.telegram.org/bot8942164862:AAEGbX-FW5J1ymTcNQQalAv8C6ak4UyB_q8/getUpdates "HTTP/1.1 200 OK"
2026-09-09 19:35:02,602 - httpx - INFO - HTTP Request: POST https://api.telegram.org/bot8942164862:AAEGbX-FW5J1ymTcNQQalAv8C6ak4UyB_q8/getUpdates "HTTP/1.1 200 OK"
2026-09-09 19:35:12,761 - httpx - INFO - HTTP Request: POST https://api.telegram.org/bot8942164862:AAEGbX-FW5J1ymTcNQQalAv8C6ak4UyB_q8/getUpdates "HTTP/1.1 200 OK"
2026-09-09 19:35:22,916 - httpx - INFO - HTTP Request: POST https://api.telegram.org/bot8942164862:AAEGbX-FW5J1ymTcNQQalAv8C6ak4UyB_q8/getUpdates "HTTP/1.1 200 OK"
2026-09-09 19:35:33,037 - httpx - INFO - HTTP Request: POST https://api.telegram.org/bot8942164862:AAEGbX-FW5J1ymTcNQQalAv8C6ak4UyB_q8/getUpdates "HTTP/1.1 200 OK"
2026-09-09 19:35:43,170 - httpx - INFO - HTTP Request: POST https://api.telegram.org/bot8942164862:AAEGbX-FW5J1ymTcNQQalAv8C6ak4UyB_q8/getUpdates "HTTP/1.1 200 OK"
2026-09-09 19:35:53,272 - httpx - INFO - HTTP Request: POST https://api.telegram.org/bot8942164862:AAEGbX-FW5J1ymTcNQQalAv8C6ak4UyB_q8/getUpdates "HTTP/1.1 200 OK"
2026-09-09 19:36:03,382 - httpx - INFO - HTTP Request: POST https://api.telegram.org/bot8942164862:AAEGbX-FW5J1ymTcNQQalAv8C6ak4UyB_q8/getUpdates "HTTP/1.1 200 OK"
2026-09-09 19:36:13,486 - httpx - INFO - HTTP Request: POST https://api.telegram.org/bot8942164862:AAEGbX-FW5J1ymTcNQQalAv8C6ak4UyB_q8/getUpdates "HTTP/1.1 200 OK"
2026-09-09 19:36:23,733 - httpx - INFO - HTTP Request: POST https://api.telegram.org/bot8942164862:AAEGbX-FW5J1ymTcNQQalAv8C6ak4UyB_q8/getUpdates "HTTP/1.1 200 OK"
2026-09-09 19:36:33,867 - httpx - INFO - HTTP Request: POST https://api.telegram.org/bot8942164862:AAEGbX-FW5J1ymTcNQQalAv8C6ak4UyB_q8/getUpdates "HTTP/1.1 200 OK"
2026-09-09 19:36:43,977 - httpx - INFO - HTTP Request: POST https://api.telegram.org/bot8942164862:AAEGbX-FW5J1ymTcNQQalAv8C6ak4UyB_q8/getUpdates "HTTP/1.1 200 OK"
2026-09-09 19:36:54,142 - httpx - INFO - HTTP Request: POST https://api.telegram.org/bot8942164862:AAEGbX-FW5J1ymTcNQQalAv8C6ak4UyB_q8/getUpdates "HTTP/1.1 200 OK"
2026-09-09 19:37:04,275 - httpx - INFO - HTTP Request: POST https://api.telegram.org/bot8942164862:AAEGbX-FW5J1ymTcNQQalAv8C6ak4UyB_q8/getUpdates "HTTP/1.1 200 OK"
2026-09-09 19:37:14,503 - httpx - INFO - HTTP Request: POST https://api.telegram.org/bot8942164862:AAEGbX-FW5J1ymTcNQQalAv8C6ak4UyB_q8/getUpdates "HTTP/1.1 200 OK"
2026-09-09 19:37:24,608 - httpx - INFO - HTTP Request: POST https://api.telegram.org/bot8942164862:AAEGbX-FW5J1ymTcNQQalAv8C6ak4UyB_q8/getUpdates "HTTP/1.1 200 OK"
2026-09-09 19:37:34,806 - httpx - INFO - HTTP Request: POST https://api.telegram.org/bot8942164862:AAEGbX-FW5J1ymTcNQQalAv8C6ak4UyB_q8/getUpdates "HTTP/1.1 200 OK"
2026-09-09 19:37:44,910 - httpx - INFO - HTTP Request: POST https://api.telegram.org/bot8942164862:AAEGbX-FW5J1ymTcNQQalAv8C6ak4UyB_q8/getUpdates "HTTP/1.1 200 OK"
2026-09-09 19:37:55,021 - httpx - INFO - HTTP Request: POST https://api.telegram.org/bot8942164862:AAEGbX-FW5J1ymTcNQQalAv8C6ak4UyB_q8/getUpdates "HTTP/1.1 200 OK"
2026-09-09 19:38:05,153 - httpx - INFO - HTTP Request: POST https://api.telegram.org/bot8942164862:AAEGbX-FW5J1ymTcNQQalAv8C6ak4UyB_q8/getUpdates "HTTP/1.1 200 OK"
2026-09-09 19:38:15,346 - httpx - INFO - HTTP Request: POST https://api.telegram.org/bot8942164862:AAEGbX-FW5J1ymTcNQQalAv8C6ak4UyB_q8/getUpdates "HTTP/1.1 200 OK"
2026-09-09 19:38:25,479 - httpx - INFO - HTTP Request: POST https://api.telegram.org/bot8942164862:AAEGbX-FW5J1ymTcNQQalAv8C6ak4UyB_q8/getUpdates "HTTP/1.1 200 OK"
2026-09-09 19:38:35,622 - httpx - INFO - HTTP Request: POST https://api.telegram.org/bot8942164862:AAEGbX-FW5J1ymTcNQQalAv8C6ak4UyB_q8/getUpdates "HTTP/1.1 200 OK"
2026-09-09 19:38:45,810 - httpx - INFO - HTTP Request: POST https://api.telegram.org/bot8942164862:AAEGbX-FW5J1ymTcNQQalAv8C6ak4UyB_q8/getUpdates "HTTP/1.1 200 OK"
2026-09-09 19:38:55,994 - httpx - INFO - HTTP Request: POST https://api.telegram.org/bot8942164862:AAEGbX-FW5J1ymTcNQQalAv8C6ak4UyB_q8/getUpdates "HTTP/1.1 200 OK"
2026-09-09 19:39:06,140 - httpx - INFO - HTTP Request: POST https://api.telegram.org/bot8942164862:AAEGbX-FW5J1ymTcNQQalAv8C6ak4UyB_q8/getUpdates "HTTP/1.1 200 OK"
2026-09-09 19:39:16,270 - httpx - INFO - HTTP Request: POST https://api.telegram.org/bot8942164862:AAEGbX-FW5J1ymTcNQQalAv8C6ak4UyB_q8/getUpdates "HTTP/1.1 200 OK"
2026-09-09 19:39:26,422 - httpx - INFO - HTTP Request: POST https://api.telegram.org/bot8942164862:AAEGbX-FW5J1ymTcNQQalAv8C6ak4UyB_q8/getUpdates "HTTP/1.1 200 OK"
2026-09-09 19:39:36,545 - httpx - INFO - HTTP Request: POST https://api.telegram.org/bot8942164862:AAEGbX-FW5J1ymTcNQQalAv8C6ak4UyB_q8/getUpdates "HTTP/1.1 200 OK"
2026-09-09 19:39:46,664 - httpx - INFO - HTTP Request: POST https://api.telegram.org/bot8942164862:AAEGbX-FW5J1ymTcNQQalAv8C6ak4UyB_q8/getUpdates "HTTP/1.1 200 OK"
2026-09-09 19:39:56,768 - httpx - INFO - HTTP Request: POST https://api.telegram.org/bot8942164862:AAEGbX-FW5J1ymTcNQQalAv8C6ak4UyB_q8/getUpdates "HTTP/1.1 200 OK"
2026-09-09 19:40:06,880 - httpx - INFO - HTTP Request: POST https://api.telegram.org/bot8942164862:AAEGbX-FW5J1ymTcNQQalAv8C6ak4UyB_q8/getUpdates "HTTP/1.1 200 OK"
2026-09-09 19:40:16,987 - httpx - INFO - HTTP Request: POST https://api.telegram.org/bot8942164862:AAEGbX-FW5J1ymTcNQQalAv8C6ak4UyB_q8/getUpdates "HTTP/1.1 200 OK"
2026-09-09 19:40:27,098 - httpx - INFO - HTTP Request: POST https://api.telegram.org/bot8942164862:AAEGbX-FW5J1ymTcNQQalAv8C6ak4UyB_q8/getUpdates "HTTP/1.1 200 OK"
2026-09-09 19:40:37,203 - httpx - INFO - HTTP Request: POST https://api.telegram.org/bot8942164862:AAEGbX-FW5J1ymTcNQQalAv8C6ak4UyB_q8/getUpdates "HTTP/1.1 200 OK"
2026-09-09 19:40:47,315 - httpx - INFO - HTTP Request: POST https://api.telegram.org/bot8942164862:AAEGbX-FW5J1ymTcNQQalAv8C6ak4UyB_q8/getUpdates "HTTP/1.1 200 OK"
2026-09-09 19:40:57,446 - httpx - INFO - HTTP Request: POST https://api.telegram.org/bot8942164862:AAEGbX-FW5J1ymTcNQQalAv8C6ak4UyB_q8/getUpdates "HTTP/1.1 200 OK"
2026-09-09 19:41:07,579 - httpx - INFO - HTTP Request: POST https://api.telegram.org/bot8942164862:AAEGbX-FW5J1ymTcNQQalAv8C6ak4UyB_q8/getUpdates "HTTP/1.1 200 OK"
2026-09-09 19:41:17,684 - httpx - INFO - HTTP Request: POST https://api.telegram.org/bot8942164862:AAEGbX-FW5J1ymTcNQQalAv8C6ak4UyB_q8/getUpdates "HTTP/1.1 200 OK"
2026-09-09 19:41:27,854 - httpx - INFO - HTTP Request: POST https://api.telegram.org/bot8942164862:AAEGbX-FW5J1ymTcNQQalAv8C6ak4UyB_q8/getUpdates "HTTP/1.1 200 OK"
2026-09-09 19:41:37,964 - httpx - INFO - HTTP Request: POST https://api.telegram.org/bot8942164862:AAEGbX-FW5J1ymTcNQQalAv8C6ak4UyB_q8/getUpdates "HTTP/1.1 200 OK"
2026-09-09 19:41:48,129 - httpx - INFO - HTTP Request: POST https://api.telegram.org/bot8942164862:AAEGbX-FW5J1ymTcNQQalAv8C6ak4UyB_q8/getUpdates "HTTP/1.1 200 OK"
2026-09-09 19:41:58,241 - httpx - INFO - HTTP Request: POST https://api.telegram.org/bot8942164862:AAEGbX-FW5J1ymTcNQQalAv8C6ak4UyB_q8/getUpdates "HTTP/1.1 200 OK"
2026-09-09 19:42:08,405 - httpx - INFO - HTTP Request: POST https://api.telegram.org/bot8942164862:AAEGbX-FW5J1ymTcNQQalAv8C6ak4UyB_q8/getUpdates "HTTP/1.1 200 OK"
2026-09-09 19:42:18,516 - httpx - INFO - HTTP Request: POST https://api.telegram.org/bot8942164862:AAEGbX-FW5J1ymTcNQQalAv8C6ak4UyB_q8/getUpdates "HTTP/1.1 200 OK"
2026-09-09 19:42:28,619 - httpx - INFO - HTTP Request: POST https://api.telegram.org/bot8942164862:AAEGbX-FW5J1ymTcNQQalAv8C6ak4UyB_q8/getUpdates "HTTP/1.1 200 OK"
2026-09-09 19:42:38,823 - httpx - INFO - HTTP Request: POST https://api.telegram.org/bot8942164862:AAEGbX-FW5J1ymTcNQQalAv8C6ak4UyB_q8/getUpdates "HTTP/1.1 200 OK"
2026-09-09 19:42:48,956 - httpx - INFO - HTTP Request: POST https://api.telegram.org/bot8942164862:AAEGbX-FW5J1ymTcNQQalAv8C6ak4UyB_q8/getUpdates "HTTP/1.1 200 OK"
2026-09-09 19:42:59,064 - httpx - INFO - HTTP Request: POST https://api.telegram.org/bot8942164862:AAEGbX-FW5J1ymTcNQQalAv8C6ak4UyB_q8/getUpdates "HTTP/1.1 200 OK"
2026-09-09 19:43:09,236 - httpx - INFO - HTTP Request: POST https://api.telegram.org/bot8942164862:AAEGbX-FW5J1ymTcNQQalAv8C6ak4UyB_q8/getUpdates "HTTP/1.1 200 OK"
2026-09-09 19:43:19,369 - httpx - INFO - HTTP Request: POST https://api.telegram.org/bot8942164862:AAEGbX-FW5J1ymTcNQQalAv8C6ak4UyB_q8/getUpdates "HTTP/1.1 200 OK"
2026-09-09 19:43:29,475 - httpx - INFO - HTTP Request: POST https://api.telegram.org/bot8942164862:AAEGbX-FW5J1ymTcNQQalAv8C6ak4UyB_q8/getUpdates "HTTP/1.1 200 OK"
2026-09-09 19:43:39,580 - httpx - INFO - HTTP Request: POST https://api.telegram.org/bot8942164862:AAEGbX-FW5J1ymTcNQQalAv8C6ak4UyB_q8/getUpdates "HTTP/1.1 200 OK"
2026-09-09 19:43:49,776 - httpx - INFO - HTTP Request: POST https://api.telegram.org/bot8942164862:AAEGbX-FW5J1ymTcNQQalAv8C6ak4UyB_q8/getUpdates "HTTP/1.1 200 OK"
2026-09-09 19:43:59,877 - httpx - INFO - HTTP Request: POST https://api.telegram.org/bot8942164862:AAEGbX-FW5J1ymTcNQQalAv8C6ak4UyB_q8/getUpdates "HTTP/1.1 200 OK"
2026-09-09 19:44:09,977 - httpx - INFO - HTTP Request: POST https://api.telegram.org/bot8942164862:AAEGbX-FW5J1ymTcNQQalAv8C6ak4UyB_q8/getUpdates "HTTP/1.1 200 OK"
2026-09-09 19:44:20,092 - httpx - INFO - HTTP Request: POST https://api.telegram.org/bot8942164862:AAEGbX-FW5J1ymTcNQQalAv8C6ak4UyB_q8/getUpdates "HTTP/1.1 200 OK"
2026-09-09 19:44:30,191 - httpx - INFO - HTTP Request: POST https://api.telegram.org/bot8942164862:AAEGbX-FW5J1ymTcNQQalAv8C6ak4UyB_q8/getUpdates "HTTP/1.1 200 OK"
2026-09-09 19:44:40,368 - httpx - INFO - HTTP Request: POST https://api.telegram.org/bot8942164862:AAEGbX-FW5J1ymTcNQQalAv8C6ak4UyB_q8/getUpdates "HTTP/1.1 200 OK"
2026-09-09 19:44:50,467 - httpx - INFO - HTTP Request: POST https://api.telegram.org/bot8942164862:AAEGbX-FW5J1ymTcNQQalAv8C6ak4UyB_q8/getUpdates "HTTP/1.1 200 OK"
2026-09-09 19:45:00,638 - httpx - INFO - HTTP Request: POST https://api.telegram.org/bot8942164862:AAEGbX-FW5J1ymTcNQQalAv8C6ak4UyB_q8/getUpdates "HTTP/1.1 200 OK"
2026-09-09 19:45:10,736 - httpx - INFO - HTTP Request: POST https://api.telegram.org/bot8942164862:AAEGbX-FW5J1ymTcNQQalAv8C6ak4UyB_q8/getUpdates "HTTP/1.1 200 OK"
2026-09-09 19:45:20,913 - httpx - INFO - HTTP Request: POST https://api.telegram.org/bot8942164862:AAEGbX-FW5J1ymTcNQQalAv8C6ak4UyB_q8/getUpdates "HTTP/1.1 200 OK"
2026-09-09 19:45:31,013 - httpx - INFO - HTTP Request: POST https://api.telegram.org/bot8942164862:AAEGbX-FW5J1ymTcNQQalAv8C6ak4UyB_q8/getUpdates "HTTP/1.1 200 OK"
2026-09-09 19:45:41,195 - httpx - INFO - HTTP Request: POST https://api.telegram.org/bot8942164862:AAEGbX-FW5J1ymTcNQQalAv8C6ak4UyB_q8/getUpdates "HTTP/1.1 200 OK"
2026-09-09 19:45:51,327 - httpx - INFO - HTTP Request: POST https://api.telegram.org/bot8942164862:AAEGbX-FW5J1ymTcNQQalAv8C6ak4UyB_q8/getUpdates "HTTP/1.1 200 OK"
2026-09-09 19:46:01,464 - httpx - INFO - HTTP Request: POST https://api.telegram.org/bot8942164862:AAEGbX-FW5J1ymTcNQQalAv8C6ak4UyB_q8/getUpdates "HTTP/1.1 200 OK"
2026-09-09 19:46:11,601 - httpx - INFO - HTTP Request: POST https://api.telegram.org/bot8942164862:AAEGbX-FW5J1ymTcNQQalAv8C6ak4UyB_q8/getUpdates "HTTP/1.1 200 OK"
2026-09-09 19:46:21,704 - httpx - INFO - HTTP Request: POST https://api.telegram.org/bot8942164862:AAEGbX-FW5J1ymTcNQQalAv8C6ak4UyB_q8/getUpdates "HTTP/1.1 200 OK"
2026-09-09 19:46:31,877 - httpx - INFO - HTTP Request: POST https://api.telegram.org/bot8942164862:AAEGbX-FW5J1ymTcNQQalAv8C6ak4UyB_q8/getUpdates "HTTP/1.1 200 OK"
2026-09-09 19:46:42,014 - httpx - INFO - HTTP Request: POST https://api.telegram.org/bot8942164862:AAEGbX-FW5J1ymTcNQQalAv8C6ak4UyB_q8/getUpdates "HTTP/1.1 200 OK"
2026-09-09 19:46:52,157 - httpx - INFO - HTTP Request: POST https://api.telegram.org/bot8942164862:AAEGbX-FW5J1ymTcNQQalAv8C6ak4UyB_q8/getUpdates "HTTP/1.1 200 OK"
2026-09-09 19:47:02,290 - httpx - INFO - HTTP Request: POST https://api.telegram.org/bot8942164862:AAEGbX-FW5J1ymTcNQQalAv8C6ak4UyB_q8/getUpdates "HTTP/1.1 200 OK"
2026-09-09 19:47:12,427 - httpx - INFO - HTTP Request: POST https://api.telegram.org/bot8942164862:AAEGbX-FW5J1ymTcNQQalAv8C6ak4UyB_q8/getUpdates "HTTP/1.1 200 OK"
2026-09-09 19:47:22,565 - httpx - INFO - HTTP Request: POST https://api.telegram.org/bot8942164862:AAEGbX-FW5J1ymTcNQQalAv8C6ak4UyB_q8/getUpdates "HTTP/1.1 200 OK"
2026-09-09 19:47:32,665 - httpx - INFO - HTTP Request: POST https://api.telegram.org/bot8942164862:AAEGbX-FW5J1ymTcNQQalAv8C6ak4UyB_q8/getUpdates "HTTP/1.1 200 OK"
2026-09-09 19:47:42,763 - httpx - INFO - HTTP Request: POST https://api.telegram.org/bot8942164862:AAEGbX-FW5J1ymTcNQQalAv8C6ak4UyB_q8/getUpdates "HTTP/1.1 200 OK"
2026-09-09 19:47:52,893 - httpx - INFO - HTTP Request: POST https://api.telegram.org/bot8942164862:AAEGbX-FW5J1ymTcNQQalAv8C6ak4UyB_q8/getUpdates "HTTP/1.1 200 OK"
2026-09-09 19:48:03,003 - httpx - INFO - HTTP Request: POST https://api.telegram.org/bot8942164862:AAEGbX-FW5J1ymTcNQQalAv8C6ak4UyB_q8/getUpdates "HTTP/1.1 200 OK"
2026-09-09 19:48:13,151 - httpx - INFO - HTTP Request: POST https://api.telegram.org/bot8942164862:AAEGbX-FW5J1ymTcNQQalAv8C6ak4UyB_q8/getUpdates "HTTP/1.1 200 OK"
2026-09-09 19:48:23,289 - httpx - INFO - HTTP Request: POST https://api.telegram.org/bot8942164862:AAEGbX-FW5J1ymTcNQQalAv8C6ak4UyB_q8/getUpdates "HTTP/1.1 200 OK"
2026-09-09 19:48:48,676 - httpx - INFO - HTTP Request: POST https://api.telegram.org/bot8942164862:AAEGbX-FW5J1ymTcNQQalAv8C6ak4UyB_q8/getUpdates "HTTP/1.1 200 OK"
2026-09-09 19:48:58,823 - httpx - INFO - HTTP Request: POST https://api.telegram.org/bot8942164862:AAEGbX-FW5J1ymTcNQQalAv8C6ak4UyB_q8/getUpdates "HTTP/1.1 200 OK"
2026-09-09 19:49:08,960 - httpx - INFO - HTTP Request: POST https://api.telegram.org/bot8942164862:AAEGbX-FW5J1ymTcNQQalAv8C6ak4UyB_q8/getUpdates "HTTP/1.1 200 OK"
2026-09-09 19:49:19,205 - httpx - INFO - HTTP Request: POST https://api.telegram.org/bot8942164862:AAEGbX-FW5J1ymTcNQQalAv8C6ak4UyB_q8/getUpdates "HTTP/1.1 200 OK"
2026-09-09 19:49:29,327 - httpx - INFO - HTTP Request: POST https://api.telegram.org/bot8942164862:AAEGbX-FW5J1ymTcNQQalAv8C6ak4UyB_q8/getUpdates "HTTP/1.1 200 OK"
2026-09-09 19:49:39,430 - httpx - INFO - HTTP Request: POST https://api.telegram.org/bot8942164862:AAEGbX-FW5J1ymTcNQQalAv8C6ak4UyB_q8/getUpdates "HTTP/1.1 200 OK"
2026-09-09 19:49:49,612 - httpx - INFO - HTTP Request: POST https://api.telegram.org/bot8942164862:AAEGbX-FW5J1ymTcNQQalAv8C6ak4UyB_q8/getUpdates "HTTP/1.1 200 OK"
2026-09-09 19:49:59,727 - httpx - INFO - HTTP Request: POST https://api.telegram.org/bot8942164862:AAEGbX-FW5J1ymTcNQQalAv8C6ak4UyB_q8/getUpdates "HTTP/1.1 200 OK"
2026-09-09 19:50:09,830 - httpx - INFO - HTTP Request: POST https://api.telegram.org/bot8942164862:AAEGbX-FW5J1ymTcNQQalAv8C6ak4UyB_q8/getUpdates "HTTP/1.1 200 OK"
2026-09-09 19:50:20,031 - httpx - INFO - HTTP Request: POST https://api.telegram.org/bot8942164862:AAEGbX-FW5J1ymTcNQQalAv8C6ak4UyB_q8/getUpdates "HTTP/1.1 200 OK"
2026-09-09 19:50:30,135 - httpx - INFO - HTTP Request: POST https://api.telegram.org/bot8942164862:AAEGbX-FW5J1ymTcNQQalAv8C6ak4UyB_q8/getUpdates "HTTP/1.1 200 OK"
2026-09-09 19:50:40,238 - httpx - INFO - HTTP Request: POST https://api.telegram.org/bot8942164862:AAEGbX-FW5J1ymTcNQQalAv8C6ak4UyB_q8/getUpdates "HTTP/1.1 200 OK"
2026-09-09 19:50:50,378 - httpx - INFO - HTTP Request: POST https://api.telegram.org/bot8942164862:AAEGbX-FW5J1ymTcNQQalAv8C6ak4UyB_q8/getUpdates "HTTP/1.1 200 OK"
2026-09-09 19:51:00,581 - httpx - INFO - HTTP Request: POST https://api.telegram.org/bot8942164862:AAEGbX-FW5J1ymTcNQQalAv8C6ak4UyB_q8/getUpdates "HTTP/1.1 200 OK"
2026-09-09 19:51:10,714 - httpx - INFO - HTTP Request: POST https://api.telegram.org/bot8942164862:AAEGbX-FW5J1ymTcNQQalAv8C6ak4UyB_q8/getUpdates "HTTP/1.1 200 OK"
2026-09-09 19:51:20,854 - httpx - INFO - HTTP Request: POST https://api.telegram.org/bot8942164862:AAEGbX-FW5J1ymTcNQQalAv8C6ak4UyB_q8/getUpdates "HTTP/1.1 200 OK"
2026-09-09 19:51:30,959 - httpx - INFO - HTTP Request: POST https://api.telegram.org/bot8942164862:AAEGbX-FW5J1ymTcNQQalAv8C6ak4UyB_q8/getUpdates "HTTP/1.1 200 OK"
2026-09-09 19:51:41,129 - httpx - INFO - HTTP Request: POST https://api.telegram.org/bot8942164862:AAEGbX-FW5J1ymTcNQQalAv8C6ak4UyB_q8/getUpdates "HTTP/1.1 200 OK"
2026-09-09 19:51:51,253 - httpx - INFO - HTTP Request: POST https://api.telegram.org/bot8942164862:AAEGbX-FW5J1ymTcNQQalAv8C6ak4UyB_q8/getUpdates "HTTP/1.1 200 OK"
2026-09-09 19:52:01,361 - httpx - INFO - HTTP Request: POST https://api.telegram.org/bot8942164862:AAEGbX-FW5J1ymTcNQQalAv8C6ak4UyB_q8/getUpdates "HTTP/1.1 200 OK"
2026-09-09 19:52:11,470 - httpx - INFO - HTTP Request: POST https://api.telegram.org/bot8942164862:AAEGbX-FW5J1ymTcNQQalAv8C6ak4UyB_q8/getUpdates "HTTP/1.1 200 OK"
2026-09-09 19:52:21,587 - httpx - INFO - HTTP Request: POST https://api.telegram.org/bot8942164862:AAEGbX-FW5J1ymTcNQQalAv8C6ak4UyB_q8/getUpdates "HTTP/1.1 200 OK"
2026-09-09 19:52:31,713 - httpx - INFO - HTTP Request: POST https://api.telegram.org/bot8942164862:AAEGbX-FW5J1ymTcNQQalAv8C6ak4UyB_q8/getUpdates "HTTP/1.1 200 OK"
2026-09-09 19:52:41,886 - httpx - INFO - HTTP Request: POST https://api.telegram.org/bot8942164862:AAEGbX-FW5J1ymTcNQQalAv8C6ak4UyB_q8/getUpdates "HTTP/1.1 200 OK"
2026-09-09 19:52:51,995 - httpx - INFO - HTTP Request: POST https://api.telegram.org/bot8942164862:AAEGbX-FW5J1ymTcNQQalAv8C6ak4UyB_q8/getUpdates "HTTP/1.1 200 OK"
2026-09-09 19:53:02,138 - httpx - INFO - HTTP Request: POST https://api.telegram.org/bot8942164862:AAEGbX-FW5J1ymTcNQQalAv8C6ak4UyB_q8/getUpdates "HTTP/1.1 200 OK"
2026-09-09 19:53:12,254 - httpx - INFO - HTTP Request: POST https://api.telegram.org/bot8942164862:AAEGbX-FW5J1ymTcNQQalAv8C6ak4UyB_q8/getUpdates "HTTP/1.1 200 OK"
2026-09-09 19:53:22,372 - httpx - INFO - HTTP Request: POST https://api.telegram.org/bot8942164862:AAEGbX-FW5J1ymTcNQQalAv8C6ak4UyB_q8/getUpdates "HTTP/1.1 200 OK"
2026-09-09 19:53:32,483 - httpx - INFO - HTTP Request: POST https://api.telegram.org/bot8942164862:AAEGbX-FW5J1ymTcNQQalAv8C6ak4UyB_q8/getUpdates "HTTP/1.1 200 OK"
2026-09-09 19:53:42,597 - httpx - INFO - HTTP Request: POST https://api.telegram.org/bot8942164862:AAEGbX-FW5J1ymTcNQQalAv8C6ak4UyB_q8/getUpdates "HTTP/1.1 200 OK"
2026-09-09 19:53:52,712 - httpx - INFO - HTTP Request: POST https://api.telegram.org/bot8942164862:AAEGbX-FW5J1ymTcNQQalAv8C6ak4UyB_q8/getUpdates "HTTP/1.1 200 OK"
2026-09-09 19:54:02,828 - httpx - INFO - HTTP Request: POST https://api.telegram.org/bot8942164862:AAEGbX-FW5J1ymTcNQQalAv8C6ak4UyB_q8/getUpdates "HTTP/1.1 200 OK"
2026-09-09 19:54:12,987 - httpx - INFO - HTTP Request: POST https://api.telegram.org/bot8942164862:AAEGbX-FW5J1ymTcNQQalAv8C6ak4UyB_q8/getUpdates "HTTP/1.1 200 OK"
2026-09-09 19:54:23,126 - httpx - INFO - HTTP Request: POST https://api.telegram.org/bot8942164862:AAEGbX-FW5J1ymTcNQQalAv8C6ak4UyB_q8/getUpdates "HTTP/1.1 200 OK"
2026-09-09 19:54:33,243 - httpx - INFO - HTTP Request: POST https://api.telegram.org/bot8942164862:AAEGbX-FW5J1ymTcNQQalAv8C6ak4UyB_q8/getUpdates "HTTP/1.1 200 OK"
2026-09-09 19:54:43,400 - httpx - INFO - HTTP Request: POST https://api.telegram.org/bot8942164862:AAEGbX-FW5J1ymTcNQQalAv8C6ak4UyB_q8/getUpdates "HTTP/1.1 200 OK"
2026-09-09 19:54:53,504 - httpx - INFO - HTTP Request: POST https://api.telegram.org/bot8942164862:AAEGbX-FW5J1ymTcNQQalAv8C6ak4UyB_q8/getUpdates "HTTP/1.1 200 OK"
2026-09-09 19:55:03,678 - httpx - INFO - HTTP Request: POST https://api.telegram.org/bot8942164862:AAEGbX-FW5J1ymTcNQQalAv8C6ak4UyB_q8/getUpdates "HTTP/1.1 200 OK"
2026-09-09 19:55:13,803 - httpx - INFO - HTTP Request: POST https://api.telegram.org/bot8942164862:AAEGbX-FW5J1ymTcNQQalAv8C6ak4UyB_q8/getUpdates "HTTP/1.1 200 OK"
2026-09-09 19:55:23,912 - httpx - INFO - HTTP Request: POST https://api.telegram.org/bot8942164862:AAEGbX-FW5J1ymTcNQQalAv8C6ak4UyB_q8/getUpdates "HTTP/1.1 200 OK"
2026-09-09 19:55:34,021 - httpx - INFO - HTTP Request: POST https://api.telegram.org/bot8942164862:AAEGbX-FW5J1ymTcNQQalAv8C6ak4UyB_q8/getUpdates "HTTP/1.1 200 OK"
2026-09-09 19:55:44,132 - httpx - INFO - HTTP Request: POST https://api.telegram.org/bot8942164862:AAEGbX-FW5J1ymTcNQQalAv8C6ak4UyB_q8/getUpdates "HTTP/1.1 200 OK"
2026-09-09 19:55:54,238 - httpx - INFO - HTTP Request: POST https://api.telegram.org/bot8942164862:AAEGbX-FW5J1ymTcNQQalAv8C6ak4UyB_q8/getUpdates "HTTP/1.1 200 OK"
2026-09-09 19:56:04,355 - httpx - INFO - HTTP Request: POST https://api.telegram.org/bot8942164862:AAEGbX-FW5J1ymTcNQQalAv8C6ak4UyB_q8/getUpdates "HTTP/1.1 200 OK"
2026-09-09 19:56:14,474 - httpx - INFO - HTTP Request: POST https://api.telegram.org/bot8942164862:AAEGbX-FW5J1ymTcNQQalAv8C6ak4UyB_q8/getUpdates "HTTP/1.1 200 OK"
2026-09-09 19:56:24,591 - httpx - INFO - HTTP Request: POST https://api.telegram.org/bot8942164862:AAEGbX-FW5J1ymTcNQQalAv8C6ak4UyB_q8/getUpdates "HTTP/1.1 200 OK"
2026-09-09 19:56:34,724 - httpx - INFO - HTTP Request: POST https://api.telegram.org/bot8942164862:AAEGbX-FW5J1ymTcNQQalAv8C6ak4UyB_q8/getUpdates "HTTP/1.1 200 OK"
2026-09-09 19:56:44,849 - httpx - INFO - HTTP Request: POST https://api.telegram.org/bot8942164862:AAEGbX-FW5J1ymTcNQQalAv8C6ak4UyB_q8/getUpdates "HTTP/1.1 200 OK"
2026-09-09 19:56:54,985 - httpx - INFO - HTTP Request: POST https://api.telegram.org/bot8942164862:AAEGbX-FW5J1ymTcNQQalAv8C6ak4UyB_q8/getUpdates "HTTP/1.1 200 OK"
2026-09-09 19:57:05,128 - httpx - INFO - HTTP Request: POST https://api.telegram.org/bot8942164862:AAEGbX-FW5J1ymTcNQQalAv8C6ak4UyB_q8/getUpdates "HTTP/1.1 200 OK"
2026-09-09 19:57:15,264 - httpx - INFO - HTTP Request: POST https://api.telegram.org/bot8942164862:AAEGbX-FW5J1ymTcNQQalAv8C6ak4UyB_q8/getUpdates "HTTP/1.1 200 OK"
2026-09-09 19:57:25,375 - httpx - INFO - HTTP Request: POST https://api.telegram.org/bot8942164862:AAEGbX-FW5J1ymTcNQQalAv8C6ak4UyB_q8/getUpdates "HTTP/1.1 200 OK"
2026-09-09 19:57:35,488 - httpx - INFO - HTTP Request: POST https://api.telegram.org/bot8942164862:AAEGbX-FW5J1ymTcNQQalAv8C6ak4UyB_q8/getUpdates "HTTP/1.1 200 OK"
2026-09-09 19:57:45,594 - httpx - INFO - HTTP Request: POST https://api.telegram.org/bot8942164862:AAEGbX-FW5J1ymTcNQQalAv8C6ak4UyB_q8/getUpdates "HTTP/1.1 200 OK"
2026-09-09 19:57:55,701 - httpx - INFO - HTTP Request: POST https://api.telegram.org/bot8942164862:AAEGbX-FW5J1ymTcNQQalAv8C6ak4UyB_q8/getUpdates "HTTP/1.1 200 OK"
2026-09-09 19:58:05,815 - httpx - INFO - HTTP Request: POST https://api.telegram.org/bot8942164862:AAEGbX-FW5J1ymTcNQQalAv8C6ak4UyB_q8/getUpdates "HTTP/1.1 200 OK"
2026-09-09 19:58:15,984 - httpx - INFO - HTTP Request: POST https://api.telegram.org/bot8942164862:AAEGbX-FW5J1ymTcNQQalAv8C6ak4UyB_q8/getUpdates "HTTP/1.1 200 OK"
2026-09-09 19:58:26,101 - httpx - INFO - HTTP Request: POST https://api.telegram.org/bot8942164862:AAEGbX-FW5J1ymTcNQQalAv8C6ak4UyB_q8/getUpdates "HTTP/1.1 200 OK"
2026-09-09 19:58:36,208 - httpx - INFO - HTTP Request: POST https://api.telegram.org/bot8942164862:AAEGbX-FW5J1ymTcNQQalAv8C6ak4UyB_q8/getUpdates "HTTP/1.1 200 OK"
2026-09-09 19:58:46,311 - httpx - INFO - HTTP Request: POST https://api.telegram.org/bot8942164862:AAEGbX-FW5J1ymTcNQQalAv8C6ak4UyB_q8/getUpdates "HTTP/1.1 200 OK"
2026-09-09 19:58:56,419 - httpx - INFO - HTTP Request: POST https://api.telegram.org/bot8942164862:AAEGbX-FW5J1ymTcNQQalAv8C6ak4UyB_q8/getUpdates "HTTP/1.1 200 OK"
2026-09-09 19:59:06,530 - httpx - INFO - HTTP Request: POST https://api.telegram.org/bot8942164862:AAEGbX-FW5J1ymTcNQQalAv8C6ak4UyB_q8/getUpdates "HTTP/1.1 200 OK"
2026-09-09 19:59:16,708 - httpx - INFO - HTTP Request: POST https://api.telegram.org/bot8942164862:AAEGbX-FW5J1ymTcNQQalAv8C6ak4UyB_q8/getUpdates "HTTP/1.1 200 OK"
2026-09-09 19:59:26,817 - httpx - INFO - HTTP Request: POST https://api.telegram.org/bot8942164862:AAEGbX-FW5J1ymTcNQQalAv8C6ak4UyB_q8/getUpdates "HTTP/1.1 200 OK"
2026-09-09 19:59:36,983 - httpx - INFO - HTTP Request: POST https://api.telegram.org/bot8942164862:AAEGbX-FW5J1ymTcNQQalAv8C6ak4UyB_q8/getUpdates "HTTP/1.1 200 OK"
2026-09-09 19:59:47,085 - httpx - INFO - HTTP Request: POST https://api.telegram.org/bot8942164862:AAEGbX-FW5J1ymTcNQQalAv8C6ak4UyB_q8/getUpdates "HTTP/1.1 200 OK"
2026-09-09 19:59:57,258 - httpx - INFO - HTTP Request: POST https://api.telegram.org/bot8942164862:AAEGbX-FW5J1ymTcNQQalAv8C6ak4UyB_q8/getUpdates "HTTP/1.1 200 OK"
2026-09-09 20:00:07,371 - httpx - INFO - HTTP Request: POST https://api.telegram.org/bot8942164862:AAEGbX-FW5J1ymTcNQQalAv8C6ak4UyB_q8/getUpdates "HTTP/1.1 200 OK"
2026-09-09 20:00:17,475 - httpx - INFO - HTTP Request: POST https://api.telegram.org/bot8942164862:AAEGbX-FW5J1ymTcNQQalAv8C6ak4UyB_q8/getUpdates "HTTP/1.1 200 OK"
2026-09-09 20:00:27,677 - httpx - INFO - HTTP Request: POST https://api.telegram.org/bot8942164862:AAEGbX-FW5J1ymTcNQQalAv8C6ak4UyB_q8/getUpdates "HTTP/1.1 200 OK"
2026-09-09 20:00:37,809 - httpx - INFO - HTTP Request: POST https://api.telegram.org/bot8942164862:AAEGbX-FW5J1ymTcNQQalAv8C6ak4UyB_q8/getUpdates "HTTP/1.1 200 OK"
2026-09-09 20:00:47,928 - httpx - INFO - HTTP Request: POST https://api.telegram.org/bot8942164862:AAEGbX-FW5J1ymTcNQQalAv8C6ak4UyB_q8/getUpdates "HTTP/1.1 200 OK"
2026-09-09 20:00:58,055 - httpx - INFO - HTTP Request: POST https://api.telegram.org/bot8942164862:AAEGbX-FW5J1ymTcNQQalAv8C6ak4UyB_q8/getUpdates "HTTP/1.1 200 OK"
2026-09-09 20:01:08,227 - httpx - INFO - HTTP Request: POST https://api.telegram.org/bot8942164862:AAEGbX-FW5J1ymTcNQQalAv8C6ak4UyB_q8/getUpdates "HTTP/1.1 200 OK"
2026-09-09 20:01:18,341 - httpx - INFO - HTTP Request: POST https://api.telegram.org/bot8942164862:AAEGbX-FW5J1ymTcNQQalAv8C6ak4UyB_q8/getUpdates "HTTP/1.1 200 OK"
2026-09-09 20:01:28,463 - httpx - INFO - HTTP Request: POST https://api.telegram.org/bot8942164862:AAEGbX-FW5J1ymTcNQQalAv8C6ak4UyB_q8/getUpdates "HTTP/1.1 200 OK"
2026-09-09 20:01:38,637 - httpx - INFO - HTTP Request: POST https://api.telegram.org/bot8942164862:AAEGbX-FW5J1ymTcNQQalAv8C6ak4UyB_q8/getUpdates "HTTP/1.1 200 OK"
2026-09-09 20:01:48,756 - httpx - INFO - HTTP Request: POST https://api.telegram.org/bot8942164862:AAEGbX-FW5J1ymTcNQQalAv8C6ak4UyB_q8/getUpdates "HTTP/1.1 200 OK"
2026-09-09 20:01:56,081 - httpx - INFO - HTTP Request: POST https://api.telegram.org/bot8942164862:AAEGbX-FW5J1ymTcNQQalAv8C6ak4UyB_q8/getUpdates "HTTP/1.1 409 Conflict"
2026-09-09 20:01:56,082 - telegram.ext.Application - ERROR - No error handlers are registered, logging exception.
Traceback (most recent call last):
  File "/home/nozimbek/Downloads/files (2)/.venv/lib/python3.14/site-packages/telegram/ext/_utils/networkloop.py", line 161, in network_retry_loop
    await do_action()
  File "/home/nozimbek/Downloads/files (2)/.venv/lib/python3.14/site-packages/telegram/ext/_utils/networkloop.py", line 154, in do_action
    action_cb_task.result()
    ~~~~~~~~~~~~~~~~~~~~~^^
  File "/home/nozimbek/Downloads/files (2)/.venv/lib/python3.14/site-packages/telegram/ext/_updater.py", line 340, in polling_action_cb
    updates = await self.bot.get_updates(
              ^^^^^^^^^^^^^^^^^^^^^^^^^^^
    ...<3 lines>...
    )
    ^
  File "/home/nozimbek/Downloads/files (2)/.venv/lib/python3.14/site-packages/telegram/ext/_extbot.py", line 680, in get_updates
    updates = await super().get_updates(
              ^^^^^^^^^^^^^^^^^^^^^^^^^^
    ...<9 lines>...
    )
    ^
  File "/home/nozimbek/Downloads/files (2)/.venv/lib/python3.14/site-packages/telegram/_bot.py", line 4767, in get_updates
    await self._post(
    ^^^^^^^^^^^^^^^^^
    ...<7 lines>...
    ),
    ^
  File "/home/nozimbek/Downloads/files (2)/.venv/lib/python3.14/site-packages/telegram/_bot.py", line 712, in _post
    return await self._do_post(
           ^^^^^^^^^^^^^^^^^^^^
    ...<6 lines>...
    )
    ^
  File "/home/nozimbek/Downloads/files (2)/.venv/lib/python3.14/site-packages/telegram/ext/_extbot.py", line 378, in _do_post
    return await super()._do_post(
           ^^^^^^^^^^^^^^^^^^^^^^^
    ...<6 lines>...
    )
    ^
  File "/home/nozimbek/Downloads/files (2)/.venv/lib/python3.14/site-packages/telegram/_bot.py", line 741, in _do_post
    result = await request.post(
             ^^^^^^^^^^^^^^^^^^^
    ...<6 lines>...
    )
    ^
  File "/home/nozimbek/Downloads/files (2)/.venv/lib/python3.14/site-packages/telegram/request/_baserequest.py", line 198, in post
    result = await self._request_wrapper(
             ^^^^^^^^^^^^^^^^^^^^^^^^^^^^
    ...<7 lines>...
    )
    ^
  File "/home/nozimbek/Downloads/files (2)/.venv/lib/python3.14/site-packages/telegram/request/_baserequest.py", line 375, in _request_wrapper
    raise exception
telegram.error.Conflict: Conflict: terminated by other getUpdates request; make sure that only one bot instance is running
2026-09-09 20:02:01,378 - httpx - INFO - HTTP Request: POST https://api.telegram.org/bot8942164862:AAEGbX-FW5J1ymTcNQQalAv8C6ak4UyB_q8/getUpdates "HTTP/1.1 409 Conflict"
2026-09-09 20:02:01,379 - telegram.ext.Application - ERROR - No error handlers are registered, logging exception.
Traceback (most recent call last):
  File "/home/nozimbek/Downloads/files (2)/.venv/lib/python3.14/site-packages/telegram/ext/_utils/networkloop.py", line 161, in network_retry_loop
    await do_action()
  File "/home/nozimbek/Downloads/files (2)/.venv/lib/python3.14/site-packages/telegram/ext/_utils/networkloop.py", line 154, in do_action
    action_cb_task.result()
    ~~~~~~~~~~~~~~~~~~~~~^^
  File "/home/nozimbek/Downloads/files (2)/.venv/lib/python3.14/site-packages/telegram/ext/_updater.py", line 340, in polling_action_cb
    updates = await self.bot.get_updates(
              ^^^^^^^^^^^^^^^^^^^^^^^^^^^
    ...<3 lines>...
    )
    ^
  File "/home/nozimbek/Downloads/files (2)/.venv/lib/python3.14/site-packages/telegram/ext/_extbot.py", line 680, in get_updates
    updates = await super().get_updates(
              ^^^^^^^^^^^^^^^^^^^^^^^^^^
    ...<9 lines>...
    )
    ^
  File "/home/nozimbek/Downloads/files (2)/.venv/lib/python3.14/site-packages/telegram/_bot.py", line 4767, in get_updates
    await self._post(
    ^^^^^^^^^^^^^^^^^
    ...<7 lines>...
    ),
    ^
  File "/home/nozimbek/Downloads/files (2)/.venv/lib/python3.14/site-packages/telegram/_bot.py", line 712, in _post
    return await self._do_post(
           ^^^^^^^^^^^^^^^^^^^^
    ...<6 lines>...
    )
    ^
  File "/home/nozimbek/Downloads/files (2)/.venv/lib/python3.14/site-packages/telegram/ext/_extbot.py", line 378, in _do_post
    return await super()._do_post(
           ^^^^^^^^^^^^^^^^^^^^^^^
    ...<6 lines>...
    )
    ^
  File "/home/nozimbek/Downloads/files (2)/.venv/lib/python3.14/site-packages/telegram/_bot.py", line 741, in _do_post
    result = await request.post(
             ^^^^^^^^^^^^^^^^^^^
    ...<6 lines>...
    )
    ^
  File "/home/nozimbek/Downloads/files (2)/.venv/lib/python3.14/site-packages/telegram/request/_baserequest.py", line 198, in post
    result = await self._request_wrapper(
             ^^^^^^^^^^^^^^^^^^^^^^^^^^^^
    ...<7 lines>...
    )
    ^
  File "/home/nozimbek/Downloads/files (2)/.venv/lib/python3.14/site-packages/telegram/request/_baserequest.py", line 375, in _request_wrapper
    raise exception
telegram.error.Conflict: Conflict: terminated by other getUpdates request; make sure that only one bot instance is running
2026-09-09 20:02:07,646 - httpx - INFO - HTTP Request: POST https://api.telegram.org/bot8942164862:AAEGbX-FW5J1ymTcNQQalAv8C6ak4UyB_q8/getUpdates "HTTP/1.1 409 Conflict"
2026-09-09 20:02:07,648 - telegram.ext.Application - ERROR - No error handlers are registered, logging exception.
Traceback (most recent call last):
  File "/home/nozimbek/Downloads/files (2)/.venv/lib/python3.14/site-packages/telegram/ext/_utils/networkloop.py", line 161, in network_retry_loop
    await do_action()
  File "/home/nozimbek/Downloads/files (2)/.venv/lib/python3.14/site-packages/telegram/ext/_utils/networkloop.py", line 154, in do_action
    action_cb_task.result()
    ~~~~~~~~~~~~~~~~~~~~~^^
  File "/home/nozimbek/Downloads/files (2)/.venv/lib/python3.14/site-packages/telegram/ext/_updater.py", line 340, in polling_action_cb
    updates = await self.bot.get_updates(
              ^^^^^^^^^^^^^^^^^^^^^^^^^^^
    ...<3 lines>...
    )
    ^
  File "/home/nozimbek/Downloads/files (2)/.venv/lib/python3.14/site-packages/telegram/ext/_extbot.py", line 680, in get_updates
    updates = await super().get_updates(
              ^^^^^^^^^^^^^^^^^^^^^^^^^^
    ...<9 lines>...
    )
    ^
  File "/home/nozimbek/Downloads/files (2)/.venv/lib/python3.14/site-packages/telegram/_bot.py", line 4767, in get_updates
    await self._post(
    ^^^^^^^^^^^^^^^^^
    ...<7 lines>...
    ),
    ^
  File "/home/nozimbek/Downloads/files (2)/.venv/lib/python3.14/site-packages/telegram/_bot.py", line 712, in _post
    return await self._do_post(
           ^^^^^^^^^^^^^^^^^^^^
    ...<6 lines>...
    )
    ^
  File "/home/nozimbek/Downloads/files (2)/.venv/lib/python3.14/site-packages/telegram/ext/_extbot.py", line 378, in _do_post
    return await super()._do_post(
           ^^^^^^^^^^^^^^^^^^^^^^^
    ...<6 lines>...
    )
    ^
  File "/home/nozimbek/Downloads/files (2)/.venv/lib/python3.14/site-packages/telegram/_bot.py", line 741, in _do_post
    result = await request.post(
             ^^^^^^^^^^^^^^^^^^^
    ...<6 lines>...
    )
    ^
  File "/home/nozimbek/Downloads/files (2)/.venv/lib/python3.14/site-packages/telegram/request/_baserequest.py", line 198, in post
    result = await self._request_wrapper(
             ^^^^^^^^^^^^^^^^^^^^^^^^^^^^
    ...<7 lines>...
    )
    ^
  File "/home/nozimbek/Downloads/files (2)/.venv/lib/python3.14/site-packages/telegram/request/_baserequest.py", line 375, in _request_wrapper
    raise exception
telegram.error.Conflict: Conflict: terminated by other getUpdates request; make sure that only one bot instance is running
2026-09-09 20:02:15,516 - httpx - INFO - HTTP Request: POST https://api.telegram.org/bot8942164862:AAEGbX-FW5J1ymTcNQQalAv8C6ak4UyB_q8/getUpdates "HTTP/1.1 409 Conflict"
2026-09-09 20:02:15,518 - telegram.ext.Application - ERROR - No error handlers are registered, logging exception.
Traceback (most recent call last):
  File "/home/nozimbek/Downloads/files (2)/.venv/lib/python3.14/site-packages/telegram/ext/_utils/networkloop.py", line 161, in network_retry_loop
    await do_action()
  File "/home/nozimbek/Downloads/files (2)/.venv/lib/python3.14/site-packages/telegram/ext/_utils/networkloop.py", line 154, in do_action
    action_cb_task.result()
    ~~~~~~~~~~~~~~~~~~~~~^^
  File "/home/nozimbek/Downloads/files (2)/.venv/lib/python3.14/site-packages/telegram/ext/_updater.py", line 340, in polling_action_cb
    updates = await self.bot.get_updates(
              ^^^^^^^^^^^^^^^^^^^^^^^^^^^
    ...<3 lines>...
    )
    ^
  File "/home/nozimbek/Downloads/files (2)/.venv/lib/python3.14/site-packages/telegram/ext/_extbot.py", line 680, in get_updates
    updates = await super().get_updates(
              ^^^^^^^^^^^^^^^^^^^^^^^^^^
    ...<9 lines>...
    )
    ^
  File "/home/nozimbek/Downloads/files (2)/.venv/lib/python3.14/site-packages/telegram/_bot.py", line 4767, in get_updates
    await self._post(
    ^^^^^^^^^^^^^^^^^
    ...<7 lines>...
    ),
    ^
  File "/home/nozimbek/Downloads/files (2)/.venv/lib/python3.14/site-packages/telegram/_bot.py", line 712, in _post
    return await self._do_post(
           ^^^^^^^^^^^^^^^^^^^^
    ...<6 lines>...
    )
    ^
  File "/home/nozimbek/Downloads/files (2)/.venv/lib/python3.14/site-packages/telegram/ext/_extbot.py", line 378, in _do_post
    return await super()._do_post(
           ^^^^^^^^^^^^^^^^^^^^^^^
    ...<6 lines>...
    )
    ^
  File "/home/nozimbek/Downloads/files (2)/.venv/lib/python3.14/site-packages/telegram/_bot.py", line 741, in _do_post
    result = await request.post(
             ^^^^^^^^^^^^^^^^^^^
    ...<6 lines>...
    )
    ^
  File "/home/nozimbek/Downloads/files (2)/.venv/lib/python3.14/site-packages/telegram/request/_baserequest.py", line 198, in post
    result = await self._request_wrapper(
             ^^^^^^^^^^^^^^^^^^^^^^^^^^^^
    ...<7 lines>...
    )
    ^
  File "/home/nozimbek/Downloads/files (2)/.venv/lib/python3.14/site-packages/telegram/request/_baserequest.py", line 375, in _request_wrapper
    raise exception
telegram.error.Conflict: Conflict: terminated by other getUpdates request; make sure that only one bot instance is running
2026-09-09 20:02:22,492 - httpx - INFO - HTTP Request: POST https://api.telegram.org/bot8942164862:AAEGbX-FW5J1ymTcNQQalAv8C6ak4UyB_q8/getUpdates "HTTP/1.1 409 Conflict"
2026-09-09 20:02:22,493 - telegram.ext.Application - ERROR - No error handlers are registered, logging exception.
Traceback (most recent call last):
  File "/home/nozimbek/Downloads/files (2)/.venv/lib/python3.14/site-packages/telegram/ext/_utils/networkloop.py", line 161, in network_retry_loop
    await do_action()
  File "/home/nozimbek/Downloads/files (2)/.venv/lib/python3.14/site-packages/telegram/ext/_utils/networkloop.py", line 154, in do_action
    action_cb_task.result()
    ~~~~~~~~~~~~~~~~~~~~~^^
  File "/home/nozimbek/Downloads/files (2)/.venv/lib/python3.14/site-packages/telegram/ext/_updater.py", line 340, in polling_action_cb
    updates = await self.bot.get_updates(
              ^^^^^^^^^^^^^^^^^^^^^^^^^^^
    ...<3 lines>...
    )
    ^
  File "/home/nozimbek/Downloads/files (2)/.venv/lib/python3.14/site-packages/telegram/ext/_extbot.py", line 680, in get_updates
    updates = await super().get_updates(
              ^^^^^^^^^^^^^^^^^^^^^^^^^^
    ...<9 lines>...
    )
    ^
  File "/home/nozimbek/Downloads/files (2)/.venv/lib/python3.14/site-packages/telegram/_bot.py", line 4767, in get_updates
    await self._post(
    ^^^^^^^^^^^^^^^^^
    ...<7 lines>...
    ),
    ^
  File "/home/nozimbek/Downloads/files (2)/.venv/lib/python3.14/site-packages/telegram/_bot.py", line 712, in _post
    return await self._do_post(
           ^^^^^^^^^^^^^^^^^^^^
    ...<6 lines>...
    )
    ^
  File "/home/nozimbek/Downloads/files (2)/.venv/lib/python3.14/site-packages/telegram/ext/_extbot.py", line 378, in _do_post
    return await super()._do_post(
           ^^^^^^^^^^^^^^^^^^^^^^^
    ...<6 lines>...
    )
    ^
  File "/home/nozimbek/Downloads/files (2)/.venv/lib/python3.14/site-packages/telegram/_bot.py", line 741, in _do_post
    result = await request.post(
             ^^^^^^^^^^^^^^^^^^^
    ...<6 lines>...
    )
    ^
  File "/home/nozimbek/Downloads/files (2)/.venv/lib/python3.14/site-packages/telegram/request/_baserequest.py", line 198, in post
    result = await self._request_wrapper(
             ^^^^^^^^^^^^^^^^^^^^^^^^^^^^
    ...<7 lines>...
    )
    ^
  File "/home/nozimbek/Downloads/files (2)/.venv/lib/python3.14/site-packages/telegram/request/_baserequest.py", line 375, in _request_wrapper
    raise exception
telegram.error.Conflict: Conflict: terminated by other getUpdates request; make sure that only one bot instance is running
2026-09-09 20:02:33,542 - httpx - INFO - HTTP Request: POST https://api.telegram.org/bot8942164862:AAEGbX-FW5J1ymTcNQQalAv8C6ak4UyB_q8/getUpdates "HTTP/1.1 409 Conflict"
2026-09-09 20:02:33,543 - telegram.ext.Application - ERROR - No error handlers are registered, logging exception.
Traceback (most recent call last):
  File "/home/nozimbek/Downloads/files (2)/.venv/lib/python3.14/site-packages/telegram/ext/_utils/networkloop.py", line 161, in network_retry_loop
    await do_action()
  File "/home/nozimbek/Downloads/files (2)/.venv/lib/python3.14/site-packages/telegram/ext/_utils/networkloop.py", line 154, in do_action
    action_cb_task.result()
    ~~~~~~~~~~~~~~~~~~~~~^^
  File "/home/nozimbek/Downloads/files (2)/.venv/lib/python3.14/site-packages/telegram/ext/_updater.py", line 340, in polling_action_cb
    updates = await self.bot.get_updates(
              ^^^^^^^^^^^^^^^^^^^^^^^^^^^
    ...<3 lines>...
    )
    ^
  File "/home/nozimbek/Downloads/files (2)/.venv/lib/python3.14/site-packages/telegram/ext/_extbot.py", line 680, in get_updates
    updates = await super().get_updates(
              ^^^^^^^^^^^^^^^^^^^^^^^^^^
    ...<9 lines>...
    )
    ^
  File "/home/nozimbek/Downloads/files (2)/.venv/lib/python3.14/site-packages/telegram/_bot.py", line 4767, in get_updates
    await self._post(
    ^^^^^^^^^^^^^^^^^
    ...<7 lines>...
    ),
    ^
  File "/home/nozimbek/Downloads/files (2)/.venv/lib/python3.14/site-packages/telegram/_bot.py", line 712, in _post
    return await self._do_post(
           ^^^^^^^^^^^^^^^^^^^^
    ...<6 lines>...
    )
    ^
  File "/home/nozimbek/Downloads/files (2)/.venv/lib/python3.14/site-packages/telegram/ext/_extbot.py", line 378, in _do_post
    return await super()._do_post(
           ^^^^^^^^^^^^^^^^^^^^^^^
    ...<6 lines>...
    )
    ^
  File "/home/nozimbek/Downloads/files (2)/.venv/lib/python3.14/site-packages/telegram/_bot.py", line 741, in _do_post
    result = await request.post(
             ^^^^^^^^^^^^^^^^^^^
    ...<6 lines>...
    )
    ^
  File "/home/nozimbek/Downloads/files (2)/.venv/lib/python3.14/site-packages/telegram/request/_baserequest.py", line 198, in post
    result = await self._request_wrapper(
             ^^^^^^^^^^^^^^^^^^^^^^^^^^^^
    ...<7 lines>...
    )
    ^
  File "/home/nozimbek/Downloads/files (2)/.venv/lib/python3.14/site-packages/telegram/request/_baserequest.py", line 375, in _request_wrapper
    raise exception
telegram.error.Conflict: Conflict: terminated by other getUpdates request; make sure that only one bot instance is running
2026-09-09 20:02:49,438 - httpx - INFO - HTTP Request: POST https://api.telegram.org/bot8942164862:AAEGbX-FW5J1ymTcNQQalAv8C6ak4UyB_q8/getUpdates "HTTP/1.1 409 Conflict"
2026-09-09 20:02:49,439 - telegram.ext.Application - ERROR - No error handlers are registered, logging exception.
Traceback (most recent call last):
  File "/home/nozimbek/Downloads/files (2)/.venv/lib/python3.14/site-packages/telegram/ext/_utils/networkloop.py", line 161, in network_retry_loop
    await do_action()
  File "/home/nozimbek/Downloads/files (2)/.venv/lib/python3.14/site-packages/telegram/ext/_utils/networkloop.py", line 154, in do_action
    action_cb_task.result()
    ~~~~~~~~~~~~~~~~~~~~~^^
  File "/home/nozimbek/Downloads/files (2)/.venv/lib/python3.14/site-packages/telegram/ext/_updater.py", line 340, in polling_action_cb
    updates = await self.bot.get_updates(
              ^^^^^^^^^^^^^^^^^^^^^^^^^^^
    ...<3 lines>...
    )
    ^
  File "/home/nozimbek/Downloads/files (2)/.venv/lib/python3.14/site-packages/telegram/ext/_extbot.py", line 680, in get_updates
    updates = await super().get_updates(
              ^^^^^^^^^^^^^^^^^^^^^^^^^^
    ...<9 lines>...
    )
    ^
  File "/home/nozimbek/Downloads/files (2)/.venv/lib/python3.14/site-packages/telegram/_bot.py", line 4767, in get_updates
    await self._post(
    ^^^^^^^^^^^^^^^^^
    ...<7 lines>...
    ),
    ^
  File "/home/nozimbek/Downloads/files (2)/.venv/lib/python3.14/site-packages/telegram/_bot.py", line 712, in _post
    return await self._do_post(
           ^^^^^^^^^^^^^^^^^^^^
    ...<6 lines>...
    )
    ^
  File "/home/nozimbek/Downloads/files (2)/.venv/lib/python3.14/site-packages/telegram/ext/_extbot.py", line 378, in _do_post
    return await super()._do_post(
           ^^^^^^^^^^^^^^^^^^^^^^^
    ...<6 lines>...
    )
    ^
  File "/home/nozimbek/Downloads/files (2)/.venv/lib/python3.14/site-packages/telegram/_bot.py", line 741, in _do_post
    result = await request.post(
             ^^^^^^^^^^^^^^^^^^^
    ...<6 lines>...
    )
    ^
  File "/home/nozimbek/Downloads/files (2)/.venv/lib/python3.14/site-packages/telegram/request/_baserequest.py", line 198, in post
    result = await self._request_wrapper(
             ^^^^^^^^^^^^^^^^^^^^^^^^^^^^
    ...<7 lines>...
    )
    ^
  File "/home/nozimbek/Downloads/files (2)/.venv/lib/python3.14/site-packages/telegram/request/_baserequest.py", line 375, in _request_wrapper
    raise exception
telegram.error.Conflict: Conflict: terminated by other getUpdates request; make sure that only one bot instance is running
2026-09-09 20:03:05,376 - httpx - INFO - HTTP Request: POST https://api.telegram.org/bot8942164862:AAEGbX-FW5J1ymTcNQQalAv8C6ak4UyB_q8/getUpdates "HTTP/1.1 409 Conflict"
2026-09-09 20:03:05,377 - telegram.ext.Application - ERROR - No error handlers are registered, logging exception.
Traceback (most recent call last):
  File "/home/nozimbek/Downloads/files (2)/.venv/lib/python3.14/site-packages/telegram/ext/_utils/networkloop.py", line 161, in network_retry_loop
    await do_action()
  File "/home/nozimbek/Downloads/files (2)/.venv/lib/python3.14/site-packages/telegram/ext/_utils/networkloop.py", line 154, in do_action
    action_cb_task.result()
    ~~~~~~~~~~~~~~~~~~~~~^^
  File "/home/nozimbek/Downloads/files (2)/.venv/lib/python3.14/site-packages/telegram/ext/_updater.py", line 340, in polling_action_cb
    updates = await self.bot.get_updates(
              ^^^^^^^^^^^^^^^^^^^^^^^^^^^
    ...<3 lines>...
    )
    ^
  File "/home/nozimbek/Downloads/files (2)/.venv/lib/python3.14/site-packages/telegram/ext/_extbot.py", line 680, in get_updates
    updates = await super().get_updates(
              ^^^^^^^^^^^^^^^^^^^^^^^^^^
    ...<9 lines>...
    )
    ^
  File "/home/nozimbek/Downloads/files (2)/.venv/lib/python3.14/site-packages/telegram/_bot.py", line 4767, in get_updates
    await self._post(
    ^^^^^^^^^^^^^^^^^
    ...<7 lines>...
    ),
    ^
  File "/home/nozimbek/Downloads/files (2)/.venv/lib/python3.14/site-packages/telegram/_bot.py", line 712, in _post
    return await self._do_post(
           ^^^^^^^^^^^^^^^^^^^^
    ...<6 lines>...
    )
    ^
  File "/home/nozimbek/Downloads/files (2)/.venv/lib/python3.14/site-packages/telegram/ext/_extbot.py", line 378, in _do_post
    return await super()._do_post(
           ^^^^^^^^^^^^^^^^^^^^^^^
    ...<6 lines>...
    )
    ^
  File "/home/nozimbek/Downloads/files (2)/.venv/lib/python3.14/site-packages/telegram/_bot.py", line 741, in _do_post
    result = await request.post(
             ^^^^^^^^^^^^^^^^^^^
    ...<6 lines>...
    )
    ^
  File "/home/nozimbek/Downloads/files (2)/.venv/lib/python3.14/site-packages/telegram/request/_baserequest.py", line 198, in post
    result = await self._request_wrapper(
             ^^^^^^^^^^^^^^^^^^^^^^^^^^^^
    ...<7 lines>...
    )
    ^
  File "/home/nozimbek/Downloads/files (2)/.venv/lib/python3.14/site-packages/telegram/request/_baserequest.py", line 375, in _request_wrapper
    raise exception
telegram.error.Conflict: Conflict: terminated by other getUpdates request; make sure that only one bot instance is running
2026-09-09 20:03:27,005 - httpx - INFO - HTTP Request: POST https://api.telegram.org/bot8942164862:AAEGbX-FW5J1ymTcNQQalAv8C6ak4UyB_q8/getUpdates "HTTP/1.1 409 Conflict"
2026-09-09 20:03:27,006 - telegram.ext.Application - ERROR - No error handlers are registered, logging exception.
Traceback (most recent call last):
  File "/home/nozimbek/Downloads/files (2)/.venv/lib/python3.14/site-packages/telegram/ext/_utils/networkloop.py", line 161, in network_retry_loop
    await do_action()
  File "/home/nozimbek/Downloads/files (2)/.venv/lib/python3.14/site-packages/telegram/ext/_utils/networkloop.py", line 154, in do_action
    action_cb_task.result()
    ~~~~~~~~~~~~~~~~~~~~~^^
  File "/home/nozimbek/Downloads/files (2)/.venv/lib/python3.14/site-packages/telegram/ext/_updater.py", line 340, in polling_action_cb
    updates = await self.bot.get_updates(
              ^^^^^^^^^^^^^^^^^^^^^^^^^^^
    ...<3 lines>...
    )
    ^
  File "/home/nozimbek/Downloads/files (2)/.venv/lib/python3.14/site-packages/telegram/ext/_extbot.py", line 680, in get_updates
    updates = await super().get_updates(
              ^^^^^^^^^^^^^^^^^^^^^^^^^^
    ...<9 lines>...
    )
    ^
  File "/home/nozimbek/Downloads/files (2)/.venv/lib/python3.14/site-packages/telegram/_bot.py", line 4767, in get_updates
    await self._post(
    ^^^^^^^^^^^^^^^^^
    ...<7 lines>...
    ),
    ^
  File "/home/nozimbek/Downloads/files (2)/.venv/lib/python3.14/site-packages/telegram/_bot.py", line 712, in _post
    return await self._do_post(
           ^^^^^^^^^^^^^^^^^^^^
    ...<6 lines>...
    )
    ^
  File "/home/nozimbek/Downloads/files (2)/.venv/lib/python3.14/site-packages/telegram/ext/_extbot.py", line 378, in _do_post
    return await super()._do_post(
           ^^^^^^^^^^^^^^^^^^^^^^^
    ...<6 lines>...
    )
    ^
  File "/home/nozimbek/Downloads/files (2)/.venv/lib/python3.14/site-packages/telegram/_bot.py", line 741, in _do_post
    result = await request.post(
             ^^^^^^^^^^^^^^^^^^^
    ...<6 lines>...
    )
    ^
  File "/home/nozimbek/Downloads/files (2)/.venv/lib/python3.14/site-packages/telegram/request/_baserequest.py", line 198, in post
    result = await self._request_wrapper(
             ^^^^^^^^^^^^^^^^^^^^^^^^^^^^
    ...<7 lines>...
    )
    ^
  File "/home/nozimbek/Downloads/files (2)/.venv/lib/python3.14/site-packages/telegram/request/_baserequest.py", line 375, in _request_wrapper
    raise exception
telegram.error.Conflict: Conflict: terminated by other getUpdates request; make sure that only one bot instance is running
2026-09-09 20:03:57,502 - httpx - INFO - HTTP Request: POST https://api.telegram.org/bot8942164862:AAEGbX-FW5J1ymTcNQQalAv8C6ak4UyB_q8/getUpdates "HTTP/1.1 409 Conflict"
2026-09-09 20:03:57,503 - telegram.ext.Application - ERROR - No error handlers are registered, logging exception.
Traceback (most recent call last):
  File "/home/nozimbek/Downloads/files (2)/.venv/lib/python3.14/site-packages/telegram/ext/_utils/networkloop.py", line 161, in network_retry_loop
    await do_action()
  File "/home/nozimbek/Downloads/files (2)/.venv/lib/python3.14/site-packages/telegram/ext/_utils/networkloop.py", line 154, in do_action
    action_cb_task.result()
    ~~~~~~~~~~~~~~~~~~~~~^^
  File "/home/nozimbek/Downloads/files (2)/.venv/lib/python3.14/site-packages/telegram/ext/_updater.py", line 340, in polling_action_cb
    updates = await self.bot.get_updates(
              ^^^^^^^^^^^^^^^^^^^^^^^^^^^
    ...<3 lines>...
    )
    ^
  File "/home/nozimbek/Downloads/files (2)/.venv/lib/python3.14/site-packages/telegram/ext/_extbot.py", line 680, in get_updates
    updates = await super().get_updates(
              ^^^^^^^^^^^^^^^^^^^^^^^^^^
    ...<9 lines>...
    )
    ^
  File "/home/nozimbek/Downloads/files (2)/.venv/lib/python3.14/site-packages/telegram/_bot.py", line 4767, in get_updates
    await self._post(
    ^^^^^^^^^^^^^^^^^
    ...<7 lines>...
    ),
    ^
  File "/home/nozimbek/Downloads/files (2)/.venv/lib/python3.14/site-packages/telegram/_bot.py", line 712, in _post
    return await self._do_post(
           ^^^^^^^^^^^^^^^^^^^^
    ...<6 lines>...
    )
    ^
  File "/home/nozimbek/Downloads/files (2)/.venv/lib/python3.14/site-packages/telegram/ext/_extbot.py", line 378, in _do_post
    return await super()._do_post(
           ^^^^^^^^^^^^^^^^^^^^^^^
    ...<6 lines>...
    )
    ^
  File "/home/nozimbek/Downloads/files (2)/.venv/lib/python3.14/site-packages/telegram/_bot.py", line 741, in _do_post
    result = await request.post(
             ^^^^^^^^^^^^^^^^^^^
    ...<6 lines>...
    )
    ^
  File "/home/nozimbek/Downloads/files (2)/.venv/lib/python3.14/site-packages/telegram/request/_baserequest.py", line 198, in post
    result = await self._request_wrapper(
             ^^^^^^^^^^^^^^^^^^^^^^^^^^^^
    ...<7 lines>...
    )
    ^
  File "/home/nozimbek/Downloads/files (2)/.venv/lib/python3.14/site-packages/telegram/request/_baserequest.py", line 375, in _request_wrapper
    raise exception
telegram.error.Conflict: Conflict: terminated by other getUpdates request; make sure that only one bot instance is running
2026-09-09 20:04:32,108 - httpx - INFO - HTTP Request: POST https://api.telegram.org/bot8942164862:AAEGbX-FW5J1ymTcNQQalAv8C6ak4UyB_q8/getUpdates "HTTP/1.1 409 Conflict"
2026-09-09 20:04:32,109 - telegram.ext.Application - ERROR - No error handlers are registered, logging exception.
Traceback (most recent call last):
  File "/home/nozimbek/Downloads/files (2)/.venv/lib/python3.14/site-packages/telegram/ext/_utils/networkloop.py", line 161, in network_retry_loop
    await do_action()
  File "/home/nozimbek/Downloads/files (2)/.venv/lib/python3.14/site-packages/telegram/ext/_utils/networkloop.py", line 154, in do_action
    action_cb_task.result()
    ~~~~~~~~~~~~~~~~~~~~~^^
  File "/home/nozimbek/Downloads/files (2)/.venv/lib/python3.14/site-packages/telegram/ext/_updater.py", line 340, in polling_action_cb
    updates = await self.bot.get_updates(
              ^^^^^^^^^^^^^^^^^^^^^^^^^^^
    ...<3 lines>...
    )
    ^
  File "/home/nozimbek/Downloads/files (2)/.venv/lib/python3.14/site-packages/telegram/ext/_extbot.py", line 680, in get_updates
    updates = await super().get_updates(
              ^^^^^^^^^^^^^^^^^^^^^^^^^^
    ...<9 lines>...
    )
    ^
  File "/home/nozimbek/Downloads/files (2)/.venv/lib/python3.14/site-packages/telegram/_bot.py", line 4767, in get_updates
    await self._post(
    ^^^^^^^^^^^^^^^^^
    ...<7 lines>...
    ),
    ^
  File "/home/nozimbek/Downloads/files (2)/.venv/lib/python3.14/site-packages/telegram/_bot.py", line 712, in _post
    return await self._do_post(
           ^^^^^^^^^^^^^^^^^^^^
    ...<6 lines>...
    )
    ^
  File "/home/nozimbek/Downloads/files (2)/.venv/lib/python3.14/site-packages/telegram/ext/_extbot.py", line 378, in _do_post
    return await super()._do_post(
           ^^^^^^^^^^^^^^^^^^^^^^^
    ...<6 lines>...
    )
    ^
  File "/home/nozimbek/Downloads/files (2)/.venv/lib/python3.14/site-packages/telegram/_bot.py", line 741, in _do_post
    result = await request.post(
             ^^^^^^^^^^^^^^^^^^^
    ...<6 lines>...
    )
    ^
  File "/home/nozimbek/Downloads/files (2)/.venv/lib/python3.14/site-packages/telegram/request/_baserequest.py", line 198, in post
    result = await self._request_wrapper(
             ^^^^^^^^^^^^^^^^^^^^^^^^^^^^
    ...<7 lines>...
    )
    ^
  File "/home/nozimbek/Downloads/files (2)/.venv/lib/python3.14/site-packages/telegram/request/_baserequest.py", line 375, in _request_wrapper
    raise exception
telegram.error.Conflict: Conflict: terminated by other getUpdates request; make sure that only one bot instance is running
2026-09-09 20:05:06,599 - httpx - INFO - HTTP Request: POST https://api.telegram.org/bot8942164862:AAEGbX-FW5J1ymTcNQQalAv8C6ak4UyB_q8/getUpdates "HTTP/1.1 409 Conflict"
2026-09-09 20:05:06,601 - telegram.ext.Application - ERROR - No error handlers are registered, logging exception.
Traceback (most recent call last):
  File "/home/nozimbek/Downloads/files (2)/.venv/lib/python3.14/site-packages/telegram/ext/_utils/networkloop.py", line 161, in network_retry_loop
    await do_action()
  File "/home/nozimbek/Downloads/files (2)/.venv/lib/python3.14/site-packages/telegram/ext/_utils/networkloop.py", line 154, in do_action
    action_cb_task.result()
    ~~~~~~~~~~~~~~~~~~~~~^^
  File "/home/nozimbek/Downloads/files (2)/.venv/lib/python3.14/site-packages/telegram/ext/_updater.py", line 340, in polling_action_cb
    updates = await self.bot.get_updates(
              ^^^^^^^^^^^^^^^^^^^^^^^^^^^
    ...<3 lines>...
    )
    ^
  File "/home/nozimbek/Downloads/files (2)/.venv/lib/python3.14/site-packages/telegram/ext/_extbot.py", line 680, in get_updates
    updates = await super().get_updates(
              ^^^^^^^^^^^^^^^^^^^^^^^^^^
    ...<9 lines>...
    )
    ^
  File "/home/nozimbek/Downloads/files (2)/.venv/lib/python3.14/site-packages/telegram/_bot.py", line 4767, in get_updates
    await self._post(
    ^^^^^^^^^^^^^^^^^
    ...<7 lines>...
    ),
    ^
  File "/home/nozimbek/Downloads/files (2)/.venv/lib/python3.14/site-packages/telegram/_bot.py", line 712, in _post
    return await self._do_post(
           ^^^^^^^^^^^^^^^^^^^^
    ...<6 lines>...
    )
    ^
  File "/home/nozimbek/Downloads/files (2)/.venv/lib/python3.14/site-packages/telegram/ext/_extbot.py", line 378, in _do_post
    return await super()._do_post(
           ^^^^^^^^^^^^^^^^^^^^^^^
    ...<6 lines>...
    )
    ^
  File "/home/nozimbek/Downloads/files (2)/.venv/lib/python3.14/site-packages/telegram/_bot.py", line 741, in _do_post
    result = await request.post(
             ^^^^^^^^^^^^^^^^^^^
    ...<6 lines>...
    )
    ^
  File "/home/nozimbek/Downloads/files (2)/.venv/lib/python3.14/site-packages/telegram/request/_baserequest.py", line 198, in post
    result = await self._request_wrapper(
             ^^^^^^^^^^^^^^^^^^^^^^^^^^^^
    ...<7 lines>...
    )
    ^
  File "/home/nozimbek/Downloads/files (2)/.venv/lib/python3.14/site-packages/telegram/request/_baserequest.py", line 375, in _request_wrapper
    raise exception
telegram.error.Conflict: Conflict: terminated by other getUpdates request; make sure that only one bot instance is running
2026-09-09 20:05:41,261 - httpx - INFO - HTTP Request: POST https://api.telegram.org/bot8942164862:AAEGbX-FW5J1ymTcNQQalAv8C6ak4UyB_q8/getUpdates "HTTP/1.1 409 Conflict"
2026-09-09 20:05:41,262 - telegram.ext.Application - ERROR - No error handlers are registered, logging exception.
Traceback (most recent call last):
  File "/home/nozimbek/Downloads/files (2)/.venv/lib/python3.14/site-packages/telegram/ext/_utils/networkloop.py", line 161, in network_retry_loop
    await do_action()
  File "/home/nozimbek/Downloads/files (2)/.venv/lib/python3.14/site-packages/telegram/ext/_utils/networkloop.py", line 154, in do_action
    action_cb_task.result()
    ~~~~~~~~~~~~~~~~~~~~~^^
  File "/home/nozimbek/Downloads/files (2)/.venv/lib/python3.14/site-packages/telegram/ext/_updater.py", line 340, in polling_action_cb
    updates = await self.bot.get_updates(
              ^^^^^^^^^^^^^^^^^^^^^^^^^^^
    ...<3 lines>...
    )
    ^
  File "/home/nozimbek/Downloads/files (2)/.venv/lib/python3.14/site-packages/telegram/ext/_extbot.py", line 680, in get_updates
    updates = await super().get_updates(
              ^^^^^^^^^^^^^^^^^^^^^^^^^^
    ...<9 lines>...
    )
    ^
  File "/home/nozimbek/Downloads/files (2)/.venv/lib/python3.14/site-packages/telegram/_bot.py", line 4767, in get_updates
    await self._post(
    ^^^^^^^^^^^^^^^^^
    ...<7 lines>...
    ),
    ^
  File "/home/nozimbek/Downloads/files (2)/.venv/lib/python3.14/site-packages/telegram/_bot.py", line 712, in _post
    return await self._do_post(
           ^^^^^^^^^^^^^^^^^^^^
    ...<6 lines>...
    )
    ^
  File "/home/nozimbek/Downloads/files (2)/.venv/lib/python3.14/site-packages/telegram/ext/_extbot.py", line 378, in _do_post
    return await super()._do_post(
           ^^^^^^^^^^^^^^^^^^^^^^^
    ...<6 lines>...
    )
    ^
  File "/home/nozimbek/Downloads/files (2)/.venv/lib/python3.14/site-packages/telegram/_bot.py", line 741, in _do_post
    result = await request.post(
             ^^^^^^^^^^^^^^^^^^^
    ...<6 lines>...
    )
    ^
  File "/home/nozimbek/Downloads/files (2)/.venv/lib/python3.14/site-packages/telegram/request/_baserequest.py", line 198, in post
    result = await self._request_wrapper(
             ^^^^^^^^^^^^^^^^^^^^^^^^^^^^
    ...<7 lines>...
    )
    ^
  File "/home/nozimbek/Downloads/files (2)/.venv/lib/python3.14/site-packages/telegram/request/_baserequest.py", line 375, in _request_wrapper
    raise exception
telegram.error.Conflict: Conflict: terminated by other getUpdates request; make sure that only one bot instance is running
2026-09-09 20:06:15,808 - httpx - INFO - HTTP Request: POST https://api.telegram.org/bot8942164862:AAEGbX-FW5J1ymTcNQQalAv8C6ak4UyB_q8/getUpdates "HTTP/1.1 409 Conflict"
2026-09-09 20:06:15,808 - telegram.ext.Application - ERROR - No error handlers are registered, logging exception.
Traceback (most recent call last):
  File "/home/nozimbek/Downloads/files (2)/.venv/lib/python3.14/site-packages/telegram/ext/_utils/networkloop.py", line 161, in network_retry_loop
    await do_action()
  File "/home/nozimbek/Downloads/files (2)/.venv/lib/python3.14/site-packages/telegram/ext/_utils/networkloop.py", line 154, in do_action
    action_cb_task.result()
    ~~~~~~~~~~~~~~~~~~~~~^^
  File "/home/nozimbek/Downloads/files (2)/.venv/lib/python3.14/site-packages/telegram/ext/_updater.py", line 340, in polling_action_cb
    updates = await self.bot.get_updates(
              ^^^^^^^^^^^^^^^^^^^^^^^^^^^
    ...<3 lines>...
    )
    ^
  File "/home/nozimbek/Downloads/files (2)/.venv/lib/python3.14/site-packages/telegram/ext/_extbot.py", line 680, in get_updates
    updates = await super().get_updates(
              ^^^^^^^^^^^^^^^^^^^^^^^^^^
    ...<9 lines>...
    )
    ^
  File "/home/nozimbek/Downloads/files (2)/.venv/lib/python3.14/site-packages/telegram/_bot.py", line 4767, in get_updates
    await self._post(
    ^^^^^^^^^^^^^^^^^
    ...<7 lines>...
    ),
    ^
  File "/home/nozimbek/Downloads/files (2)/.venv/lib/python3.14/site-packages/telegram/_bot.py", line 712, in _post
    return await self._do_post(
           ^^^^^^^^^^^^^^^^^^^^
    ...<6 lines>...
    )
    ^
  File "/home/nozimbek/Downloads/files (2)/.venv/lib/python3.14/site-packages/telegram/ext/_extbot.py", line 378, in _do_post
    return await super()._do_post(
           ^^^^^^^^^^^^^^^^^^^^^^^
    ...<6 lines>...
    )
    ^
  File "/home/nozimbek/Downloads/files (2)/.venv/lib/python3.14/site-packages/telegram/_bot.py", line 741, in _do_post
    result = await request.post(
             ^^^^^^^^^^^^^^^^^^^
    ...<6 lines>...
    )
    ^
  File "/home/nozimbek/Downloads/files (2)/.venv/lib/python3.14/site-packages/telegram/request/_baserequest.py", line 198, in post
    result = await self._request_wrapper(
             ^^^^^^^^^^^^^^^^^^^^^^^^^^^^
    ...<7 lines>...
    )
    ^
  File "/home/nozimbek/Downloads/files (2)/.venv/lib/python3.14/site-packages/telegram/request/_baserequest.py", line 375, in _request_wrapper
    raise exception
telegram.error.Conflict: Conflict: terminated by other getUpdates request; make sure that only one bot instance is running
2026-09-09 20:06:50,398 - httpx - INFO - HTTP Request: POST https://api.telegram.org/bot8942164862:AAEGbX-FW5J1ymTcNQQalAv8C6ak4UyB_q8/getUpdates "HTTP/1.1 409 Conflict"
2026-09-09 20:06:50,399 - telegram.ext.Application - ERROR - No error handlers are registered, logging exception.
Traceback (most recent call last):
  File "/home/nozimbek/Downloads/files (2)/.venv/lib/python3.14/site-packages/telegram/ext/_utils/networkloop.py", line 161, in network_retry_loop
    await do_action()
  File "/home/nozimbek/Downloads/files (2)/.venv/lib/python3.14/site-packages/telegram/ext/_utils/networkloop.py", line 154, in do_action
    action_cb_task.result()
    ~~~~~~~~~~~~~~~~~~~~~^^
  File "/home/nozimbek/Downloads/files (2)/.venv/lib/python3.14/site-packages/telegram/ext/_updater.py", line 340, in polling_action_cb
    updates = await self.bot.get_updates(
              ^^^^^^^^^^^^^^^^^^^^^^^^^^^
    ...<3 lines>...
    )
    ^
  File "/home/nozimbek/Downloads/files (2)/.venv/lib/python3.14/site-packages/telegram/ext/_extbot.py", line 680, in get_updates
    updates = await super().get_updates(
              ^^^^^^^^^^^^^^^^^^^^^^^^^^
    ...<9 lines>...
    )
    ^
  File "/home/nozimbek/Downloads/files (2)/.venv/lib/python3.14/site-packages/telegram/_bot.py", line 4767, in get_updates
    await self._post(
    ^^^^^^^^^^^^^^^^^
    ...<7 lines>...
    ),
    ^
  File "/home/nozimbek/Downloads/files (2)/.venv/lib/python3.14/site-packages/telegram/_bot.py", line 712, in _post
    return await self._do_post(
           ^^^^^^^^^^^^^^^^^^^^
    ...<6 lines>...
    )
    ^
  File "/home/nozimbek/Downloads/files (2)/.venv/lib/python3.14/site-packages/telegram/ext/_extbot.py", line 378, in _do_post
    return await super()._do_post(
           ^^^^^^^^^^^^^^^^^^^^^^^
    ...<6 lines>...
    )
    ^
  File "/home/nozimbek/Downloads/files (2)/.venv/lib/python3.14/site-packages/telegram/_bot.py", line 741, in _do_post
    result = await request.post(
             ^^^^^^^^^^^^^^^^^^^
    ...<6 lines>...
    )
    ^
  File "/home/nozimbek/Downloads/files (2)/.venv/lib/python3.14/site-packages/telegram/request/_baserequest.py", line 198, in post
    result = await self._request_wrapper(
             ^^^^^^^^^^^^^^^^^^^^^^^^^^^^
    ...<7 lines>...
    )
    ^
  File "/home/nozimbek/Downloads/files (2)/.venv/lib/python3.14/site-packages/telegram/request/_baserequest.py", line 375, in _request_wrapper
    raise exception
telegram.error.Conflict: Conflict: terminated by other getUpdates request; make sure that only one bot instance is running
2026-09-09 20:07:25,206 - httpx - INFO - HTTP Request: POST https://api.telegram.org/bot8942164862:AAEGbX-FW5J1ymTcNQQalAv8C6ak4UyB_q8/getUpdates "HTTP/1.1 409 Conflict"
2026-09-09 20:07:25,207 - telegram.ext.Application - ERROR - No error handlers are registered, logging exception.
Traceback (most recent call last):
  File "/home/nozimbek/Downloads/files (2)/.venv/lib/python3.14/site-packages/telegram/ext/_utils/networkloop.py", line 161, in network_retry_loop
    await do_action()
  File "/home/nozimbek/Downloads/files (2)/.venv/lib/python3.14/site-packages/telegram/ext/_utils/networkloop.py", line 154, in do_action
    action_cb_task.result()
    ~~~~~~~~~~~~~~~~~~~~~^^
  File "/home/nozimbek/Downloads/files (2)/.venv/lib/python3.14/site-packages/telegram/ext/_updater.py", line 340, in polling_action_cb
    updates = await self.bot.get_updates(
              ^^^^^^^^^^^^^^^^^^^^^^^^^^^
    ...<3 lines>...
    )
    ^
  File "/home/nozimbek/Downloads/files (2)/.venv/lib/python3.14/site-packages/telegram/ext/_extbot.py", line 680, in get_updates
    updates = await super().get_updates(
              ^^^^^^^^^^^^^^^^^^^^^^^^^^
    ...<9 lines>...
    )
    ^
  File "/home/nozimbek/Downloads/files (2)/.venv/lib/python3.14/site-packages/telegram/_bot.py", line 4767, in get_updates
    await self._post(
    ^^^^^^^^^^^^^^^^^
    ...<7 lines>...
    ),
    ^
  File "/home/nozimbek/Downloads/files (2)/.venv/lib/python3.14/site-packages/telegram/_bot.py", line 712, in _post
    return await self._do_post(
           ^^^^^^^^^^^^^^^^^^^^
    ...<6 lines>...
    )
    ^
  File "/home/nozimbek/Downloads/files (2)/.venv/lib/python3.14/site-packages/telegram/ext/_extbot.py", line 378, in _do_post
    return await super()._do_post(
           ^^^^^^^^^^^^^^^^^^^^^^^
    ...<6 lines>...
    )
    ^
  File "/home/nozimbek/Downloads/files (2)/.venv/lib/python3.14/site-packages/telegram/_bot.py", line 741, in _do_post
    result = await request.post(
             ^^^^^^^^^^^^^^^^^^^
    ...<6 lines>...
    )
    ^
  File "/home/nozimbek/Downloads/files (2)/.venv/lib/python3.14/site-packages/telegram/request/_baserequest.py", line 198, in post
    result = await self._request_wrapper(
             ^^^^^^^^^^^^^^^^^^^^^^^^^^^^
    ...<7 lines>...
    )
    ^
  File "/home/nozimbek/Downloads/files (2)/.venv/lib/python3.14/site-packages/telegram/request/_baserequest.py", line 375, in _request_wrapper
    raise exception
telegram.error.Conflict: Conflict: terminated by other getUpdates request; make sure that only one bot instance is running
2026-09-09 20:08:05,620 - httpx - INFO - HTTP Request: POST https://api.telegram.org/bot8942164862:AAEGbX-FW5J1ymTcNQQalAv8C6ak4UyB_q8/getUpdates "HTTP/1.1 200 OK"
2026-09-09 20:08:15,750 - httpx - INFO - HTTP Request: POST https://api.telegram.org/bot8942164862:AAEGbX-FW5J1ymTcNQQalAv8C6ak4UyB_q8/getUpdates "HTTP/1.1 200 OK"
2026-09-09 20:08:25,889 - httpx - INFO - HTTP Request: POST https://api.telegram.org/bot8942164862:AAEGbX-FW5J1ymTcNQQalAv8C6ak4UyB_q8/getUpdates "HTTP/1.1 200 OK"
2026-09-09 20:08:36,005 - httpx - INFO - HTTP Request: POST https://api.telegram.org/bot8942164862:AAEGbX-FW5J1ymTcNQQalAv8C6ak4UyB_q8/getUpdates "HTTP/1.1 200 OK"
2026-09-09 20:08:46,106 - httpx - INFO - HTTP Request: POST https://api.telegram.org/bot8942164862:AAEGbX-FW5J1ymTcNQQalAv8C6ak4UyB_q8/getUpdates "HTTP/1.1 200 OK"
2026-09-09 20:08:56,211 - httpx - INFO - HTTP Request: POST https://api.telegram.org/bot8942164862:AAEGbX-FW5J1ymTcNQQalAv8C6ak4UyB_q8/getUpdates "HTTP/1.1 200 OK"
2026-09-09 20:09:06,309 - httpx - INFO - HTTP Request: POST https://api.telegram.org/bot8942164862:AAEGbX-FW5J1ymTcNQQalAv8C6ak4UyB_q8/getUpdates "HTTP/1.1 200 OK"
2026-09-09 20:09:16,422 - httpx - INFO - HTTP Request: POST https://api.telegram.org/bot8942164862:AAEGbX-FW5J1ymTcNQQalAv8C6ak4UyB_q8/getUpdates "HTTP/1.1 200 OK"
2026-09-09 20:09:26,617 - httpx - INFO - HTTP Request: POST https://api.telegram.org/bot8942164862:AAEGbX-FW5J1ymTcNQQalAv8C6ak4UyB_q8/getUpdates "HTTP/1.1 200 OK"
2026-09-09 20:09:36,718 - httpx - INFO - HTTP Request: POST https://api.telegram.org/bot8942164862:AAEGbX-FW5J1ymTcNQQalAv8C6ak4UyB_q8/getUpdates "HTTP/1.1 200 OK"
2026-09-09 20:09:46,823 - httpx - INFO - HTTP Request: POST https://api.telegram.org/bot8942164862:AAEGbX-FW5J1ymTcNQQalAv8C6ak4UyB_q8/getUpdates "HTTP/1.1 200 OK"
2026-09-09 20:09:56,934 - httpx - INFO - HTTP Request: POST https://api.telegram.org/bot8942164862:AAEGbX-FW5J1ymTcNQQalAv8C6ak4UyB_q8/getUpdates "HTTP/1.1 200 OK"
2026-09-09 20:10:07,061 - httpx - INFO - HTTP Request: POST https://api.telegram.org/bot8942164862:AAEGbX-FW5J1ymTcNQQalAv8C6ak4UyB_q8/getUpdates "HTTP/1.1 200 OK"
2026-09-09 20:10:17,172 - httpx - INFO - HTTP Request: POST https://api.telegram.org/bot8942164862:AAEGbX-FW5J1ymTcNQQalAv8C6ak4UyB_q8/getUpdates "HTTP/1.1 200 OK"
2026-09-09 20:10:27,281 - httpx - INFO - HTTP Request: POST https://api.telegram.org/bot8942164862:AAEGbX-FW5J1ymTcNQQalAv8C6ak4UyB_q8/getUpdates "HTTP/1.1 200 OK"
2026-09-09 20:10:37,383 - httpx - INFO - HTTP Request: POST https://api.telegram.org/bot8942164862:AAEGbX-FW5J1ymTcNQQalAv8C6ak4UyB_q8/getUpdates "HTTP/1.1 200 OK"
2026-09-09 20:10:47,508 - httpx - INFO - HTTP Request: POST https://api.telegram.org/bot8942164862:AAEGbX-FW5J1ymTcNQQalAv8C6ak4UyB_q8/getUpdates "HTTP/1.1 200 OK"
2026-09-09 20:10:57,616 - httpx - INFO - HTTP Request: POST https://api.telegram.org/bot8942164862:AAEGbX-FW5J1ymTcNQQalAv8C6ak4UyB_q8/getUpdates "HTTP/1.1 200 OK"
2026-09-09 20:11:07,717 - httpx - INFO - HTTP Request: POST https://api.telegram.org/bot8942164862:AAEGbX-FW5J1ymTcNQQalAv8C6ak4UyB_q8/getUpdates "HTTP/1.1 200 OK"
2026-09-09 20:11:17,814 - httpx - INFO - HTTP Request: POST https://api.telegram.org/bot8942164862:AAEGbX-FW5J1ymTcNQQalAv8C6ak4UyB_q8/getUpdates "HTTP/1.1 200 OK"
2026-09-09 20:11:27,915 - httpx - INFO - HTTP Request: POST https://api.telegram.org/bot8942164862:AAEGbX-FW5J1ymTcNQQalAv8C6ak4UyB_q8/getUpdates "HTTP/1.1 200 OK"
2026-09-09 20:11:38,010 - httpx - INFO - HTTP Request: POST https://api.telegram.org/bot8942164862:AAEGbX-FW5J1ymTcNQQalAv8C6ak4UyB_q8/getUpdates "HTTP/1.1 200 OK"
2026-09-09 20:11:48,141 - httpx - INFO - HTTP Request: POST https://api.telegram.org/bot8942164862:AAEGbX-FW5J1ymTcNQQalAv8C6ak4UyB_q8/getUpdates "HTTP/1.1 200 OK"
2026-09-09 20:11:58,241 - httpx - INFO - HTTP Request: POST https://api.telegram.org/bot8942164862:AAEGbX-FW5J1ymTcNQQalAv8C6ak4UyB_q8/getUpdates "HTTP/1.1 200 OK"
2026-09-09 20:12:08,408 - httpx - INFO - HTTP Request: POST https://api.telegram.org/bot8942164862:AAEGbX-FW5J1ymTcNQQalAv8C6ak4UyB_q8/getUpdates "HTTP/1.1 200 OK"
2026-09-09 20:12:18,514 - httpx - INFO - HTTP Request: POST https://api.telegram.org/bot8942164862:AAEGbX-FW5J1ymTcNQQalAv8C6ak4UyB_q8/getUpdates "HTTP/1.1 200 OK"
2026-09-09 20:12:28,630 - httpx - INFO - HTTP Request: POST https://api.telegram.org/bot8942164862:AAEGbX-FW5J1ymTcNQQalAv8C6ak4UyB_q8/getUpdates "HTTP/1.1 200 OK"
2026-09-09 20:12:39,530 - httpx - INFO - HTTP Request: POST https://api.telegram.org/bot8942164862:AAEGbX-FW5J1ymTcNQQalAv8C6ak4UyB_q8/getUpdates "HTTP/1.1 200 OK"
2026-09-09 20:12:49,638 - httpx - INFO - HTTP Request: POST https://api.telegram.org/bot8942164862:AAEGbX-FW5J1ymTcNQQalAv8C6ak4UyB_q8/getUpdates "HTTP/1.1 200 OK"
2026-09-09 20:12:59,754 - httpx - INFO - HTTP Request: POST https://api.telegram.org/bot8942164862:AAEGbX-FW5J1ymTcNQQalAv8C6ak4UyB_q8/getUpdates "HTTP/1.1 200 OK"
2026-09-09 20:13:09,866 - httpx - INFO - HTTP Request: POST https://api.telegram.org/bot8942164862:AAEGbX-FW5J1ymTcNQQalAv8C6ak4UyB_q8/getUpdates "HTTP/1.1 200 OK"
2026-09-09 20:13:19,979 - httpx - INFO - HTTP Request: POST https://api.telegram.org/bot8942164862:AAEGbX-FW5J1ymTcNQQalAv8C6ak4UyB_q8/getUpdates "HTTP/1.1 200 OK"
2026-09-09 20:13:30,135 - httpx - INFO - HTTP Request: POST https://api.telegram.org/bot8942164862:AAEGbX-FW5J1ymTcNQQalAv8C6ak4UyB_q8/getUpdates "HTTP/1.1 200 OK"
2026-09-09 20:13:40,248 - httpx - INFO - HTTP Request: POST https://api.telegram.org/bot8942164862:AAEGbX-FW5J1ymTcNQQalAv8C6ak4UyB_q8/getUpdates "HTTP/1.1 200 OK"
2026-09-09 20:13:50,358 - httpx - INFO - HTTP Request: POST https://api.telegram.org/bot8942164862:AAEGbX-FW5J1ymTcNQQalAv8C6ak4UyB_q8/getUpdates "HTTP/1.1 200 OK"
2026-09-09 20:14:00,515 - httpx - INFO - HTTP Request: POST https://api.telegram.org/bot8942164862:AAEGbX-FW5J1ymTcNQQalAv8C6ak4UyB_q8/getUpdates "HTTP/1.1 200 OK"
2026-09-09 20:14:10,676 - httpx - INFO - HTTP Request: POST https://api.telegram.org/bot8942164862:AAEGbX-FW5J1ymTcNQQalAv8C6ak4UyB_q8/getUpdates "HTTP/1.1 200 OK"
2026-09-09 20:14:20,783 - httpx - INFO - HTTP Request: POST https://api.telegram.org/bot8942164862:AAEGbX-FW5J1ymTcNQQalAv8C6ak4UyB_q8/getUpdates "HTTP/1.1 200 OK"
2026-09-09 20:14:30,956 - httpx - INFO - HTTP Request: POST https://api.telegram.org/bot8942164862:AAEGbX-FW5J1ymTcNQQalAv8C6ak4UyB_q8/getUpdates "HTTP/1.1 200 OK"
2026-09-09 20:14:41,074 - httpx - INFO - HTTP Request: POST https://api.telegram.org/bot8942164862:AAEGbX-FW5J1ymTcNQQalAv8C6ak4UyB_q8/getUpdates "HTTP/1.1 200 OK"
2026-09-09 20:14:51,178 - httpx - INFO - HTTP Request: POST https://api.telegram.org/bot8942164862:AAEGbX-FW5J1ymTcNQQalAv8C6ak4UyB_q8/getUpdates "HTTP/1.1 200 OK"
2026-09-09 20:15:01,295 - httpx - INFO - HTTP Request: POST https://api.telegram.org/bot8942164862:AAEGbX-FW5J1ymTcNQQalAv8C6ak4UyB_q8/getUpdates "HTTP/1.1 200 OK"
2026-09-09 20:15:11,405 - httpx - INFO - HTTP Request: POST https://api.telegram.org/bot8942164862:AAEGbX-FW5J1ymTcNQQalAv8C6ak4UyB_q8/getUpdates "HTTP/1.1 200 OK"
2026-09-09 20:15:21,507 - httpx - INFO - HTTP Request: POST https://api.telegram.org/bot8942164862:AAEGbX-FW5J1ymTcNQQalAv8C6ak4UyB_q8/getUpdates "HTTP/1.1 200 OK"
2026-09-09 20:15:31,609 - httpx - INFO - HTTP Request: POST https://api.telegram.org/bot8942164862:AAEGbX-FW5J1ymTcNQQalAv8C6ak4UyB_q8/getUpdates "HTTP/1.1 200 OK"
2026-09-09 20:15:41,714 - httpx - INFO - HTTP Request: POST https://api.telegram.org/bot8942164862:AAEGbX-FW5J1ymTcNQQalAv8C6ak4UyB_q8/getUpdates "HTTP/1.1 200 OK"
2026-09-09 20:15:51,815 - httpx - INFO - HTTP Request: POST https://api.telegram.org/bot8942164862:AAEGbX-FW5J1ymTcNQQalAv8C6ak4UyB_q8/getUpdates "HTTP/1.1 200 OK"
2026-09-09 20:16:02,345 - httpx - INFO - HTTP Request: POST https://api.telegram.org/bot8942164862:AAEGbX-FW5J1ymTcNQQalAv8C6ak4UyB_q8/getUpdates "HTTP/1.1 200 OK"
2026-09-09 20:16:12,527 - httpx - INFO - HTTP Request: POST https://api.telegram.org/bot8942164862:AAEGbX-FW5J1ymTcNQQalAv8C6ak4UyB_q8/getUpdates "HTTP/1.1 200 OK"
2026-09-09 20:16:22,665 - httpx - INFO - HTTP Request: POST https://api.telegram.org/bot8942164862:AAEGbX-FW5J1ymTcNQQalAv8C6ak4UyB_q8/getUpdates "HTTP/1.1 200 OK"
2026-09-09 20:16:32,763 - httpx - INFO - HTTP Request: POST https://api.telegram.org/bot8942164862:AAEGbX-FW5J1ymTcNQQalAv8C6ak4UyB_q8/getUpdates "HTTP/1.1 200 OK"
2026-09-09 20:16:42,965 - httpx - INFO - HTTP Request: POST https://api.telegram.org/bot8942164862:AAEGbX-FW5J1ymTcNQQalAv8C6ak4UyB_q8/getUpdates "HTTP/1.1 200 OK"
2026-09-09 20:16:53,069 - httpx - INFO - HTTP Request: POST https://api.telegram.org/bot8942164862:AAEGbX-FW5J1ymTcNQQalAv8C6ak4UyB_q8/getUpdates "HTTP/1.1 200 OK"
2026-09-09 20:17:03,173 - httpx - INFO - HTTP Request: POST https://api.telegram.org/bot8942164862:AAEGbX-FW5J1ymTcNQQalAv8C6ak4UyB_q8/getUpdates "HTTP/1.1 200 OK"
2026-09-09 20:17:13,270 - httpx - INFO - HTTP Request: POST https://api.telegram.org/bot8942164862:AAEGbX-FW5J1ymTcNQQalAv8C6ak4UyB_q8/getUpdates "HTTP/1.1 200 OK"
2026-09-09 20:17:23,389 - httpx - INFO - HTTP Request: POST https://api.telegram.org/bot8942164862:AAEGbX-FW5J1ymTcNQQalAv8C6ak4UyB_q8/getUpdates "HTTP/1.1 200 OK"
2026-09-09 20:17:33,522 - httpx - INFO - HTTP Request: POST https://api.telegram.org/bot8942164862:AAEGbX-FW5J1ymTcNQQalAv8C6ak4UyB_q8/getUpdates "HTTP/1.1 200 OK"
2026-09-09 20:17:43,630 - httpx - INFO - HTTP Request: POST https://api.telegram.org/bot8942164862:AAEGbX-FW5J1ymTcNQQalAv8C6ak4UyB_q8/getUpdates "HTTP/1.1 200 OK"
2026-09-09 20:17:53,737 - httpx - INFO - HTTP Request: POST https://api.telegram.org/bot8942164862:AAEGbX-FW5J1ymTcNQQalAv8C6ak4UyB_q8/getUpdates "HTTP/1.1 200 OK"
2026-09-09 20:18:03,942 - httpx - INFO - HTTP Request: POST https://api.telegram.org/bot8942164862:AAEGbX-FW5J1ymTcNQQalAv8C6ak4UyB_q8/getUpdates "HTTP/1.1 200 OK"
2026-09-09 20:18:14,059 - httpx - INFO - HTTP Request: POST https://api.telegram.org/bot8942164862:AAEGbX-FW5J1ymTcNQQalAv8C6ak4UyB_q8/getUpdates "HTTP/1.1 200 OK"
2026-09-09 20:18:24,162 - httpx - INFO - HTTP Request: POST https://api.telegram.org/bot8942164862:AAEGbX-FW5J1ymTcNQQalAv8C6ak4UyB_q8/getUpdates "HTTP/1.1 200 OK"
2026-09-09 20:18:34,263 - httpx - INFO - HTTP Request: POST https://api.telegram.org/bot8942164862:AAEGbX-FW5J1ymTcNQQalAv8C6ak4UyB_q8/getUpdates "HTTP/1.1 200 OK"
2026-09-09 20:18:44,388 - httpx - INFO - HTTP Request: POST https://api.telegram.org/bot8942164862:AAEGbX-FW5J1ymTcNQQalAv8C6ak4UyB_q8/getUpdates "HTTP/1.1 200 OK"
2026-09-09 20:18:54,490 - httpx - INFO - HTTP Request: POST https://api.telegram.org/bot8942164862:AAEGbX-FW5J1ymTcNQQalAv8C6ak4UyB_q8/getUpdates "HTTP/1.1 200 OK"
2026-09-09 20:19:04,598 - httpx - INFO - HTTP Request: POST https://api.telegram.org/bot8942164862:AAEGbX-FW5J1ymTcNQQalAv8C6ak4UyB_q8/getUpdates "HTTP/1.1 200 OK"
2026-09-09 20:19:14,706 - httpx - INFO - HTTP Request: POST https://api.telegram.org/bot8942164862:AAEGbX-FW5J1ymTcNQQalAv8C6ak4UyB_q8/getUpdates "HTTP/1.1 200 OK"
2026-09-09 20:19:16,435 - httpx - INFO - HTTP Request: POST https://api.telegram.org/bot8942164862:AAEGbX-FW5J1ymTcNQQalAv8C6ak4UyB_q8/getUpdates "HTTP/1.1 200 OK"
2026-09-09 20:19:16,850 - httpx - INFO - HTTP Request: POST https://api.telegram.org/bot8942164862:AAEGbX-FW5J1ymTcNQQalAv8C6ak4UyB_q8/sendMessage "HTTP/1.1 200 OK"
2026-09-09 20:19:26,594 - httpx - INFO - HTTP Request: POST https://api.telegram.org/bot8942164862:AAEGbX-FW5J1ymTcNQQalAv8C6ak4UyB_q8/getUpdates "HTTP/1.1 200 OK"
2026-09-09 20:19:36,715 - httpx - INFO - HTTP Request: POST https://api.telegram.org/bot8942164862:AAEGbX-FW5J1ymTcNQQalAv8C6ak4UyB_q8/getUpdates "HTTP/1.1 200 OK"
2026-09-09 20:19:46,847 - httpx - INFO - HTTP Request: POST https://api.telegram.org/bot8942164862:AAEGbX-FW5J1ymTcNQQalAv8C6ak4UyB_q8/getUpdates "HTTP/1.1 200 OK"
2026-09-09 20:19:56,985 - httpx - INFO - HTTP Request: POST https://api.telegram.org/bot8942164862:AAEGbX-FW5J1ymTcNQQalAv8C6ak4UyB_q8/getUpdates "HTTP/1.1 200 OK"
2026-09-09 20:20:07,128 - httpx - INFO - HTTP Request: POST https://api.telegram.org/bot8942164862:AAEGbX-FW5J1ymTcNQQalAv8C6ak4UyB_q8/getUpdates "HTTP/1.1 200 OK"
2026-09-09 20:20:17,265 - httpx - INFO - HTTP Request: POST https://api.telegram.org/bot8942164862:AAEGbX-FW5J1ymTcNQQalAv8C6ak4UyB_q8/getUpdates "HTTP/1.1 200 OK"
2026-09-09 20:20:27,367 - httpx - INFO - HTTP Request: POST https://api.telegram.org/bot8942164862:AAEGbX-FW5J1ymTcNQQalAv8C6ak4UyB_q8/getUpdates "HTTP/1.1 200 OK"
2026-09-09 20:20:37,541 - httpx - INFO - HTTP Request: POST https://api.telegram.org/bot8942164862:AAEGbX-FW5J1ymTcNQQalAv8C6ak4UyB_q8/getUpdates "HTTP/1.1 200 OK"
2026-09-09 20:20:47,637 - httpx - INFO - HTTP Request: POST https://api.telegram.org/bot8942164862:AAEGbX-FW5J1ymTcNQQalAv8C6ak4UyB_q8/getUpdates "HTTP/1.1 200 OK"
2026-09-09 20:20:57,816 - httpx - INFO - HTTP Request: POST https://api.telegram.org/bot8942164862:AAEGbX-FW5J1ymTcNQQalAv8C6ak4UyB_q8/getUpdates "HTTP/1.1 200 OK"
2026-09-09 20:21:07,918 - httpx - INFO - HTTP Request: POST https://api.telegram.org/bot8942164862:AAEGbX-FW5J1ymTcNQQalAv8C6ak4UyB_q8/getUpdates "HTTP/1.1 200 OK"
2026-09-09 20:21:18,016 - httpx - INFO - HTTP Request: POST https://api.telegram.org/bot8942164862:AAEGbX-FW5J1ymTcNQQalAv8C6ak4UyB_q8/getUpdates "HTTP/1.1 200 OK"
2026-09-09 20:21:28,126 - httpx - INFO - HTTP Request: POST https://api.telegram.org/bot8942164862:AAEGbX-FW5J1ymTcNQQalAv8C6ak4UyB_q8/getUpdates "HTTP/1.1 200 OK"
2026-09-09 20:21:38,224 - httpx - INFO - HTTP Request: POST https://api.telegram.org/bot8942164862:AAEGbX-FW5J1ymTcNQQalAv8C6ak4UyB_q8/getUpdates "HTTP/1.1 200 OK"
2026-09-09 20:21:48,397 - httpx - INFO - HTTP Request: POST https://api.telegram.org/bot8942164862:AAEGbX-FW5J1ymTcNQQalAv8C6ak4UyB_q8/getUpdates "HTTP/1.1 200 OK"
2026-09-09 20:21:58,499 - httpx - INFO - HTTP Request: POST https://api.telegram.org/bot8942164862:AAEGbX-FW5J1ymTcNQQalAv8C6ak4UyB_q8/getUpdates "HTTP/1.1 200 OK"
2026-09-09 20:22:08,672 - httpx - INFO - HTTP Request: POST https://api.telegram.org/bot8942164862:AAEGbX-FW5J1ymTcNQQalAv8C6ak4UyB_q8/getUpdates "HTTP/1.1 200 OK"
2026-09-09 20:22:18,769 - httpx - INFO - HTTP Request: POST https://api.telegram.org/bot8942164862:AAEGbX-FW5J1ymTcNQQalAv8C6ak4UyB_q8/getUpdates "HTTP/1.1 200 OK"
2026-09-09 20:22:28,872 - httpx - INFO - HTTP Request: POST https://api.telegram.org/bot8942164862:AAEGbX-FW5J1ymTcNQQalAv8C6ak4UyB_q8/getUpdates "HTTP/1.1 200 OK"
2026-09-09 20:22:38,969 - httpx - INFO - HTTP Request: POST https://api.telegram.org/bot8942164862:AAEGbX-FW5J1ymTcNQQalAv8C6ak4UyB_q8/getUpdates "HTTP/1.1 200 OK"
2026-09-09 20:22:49,143 - httpx - INFO - HTTP Request: POST https://api.telegram.org/bot8942164862:AAEGbX-FW5J1ymTcNQQalAv8C6ak4UyB_q8/getUpdates "HTTP/1.1 200 OK"
2026-09-09 20:22:59,246 - httpx - INFO - HTTP Request: POST https://api.telegram.org/bot8942164862:AAEGbX-FW5J1ymTcNQQalAv8C6ak4UyB_q8/getUpdates "HTTP/1.1 200 OK"
2026-09-09 20:23:09,395 - httpx - INFO - HTTP Request: POST https://api.telegram.org/bot8942164862:AAEGbX-FW5J1ymTcNQQalAv8C6ak4UyB_q8/getUpdates "HTTP/1.1 200 OK"
2026-09-09 20:23:19,536 - httpx - INFO - HTTP Request: POST https://api.telegram.org/bot8942164862:AAEGbX-FW5J1ymTcNQQalAv8C6ak4UyB_q8/getUpdates "HTTP/1.1 200 OK"
2026-09-09 20:23:29,664 - httpx - INFO - HTTP Request: POST https://api.telegram.org/bot8942164862:AAEGbX-FW5J1ymTcNQQalAv8C6ak4UyB_q8/getUpdates "HTTP/1.1 200 OK"
2026-09-09 20:23:39,764 - httpx - INFO - HTTP Request: POST https://api.telegram.org/bot8942164862:AAEGbX-FW5J1ymTcNQQalAv8C6ak4UyB_q8/getUpdates "HTTP/1.1 200 OK"
2026-09-09 20:23:49,947 - httpx - INFO - HTTP Request: POST https://api.telegram.org/bot8942164862:AAEGbX-FW5J1ymTcNQQalAv8C6ak4UyB_q8/getUpdates "HTTP/1.1 200 OK"
2026-09-09 20:24:00,050 - httpx - INFO - HTTP Request: POST https://api.telegram.org/bot8942164862:AAEGbX-FW5J1ymTcNQQalAv8C6ak4UyB_q8/getUpdates "HTTP/1.1 200 OK"
2026-09-09 20:24:10,152 - httpx - INFO - HTTP Request: POST https://api.telegram.org/bot8942164862:AAEGbX-FW5J1ymTcNQQalAv8C6ak4UyB_q8/getUpdates "HTTP/1.1 200 OK"
2026-09-09 20:24:20,257 - httpx - INFO - HTTP Request: POST https://api.telegram.org/bot8942164862:AAEGbX-FW5J1ymTcNQQalAv8C6ak4UyB_q8/getUpdates "HTTP/1.1 200 OK"
2026-09-09 20:24:30,360 - httpx - INFO - HTTP Request: POST https://api.telegram.org/bot8942164862:AAEGbX-FW5J1ymTcNQQalAv8C6ak4UyB_q8/getUpdates "HTTP/1.1 200 OK"
2026-09-09 20:24:40,532 - httpx - INFO - HTTP Request: POST https://api.telegram.org/bot8942164862:AAEGbX-FW5J1ymTcNQQalAv8C6ak4UyB_q8/getUpdates "HTTP/1.1 200 OK"
2026-09-09 20:24:50,628 - httpx - INFO - HTTP Request: POST https://api.telegram.org/bot8942164862:AAEGbX-FW5J1ymTcNQQalAv8C6ak4UyB_q8/getUpdates "HTTP/1.1 200 OK"
2026-09-09 20:25:00,732 - httpx - INFO - HTTP Request: POST https://api.telegram.org/bot8942164862:AAEGbX-FW5J1ymTcNQQalAv8C6ak4UyB_q8/getUpdates "HTTP/1.1 200 OK"
2026-09-09 20:25:10,926 - httpx - INFO - HTTP Request: POST https://api.telegram.org/bot8942164862:AAEGbX-FW5J1ymTcNQQalAv8C6ak4UyB_q8/getUpdates "HTTP/1.1 200 OK"
2026-09-09 20:25:21,030 - httpx - INFO - HTTP Request: POST https://api.telegram.org/bot8942164862:AAEGbX-FW5J1ymTcNQQalAv8C6ak4UyB_q8/getUpdates "HTTP/1.1 200 OK"
2026-09-09 20:25:31,225 - httpx - INFO - HTTP Request: POST https://api.telegram.org/bot8942164862:AAEGbX-FW5J1ymTcNQQalAv8C6ak4UyB_q8/getUpdates "HTTP/1.1 200 OK"
2026-09-09 20:25:41,363 - httpx - INFO - HTTP Request: POST https://api.telegram.org/bot8942164862:AAEGbX-FW5J1ymTcNQQalAv8C6ak4UyB_q8/getUpdates "HTTP/1.1 200 OK"
2026-09-09 20:25:51,496 - httpx - INFO - HTTP Request: POST https://api.telegram.org/bot8942164862:AAEGbX-FW5J1ymTcNQQalAv8C6ak4UyB_q8/getUpdates "HTTP/1.1 200 OK"
2026-09-09 20:26:01,638 - httpx - INFO - HTTP Request: POST https://api.telegram.org/bot8942164862:AAEGbX-FW5J1ymTcNQQalAv8C6ak4UyB_q8/getUpdates "HTTP/1.1 200 OK"
2026-09-09 20:26:11,741 - httpx - INFO - HTTP Request: POST https://api.telegram.org/bot8942164862:AAEGbX-FW5J1ymTcNQQalAv8C6ak4UyB_q8/getUpdates "HTTP/1.1 200 OK"
2026-09-09 20:26:21,860 - httpx - INFO - HTTP Request: POST https://api.telegram.org/bot8942164862:AAEGbX-FW5J1ymTcNQQalAv8C6ak4UyB_q8/getUpdates "HTTP/1.1 200 OK"
2026-09-09 20:26:31,957 - httpx - INFO - HTTP Request: POST https://api.telegram.org/bot8942164862:AAEGbX-FW5J1ymTcNQQalAv8C6ak4UyB_q8/getUpdates "HTTP/1.1 200 OK"
2026-09-09 20:26:42,053 - httpx - INFO - HTTP Request: POST https://api.telegram.org/bot8942164862:AAEGbX-FW5J1ymTcNQQalAv8C6ak4UyB_q8/getUpdates "HTTP/1.1 200 OK"
2026-09-09 20:26:52,219 - httpx - INFO - HTTP Request: POST https://api.telegram.org/bot8942164862:AAEGbX-FW5J1ymTcNQQalAv8C6ak4UyB_q8/getUpdates "HTTP/1.1 200 OK"
2026-09-09 20:27:02,317 - httpx - INFO - HTTP Request: POST https://api.telegram.org/bot8942164862:AAEGbX-FW5J1ymTcNQQalAv8C6ak4UyB_q8/getUpdates "HTTP/1.1 200 OK"
2026-09-09 20:27:12,495 - httpx - INFO - HTTP Request: POST https://api.telegram.org/bot8942164862:AAEGbX-FW5J1ymTcNQQalAv8C6ak4UyB_q8/getUpdates "HTTP/1.1 200 OK"
2026-09-09 20:27:22,632 - httpx - INFO - HTTP Request: POST https://api.telegram.org/bot8942164862:AAEGbX-FW5J1ymTcNQQalAv8C6ak4UyB_q8/getUpdates "HTTP/1.1 200 OK"
2026-09-09 20:27:32,729 - httpx - INFO - HTTP Request: POST https://api.telegram.org/bot8942164862:AAEGbX-FW5J1ymTcNQQalAv8C6ak4UyB_q8/getUpdates "HTTP/1.1 200 OK"
2026-09-09 20:27:42,907 - httpx - INFO - HTTP Request: POST https://api.telegram.org/bot8942164862:AAEGbX-FW5J1ymTcNQQalAv8C6ak4UyB_q8/getUpdates "HTTP/1.1 200 OK"
2026-09-09 20:27:53,005 - httpx - INFO - HTTP Request: POST https://api.telegram.org/bot8942164862:AAEGbX-FW5J1ymTcNQQalAv8C6ak4UyB_q8/getUpdates "HTTP/1.1 200 OK"
2026-09-09 20:28:03,103 - httpx - INFO - HTTP Request: POST https://api.telegram.org/bot8942164862:AAEGbX-FW5J1ymTcNQQalAv8C6ak4UyB_q8/getUpdates "HTTP/1.1 200 OK"
2026-09-09 20:28:13,200 - httpx - INFO - HTTP Request: POST https://api.telegram.org/bot8942164862:AAEGbX-FW5J1ymTcNQQalAv8C6ak4UyB_q8/getUpdates "HTTP/1.1 200 OK"
2026-09-09 20:28:23,299 - httpx - INFO - HTTP Request: POST https://api.telegram.org/bot8942164862:AAEGbX-FW5J1ymTcNQQalAv8C6ak4UyB_q8/getUpdates "HTTP/1.1 200 OK"
2026-09-09 20:28:33,397 - httpx - INFO - HTTP Request: POST https://api.telegram.org/bot8942164862:AAEGbX-FW5J1ymTcNQQalAv8C6ak4UyB_q8/getUpdates "HTTP/1.1 200 OK"
2026-09-09 20:28:43,528 - httpx - INFO - HTTP Request: POST https://api.telegram.org/bot8942164862:AAEGbX-FW5J1ymTcNQQalAv8C6ak4UyB_q8/getUpdates "HTTP/1.1 200 OK"
2026-09-09 20:28:53,671 - httpx - INFO - HTTP Request: POST https://api.telegram.org/bot8942164862:AAEGbX-FW5J1ymTcNQQalAv8C6ak4UyB_q8/getUpdates "HTTP/1.1 200 OK"
2026-09-09 20:29:03,804 - httpx - INFO - HTTP Request: POST https://api.telegram.org/bot8942164862:AAEGbX-FW5J1ymTcNQQalAv8C6ak4UyB_q8/getUpdates "HTTP/1.1 200 OK"
2026-09-09 20:29:13,942 - httpx - INFO - HTTP Request: POST https://api.telegram.org/bot8942164862:AAEGbX-FW5J1ymTcNQQalAv8C6ak4UyB_q8/getUpdates "HTTP/1.1 200 OK"
2026-09-09 20:29:24,040 - httpx - INFO - HTTP Request: POST https://api.telegram.org/bot8942164862:AAEGbX-FW5J1ymTcNQQalAv8C6ak4UyB_q8/getUpdates "HTTP/1.1 200 OK"
2026-09-09 20:29:34,217 - httpx - INFO - HTTP Request: POST https://api.telegram.org/bot8942164862:AAEGbX-FW5J1ymTcNQQalAv8C6ak4UyB_q8/getUpdates "HTTP/1.1 200 OK"
2026-09-09 20:29:44,315 - httpx - INFO - HTTP Request: POST https://api.telegram.org/bot8942164862:AAEGbX-FW5J1ymTcNQQalAv8C6ak4UyB_q8/getUpdates "HTTP/1.1 200 OK"
2026-09-09 20:29:54,412 - httpx - INFO - HTTP Request: POST https://api.telegram.org/bot8942164862:AAEGbX-FW5J1ymTcNQQalAv8C6ak4UyB_q8/getUpdates "HTTP/1.1 200 OK"
2026-09-09 20:30:04,509 - httpx - INFO - HTTP Request: POST https://api.telegram.org/bot8942164862:AAEGbX-FW5J1ymTcNQQalAv8C6ak4UyB_q8/getUpdates "HTTP/1.1 200 OK"
2026-09-09 20:30:14,665 - httpx - INFO - HTTP Request: POST https://api.telegram.org/bot8942164862:AAEGbX-FW5J1ymTcNQQalAv8C6ak4UyB_q8/getUpdates "HTTP/1.1 200 OK"
2026-09-09 20:30:24,763 - httpx - INFO - HTTP Request: POST https://api.telegram.org/bot8942164862:AAEGbX-FW5J1ymTcNQQalAv8C6ak4UyB_q8/getUpdates "HTTP/1.1 200 OK"
2026-09-09 20:30:34,868 - httpx - INFO - HTTP Request: POST https://api.telegram.org/bot8942164862:AAEGbX-FW5J1ymTcNQQalAv8C6ak4UyB_q8/getUpdates "HTTP/1.1 200 OK"
2026-09-09 20:30:44,965 - httpx - INFO - HTTP Request: POST https://api.telegram.org/bot8942164862:AAEGbX-FW5J1ymTcNQQalAv8C6ak4UyB_q8/getUpdates "HTTP/1.1 200 OK"
2026-09-09 20:30:55,118 - httpx - INFO - HTTP Request: POST https://api.telegram.org/bot8942164862:AAEGbX-FW5J1ymTcNQQalAv8C6ak4UyB_q8/getUpdates "HTTP/1.1 200 OK"
2026-09-09 20:31:05,256 - httpx - INFO - HTTP Request: POST https://api.telegram.org/bot8942164862:AAEGbX-FW5J1ymTcNQQalAv8C6ak4UyB_q8/getUpdates "HTTP/1.1 200 OK"
2026-09-09 20:31:15,358 - httpx - INFO - HTTP Request: POST https://api.telegram.org/bot8942164862:AAEGbX-FW5J1ymTcNQQalAv8C6ak4UyB_q8/getUpdates "HTTP/1.1 200 OK"
2026-09-09 20:31:25,531 - httpx - INFO - HTTP Request: POST https://api.telegram.org/bot8942164862:AAEGbX-FW5J1ymTcNQQalAv8C6ak4UyB_q8/getUpdates "HTTP/1.1 200 OK"
2026-09-09 20:31:35,628 - httpx - INFO - HTTP Request: POST https://api.telegram.org/bot8942164862:AAEGbX-FW5J1ymTcNQQalAv8C6ak4UyB_q8/getUpdates "HTTP/1.1 200 OK"
2026-09-09 20:31:45,725 - httpx - INFO - HTTP Request: POST https://api.telegram.org/bot8942164862:AAEGbX-FW5J1ymTcNQQalAv8C6ak4UyB_q8/getUpdates "HTTP/1.1 200 OK"
2026-09-09 20:31:55,821 - httpx - INFO - HTTP Request: POST https://api.telegram.org/bot8942164862:AAEGbX-FW5J1ymTcNQQalAv8C6ak4UyB_q8/getUpdates "HTTP/1.1 200 OK"
2026-09-09 20:32:05,918 - httpx - INFO - HTTP Request: POST https://api.telegram.org/bot8942164862:AAEGbX-FW5J1ymTcNQQalAv8C6ak4UyB_q8/getUpdates "HTTP/1.1 200 OK"
2026-09-09 20:32:16,117 - httpx - INFO - HTTP Request: POST https://api.telegram.org/bot8942164862:AAEGbX-FW5J1ymTcNQQalAv8C6ak4UyB_q8/getUpdates "HTTP/1.1 200 OK"
2026-09-09 20:32:26,220 - httpx - INFO - HTTP Request: POST https://api.telegram.org/bot8942164862:AAEGbX-FW5J1ymTcNQQalAv8C6ak4UyB_q8/getUpdates "HTTP/1.1 200 OK"
2026-09-09 20:32:36,321 - httpx - INFO - HTTP Request: POST https://api.telegram.org/bot8942164862:AAEGbX-FW5J1ymTcNQQalAv8C6ak4UyB_q8/getUpdates "HTTP/1.1 200 OK"
2026-09-09 20:32:46,418 - httpx - INFO - HTTP Request: POST https://api.telegram.org/bot8942164862:AAEGbX-FW5J1ymTcNQQalAv8C6ak4UyB_q8/getUpdates "HTTP/1.1 200 OK"
2026-09-09 20:32:56,522 - httpx - INFO - HTTP Request: POST https://api.telegram.org/bot8942164862:AAEGbX-FW5J1ymTcNQQalAv8C6ak4UyB_q8/getUpdates "HTTP/1.1 200 OK"
2026-09-09 20:33:06,698 - httpx - INFO - HTTP Request: POST https://api.telegram.org/bot8942164862:AAEGbX-FW5J1ymTcNQQalAv8C6ak4UyB_q8/getUpdates "HTTP/1.1 200 OK"
2026-09-09 20:33:16,797 - httpx - INFO - HTTP Request: POST https://api.telegram.org/bot8942164862:AAEGbX-FW5J1ymTcNQQalAv8C6ak4UyB_q8/getUpdates "HTTP/1.1 200 OK"
2026-09-09 20:33:26,901 - httpx - INFO - HTTP Request: POST https://api.telegram.org/bot8942164862:AAEGbX-FW5J1ymTcNQQalAv8C6ak4UyB_q8/getUpdates "HTTP/1.1 200 OK"
2026-09-09 20:33:37,014 - httpx - INFO - HTTP Request: POST https://api.telegram.org/bot8942164862:AAEGbX-FW5J1ymTcNQQalAv8C6ak4UyB_q8/getUpdates "HTTP/1.1 200 OK"
2026-09-09 20:33:47,123 - httpx - INFO - HTTP Request: POST https://api.telegram.org/bot8942164862:AAEGbX-FW5J1ymTcNQQalAv8C6ak4UyB_q8/getUpdates "HTTP/1.1 200 OK"
2026-09-09 20:33:57,226 - httpx - INFO - HTTP Request: POST https://api.telegram.org/bot8942164862:AAEGbX-FW5J1ymTcNQQalAv8C6ak4UyB_q8/getUpdates "HTTP/1.1 200 OK"
2026-09-09 20:34:07,422 - httpx - INFO - HTTP Request: POST https://api.telegram.org/bot8942164862:AAEGbX-FW5J1ymTcNQQalAv8C6ak4UyB_q8/getUpdates "HTTP/1.1 200 OK"
2026-09-09 20:34:17,520 - httpx - INFO - HTTP Request: POST https://api.telegram.org/bot8942164862:AAEGbX-FW5J1ymTcNQQalAv8C6ak4UyB_q8/getUpdates "HTTP/1.1 200 OK"
2026-09-09 20:34:27,702 - httpx - INFO - HTTP Request: POST https://api.telegram.org/bot8942164862:AAEGbX-FW5J1ymTcNQQalAv8C6ak4UyB_q8/getUpdates "HTTP/1.1 200 OK"
2026-09-09 20:34:37,800 - httpx - INFO - HTTP Request: POST https://api.telegram.org/bot8942164862:AAEGbX-FW5J1ymTcNQQalAv8C6ak4UyB_q8/getUpdates "HTTP/1.1 200 OK"
2026-09-09 20:34:47,978 - httpx - INFO - HTTP Request: POST https://api.telegram.org/bot8942164862:AAEGbX-FW5J1ymTcNQQalAv8C6ak4UyB_q8/getUpdates "HTTP/1.1 200 OK"
2026-09-09 20:34:58,081 - httpx - INFO - HTTP Request: POST https://api.telegram.org/bot8942164862:AAEGbX-FW5J1ymTcNQQalAv8C6ak4UyB_q8/getUpdates "HTTP/1.1 200 OK"
2026-09-09 20:35:08,179 - httpx - INFO - HTTP Request: POST https://api.telegram.org/bot8942164862:AAEGbX-FW5J1ymTcNQQalAv8C6ak4UyB_q8/getUpdates "HTTP/1.1 200 OK"
2026-09-09 20:35:18,279 - httpx - INFO - HTTP Request: POST https://api.telegram.org/bot8942164862:AAEGbX-FW5J1ymTcNQQalAv8C6ak4UyB_q8/getUpdates "HTTP/1.1 200 OK"
2026-09-09 20:35:28,393 - httpx - INFO - HTTP Request: POST https://api.telegram.org/bot8942164862:AAEGbX-FW5J1ymTcNQQalAv8C6ak4UyB_q8/getUpdates "HTTP/1.1 200 OK"
2026-09-09 20:35:38,490 - httpx - INFO - HTTP Request: POST https://api.telegram.org/bot8942164862:AAEGbX-FW5J1ymTcNQQalAv8C6ak4UyB_q8/getUpdates "HTTP/1.1 200 OK"
2026-09-09 20:35:48,595 - httpx - INFO - HTTP Request: POST https://api.telegram.org/bot8942164862:AAEGbX-FW5J1ymTcNQQalAv8C6ak4UyB_q8/getUpdates "HTTP/1.1 200 OK"
2026-09-09 20:35:58,699 - httpx - INFO - HTTP Request: POST https://api.telegram.org/bot8942164862:AAEGbX-FW5J1ymTcNQQalAv8C6ak4UyB_q8/getUpdates "HTTP/1.1 200 OK"
2026-09-09 20:36:08,870 - httpx - INFO - HTTP Request: POST https://api.telegram.org/bot8942164862:AAEGbX-FW5J1ymTcNQQalAv8C6ak4UyB_q8/getUpdates "HTTP/1.1 200 OK"
2026-09-09 20:36:18,967 - httpx - INFO - HTTP Request: POST https://api.telegram.org/bot8942164862:AAEGbX-FW5J1ymTcNQQalAv8C6ak4UyB_q8/getUpdates "HTTP/1.1 200 OK"
2026-09-09 20:36:29,144 - httpx - INFO - HTTP Request: POST https://api.telegram.org/bot8942164862:AAEGbX-FW5J1ymTcNQQalAv8C6ak4UyB_q8/getUpdates "HTTP/1.1 200 OK"
2026-09-09 20:36:39,248 - httpx - INFO - HTTP Request: POST https://api.telegram.org/bot8942164862:AAEGbX-FW5J1ymTcNQQalAv8C6ak4UyB_q8/getUpdates "HTTP/1.1 200 OK"
2026-09-09 20:36:49,346 - httpx - INFO - HTTP Request: POST https://api.telegram.org/bot8942164862:AAEGbX-FW5J1ymTcNQQalAv8C6ak4UyB_q8/getUpdates "HTTP/1.1 200 OK"
2026-09-09 20:36:59,444 - httpx - INFO - HTTP Request: POST https://api.telegram.org/bot8942164862:AAEGbX-FW5J1ymTcNQQalAv8C6ak4UyB_q8/getUpdates "HTTP/1.1 200 OK"
2026-09-09 20:37:09,541 - httpx - INFO - HTTP Request: POST https://api.telegram.org/bot8942164862:AAEGbX-FW5J1ymTcNQQalAv8C6ak4UyB_q8/getUpdates "HTTP/1.1 200 OK"
2026-09-09 20:37:19,639 - httpx - INFO - HTTP Request: POST https://api.telegram.org/bot8942164862:AAEGbX-FW5J1ymTcNQQalAv8C6ak4UyB_q8/getUpdates "HTTP/1.1 200 OK"
2026-09-09 20:37:29,744 - httpx - INFO - HTTP Request: POST https://api.telegram.org/bot8942164862:AAEGbX-FW5J1ymTcNQQalAv8C6ak4UyB_q8/getUpdates "HTTP/1.1 200 OK"
2026-09-09 20:37:39,841 - httpx - INFO - HTTP Request: POST https://api.telegram.org/bot8942164862:AAEGbX-FW5J1ymTcNQQalAv8C6ak4UyB_q8/getUpdates "HTTP/1.1 200 OK"
2026-09-09 20:37:49,940 - httpx - INFO - HTTP Request: POST https://api.telegram.org/bot8942164862:AAEGbX-FW5J1ymTcNQQalAv8C6ak4UyB_q8/getUpdates "HTTP/1.1 200 OK"
2026-09-09 20:38:00,039 - httpx - INFO - HTTP Request: POST https://api.telegram.org/bot8942164862:AAEGbX-FW5J1ymTcNQQalAv8C6ak4UyB_q8/getUpdates "HTTP/1.1 200 OK"
2026-09-09 20:38:10,215 - httpx - INFO - HTTP Request: POST https://api.telegram.org/bot8942164862:AAEGbX-FW5J1ymTcNQQalAv8C6ak4UyB_q8/getUpdates "HTTP/1.1 200 OK"
2026-09-09 20:38:20,353 - httpx - INFO - HTTP Request: POST https://api.telegram.org/bot8942164862:AAEGbX-FW5J1ymTcNQQalAv8C6ak4UyB_q8/getUpdates "HTTP/1.1 200 OK"
2026-09-09 20:38:30,450 - httpx - INFO - HTTP Request: POST https://api.telegram.org/bot8942164862:AAEGbX-FW5J1ymTcNQQalAv8C6ak4UyB_q8/getUpdates "HTTP/1.1 200 OK"
2026-09-09 20:38:40,628 - httpx - INFO - HTTP Request: POST https://api.telegram.org/bot8942164862:AAEGbX-FW5J1ymTcNQQalAv8C6ak4UyB_q8/getUpdates "HTTP/1.1 200 OK"
2026-09-09 20:38:50,765 - httpx - INFO - HTTP Request: POST https://api.telegram.org/bot8942164862:AAEGbX-FW5J1ymTcNQQalAv8C6ak4UyB_q8/getUpdates "HTTP/1.1 200 OK"
2026-09-09 20:39:00,904 - httpx - INFO - HTTP Request: POST https://api.telegram.org/bot8942164862:AAEGbX-FW5J1ymTcNQQalAv8C6ak4UyB_q8/getUpdates "HTTP/1.1 200 OK"
2026-09-09 20:39:11,041 - httpx - INFO - HTTP Request: POST https://api.telegram.org/bot8942164862:AAEGbX-FW5J1ymTcNQQalAv8C6ak4UyB_q8/getUpdates "HTTP/1.1 200 OK"
2026-09-09 20:39:21,139 - httpx - INFO - HTTP Request: POST https://api.telegram.org/bot8942164862:AAEGbX-FW5J1ymTcNQQalAv8C6ak4UyB_q8/getUpdates "HTTP/1.1 200 OK"
2026-09-09 20:39:31,322 - httpx - INFO - HTTP Request: POST https://api.telegram.org/bot8942164862:AAEGbX-FW5J1ymTcNQQalAv8C6ak4UyB_q8/getUpdates "HTTP/1.1 200 OK"
2026-09-09 20:39:41,421 - httpx - INFO - HTTP Request: POST https://api.telegram.org/bot8942164862:AAEGbX-FW5J1ymTcNQQalAv8C6ak4UyB_q8/getUpdates "HTTP/1.1 200 OK"
2026-09-09 20:39:51,519 - httpx - INFO - HTTP Request: POST https://api.telegram.org/bot8942164862:AAEGbX-FW5J1ymTcNQQalAv8C6ak4UyB_q8/getUpdates "HTTP/1.1 200 OK"
2026-09-09 20:40:01,621 - httpx - INFO - HTTP Request: POST https://api.telegram.org/bot8942164862:AAEGbX-FW5J1ymTcNQQalAv8C6ak4UyB_q8/getUpdates "HTTP/1.1 200 OK"
2026-09-09 20:40:11,766 - httpx - INFO - HTTP Request: POST https://api.telegram.org/bot8942164862:AAEGbX-FW5J1ymTcNQQalAv8C6ak4UyB_q8/getUpdates "HTTP/1.1 200 OK"
2026-09-09 20:40:21,863 - httpx - INFO - HTTP Request: POST https://api.telegram.org/bot8942164862:AAEGbX-FW5J1ymTcNQQalAv8C6ak4UyB_q8/getUpdates "HTTP/1.1 200 OK"
2026-09-09 20:40:31,962 - httpx - INFO - HTTP Request: POST https://api.telegram.org/bot8942164862:AAEGbX-FW5J1ymTcNQQalAv8C6ak4UyB_q8/getUpdates "HTTP/1.1 200 OK"
2026-09-09 20:40:42,069 - httpx - INFO - HTTP Request: POST https://api.telegram.org/bot8942164862:AAEGbX-FW5J1ymTcNQQalAv8C6ak4UyB_q8/getUpdates "HTTP/1.1 200 OK"
2026-09-09 20:40:52,214 - httpx - INFO - HTTP Request: POST https://api.telegram.org/bot8942164862:AAEGbX-FW5J1ymTcNQQalAv8C6ak4UyB_q8/getUpdates "HTTP/1.1 200 OK"
2026-09-09 20:41:02,313 - httpx - INFO - HTTP Request: POST https://api.telegram.org/bot8942164862:AAEGbX-FW5J1ymTcNQQalAv8C6ak4UyB_q8/getUpdates "HTTP/1.1 200 OK"
2026-09-09 20:41:12,416 - httpx - INFO - HTTP Request: POST https://api.telegram.org/bot8942164862:AAEGbX-FW5J1ymTcNQQalAv8C6ak4UyB_q8/getUpdates "HTTP/1.1 200 OK"
2026-09-09 20:41:22,524 - httpx - INFO - HTTP Request: POST https://api.telegram.org/bot8942164862:AAEGbX-FW5J1ymTcNQQalAv8C6ak4UyB_q8/getUpdates "HTTP/1.1 200 OK"
2026-09-09 20:41:32,621 - httpx - INFO - HTTP Request: POST https://api.telegram.org/bot8942164862:AAEGbX-FW5J1ymTcNQQalAv8C6ak4UyB_q8/getUpdates "HTTP/1.1 200 OK"
2026-09-09 20:41:42,800 - httpx - INFO - HTTP Request: POST https://api.telegram.org/bot8942164862:AAEGbX-FW5J1ymTcNQQalAv8C6ak4UyB_q8/getUpdates "HTTP/1.1 200 OK"
2026-09-09 20:41:52,899 - httpx - INFO - HTTP Request: POST https://api.telegram.org/bot8942164862:AAEGbX-FW5J1ymTcNQQalAv8C6ak4UyB_q8/getUpdates "HTTP/1.1 200 OK"
2026-09-09 20:42:03,075 - httpx - INFO - HTTP Request: POST https://api.telegram.org/bot8942164862:AAEGbX-FW5J1ymTcNQQalAv8C6ak4UyB_q8/getUpdates "HTTP/1.1 200 OK"
2026-09-09 20:42:13,218 - httpx - INFO - HTTP Request: POST https://api.telegram.org/bot8942164862:AAEGbX-FW5J1ymTcNQQalAv8C6ak4UyB_q8/getUpdates "HTTP/1.1 200 OK"
2026-09-09 20:42:23,351 - httpx - INFO - HTTP Request: POST https://api.telegram.org/bot8942164862:AAEGbX-FW5J1ymTcNQQalAv8C6ak4UyB_q8/getUpdates "HTTP/1.1 200 OK"
2026-09-09 20:42:33,454 - httpx - INFO - HTTP Request: POST https://api.telegram.org/bot8942164862:AAEGbX-FW5J1ymTcNQQalAv8C6ak4UyB_q8/getUpdates "HTTP/1.1 200 OK"
2026-09-09 20:42:43,551 - httpx - INFO - HTTP Request: POST https://api.telegram.org/bot8942164862:AAEGbX-FW5J1ymTcNQQalAv8C6ak4UyB_q8/getUpdates "HTTP/1.1 200 OK"
2026-09-09 20:42:53,661 - httpx - INFO - HTTP Request: POST https://api.telegram.org/bot8942164862:AAEGbX-FW5J1ymTcNQQalAv8C6ak4UyB_q8/getUpdates "HTTP/1.1 200 OK"
2026-09-09 20:43:03,759 - httpx - INFO - HTTP Request: POST https://api.telegram.org/bot8942164862:AAEGbX-FW5J1ymTcNQQalAv8C6ak4UyB_q8/getUpdates "HTTP/1.1 200 OK"
2026-09-09 20:43:13,857 - httpx - INFO - HTTP Request: POST https://api.telegram.org/bot8942164862:AAEGbX-FW5J1ymTcNQQalAv8C6ak4UyB_q8/getUpdates "HTTP/1.1 200 OK"
2026-09-09 20:43:23,972 - httpx - INFO - HTTP Request: POST https://api.telegram.org/bot8942164862:AAEGbX-FW5J1ymTcNQQalAv8C6ak4UyB_q8/getUpdates "HTTP/1.1 200 OK"
2026-09-09 20:43:34,071 - httpx - INFO - HTTP Request: POST https://api.telegram.org/bot8942164862:AAEGbX-FW5J1ymTcNQQalAv8C6ak4UyB_q8/getUpdates "HTTP/1.1 200 OK"
2026-09-09 20:43:44,248 - httpx - INFO - HTTP Request: POST https://api.telegram.org/bot8942164862:AAEGbX-FW5J1ymTcNQQalAv8C6ak4UyB_q8/getUpdates "HTTP/1.1 200 OK"
2026-09-09 20:43:54,349 - httpx - INFO - HTTP Request: POST https://api.telegram.org/bot8942164862:AAEGbX-FW5J1ymTcNQQalAv8C6ak4UyB_q8/getUpdates "HTTP/1.1 200 OK"
2026-09-09 20:44:04,504 - httpx - INFO - HTTP Request: POST https://api.telegram.org/bot8942164862:AAEGbX-FW5J1ymTcNQQalAv8C6ak4UyB_q8/getUpdates "HTTP/1.1 200 OK"
2026-09-09 20:44:14,603 - httpx - INFO - HTTP Request: POST https://api.telegram.org/bot8942164862:AAEGbX-FW5J1ymTcNQQalAv8C6ak4UyB_q8/getUpdates "HTTP/1.1 200 OK"
2026-09-09 20:44:24,798 - httpx - INFO - HTTP Request: POST https://api.telegram.org/bot8942164862:AAEGbX-FW5J1ymTcNQQalAv8C6ak4UyB_q8/getUpdates "HTTP/1.1 200 OK"
2026-09-09 20:44:34,937 - httpx - INFO - HTTP Request: POST https://api.telegram.org/bot8942164862:AAEGbX-FW5J1ymTcNQQalAv8C6ak4UyB_q8/getUpdates "HTTP/1.1 200 OK"
2026-09-09 20:44:45,036 - httpx - INFO - HTTP Request: POST https://api.telegram.org/bot8942164862:AAEGbX-FW5J1ymTcNQQalAv8C6ak4UyB_q8/getUpdates "HTTP/1.1 200 OK"
2026-09-09 20:44:55,211 - httpx - INFO - HTTP Request: POST https://api.telegram.org/bot8942164862:AAEGbX-FW5J1ymTcNQQalAv8C6ak4UyB_q8/getUpdates "HTTP/1.1 200 OK"
2026-09-09 20:45:05,349 - httpx - INFO - HTTP Request: POST https://api.telegram.org/bot8942164862:AAEGbX-FW5J1ymTcNQQalAv8C6ak4UyB_q8/getUpdates "HTTP/1.1 200 OK"
2026-09-09 20:45:15,451 - httpx - INFO - HTTP Request: POST https://api.telegram.org/bot8942164862:AAEGbX-FW5J1ymTcNQQalAv8C6ak4UyB_q8/getUpdates "HTTP/1.1 200 OK"
2026-09-09 20:45:25,625 - httpx - INFO - HTTP Request: POST https://api.telegram.org/bot8942164862:AAEGbX-FW5J1ymTcNQQalAv8C6ak4UyB_q8/getUpdates "HTTP/1.1 200 OK"
2026-09-09 20:45:35,729 - httpx - INFO - HTTP Request: POST https://api.telegram.org/bot8942164862:AAEGbX-FW5J1ymTcNQQalAv8C6ak4UyB_q8/getUpdates "HTTP/1.1 200 OK"
2026-09-09 20:45:45,827 - httpx - INFO - HTTP Request: POST https://api.telegram.org/bot8942164862:AAEGbX-FW5J1ymTcNQQalAv8C6ak4UyB_q8/getUpdates "HTTP/1.1 200 OK"
2026-09-09 20:45:55,924 - httpx - INFO - HTTP Request: POST https://api.telegram.org/bot8942164862:AAEGbX-FW5J1ymTcNQQalAv8C6ak4UyB_q8/getUpdates "HTTP/1.1 200 OK"
2026-09-09 20:46:06,021 - httpx - INFO - HTTP Request: POST https://api.telegram.org/bot8942164862:AAEGbX-FW5J1ymTcNQQalAv8C6ak4UyB_q8/getUpdates "HTTP/1.1 200 OK"
2026-09-09 20:46:16,118 - httpx - INFO - HTTP Request: POST https://api.telegram.org/bot8942164862:AAEGbX-FW5J1ymTcNQQalAv8C6ak4UyB_q8/getUpdates "HTTP/1.1 200 OK"
2026-09-09 20:46:26,246 - httpx - INFO - HTTP Request: POST https://api.telegram.org/bot8942164862:AAEGbX-FW5J1ymTcNQQalAv8C6ak4UyB_q8/getUpdates "HTTP/1.1 200 OK"
2026-09-09 20:46:36,383 - httpx - INFO - HTTP Request: POST https://api.telegram.org/bot8942164862:AAEGbX-FW5J1ymTcNQQalAv8C6ak4UyB_q8/getUpdates "HTTP/1.1 200 OK"
2026-09-09 20:46:46,522 - httpx - INFO - HTTP Request: POST https://api.telegram.org/bot8942164862:AAEGbX-FW5J1ymTcNQQalAv8C6ak4UyB_q8/getUpdates "HTTP/1.1 200 OK"
2026-09-09 20:46:56,659 - httpx - INFO - HTTP Request: POST https://api.telegram.org/bot8942164862:AAEGbX-FW5J1ymTcNQQalAv8C6ak4UyB_q8/getUpdates "HTTP/1.1 200 OK"
2026-09-09 20:47:06,758 - httpx - INFO - HTTP Request: POST https://api.telegram.org/bot8942164862:AAEGbX-FW5J1ymTcNQQalAv8C6ak4UyB_q8/getUpdates "HTTP/1.1 200 OK"
2026-09-09 20:47:16,855 - httpx - INFO - HTTP Request: POST https://api.telegram.org/bot8942164862:AAEGbX-FW5J1ymTcNQQalAv8C6ak4UyB_q8/getUpdates "HTTP/1.1 200 OK"
2026-09-09 20:47:26,954 - httpx - INFO - HTTP Request: POST https://api.telegram.org/bot8942164862:AAEGbX-FW5J1ymTcNQQalAv8C6ak4UyB_q8/getUpdates "HTTP/1.1 200 OK"
2026-09-09 20:47:37,108 - httpx - INFO - HTTP Request: POST https://api.telegram.org/bot8942164862:AAEGbX-FW5J1ymTcNQQalAv8C6ak4UyB_q8/getUpdates "HTTP/1.1 200 OK"
2026-09-09 20:47:47,246 - httpx - INFO - HTTP Request: POST https://api.telegram.org/bot8942164862:AAEGbX-FW5J1ymTcNQQalAv8C6ak4UyB_q8/getUpdates "HTTP/1.1 200 OK"
2026-09-09 20:47:57,389 - httpx - INFO - HTTP Request: POST https://api.telegram.org/bot8942164862:AAEGbX-FW5J1ymTcNQQalAv8C6ak4UyB_q8/getUpdates "HTTP/1.1 200 OK"
2026-09-09 20:48:07,526 - httpx - INFO - HTTP Request: POST https://api.telegram.org/bot8942164862:AAEGbX-FW5J1ymTcNQQalAv8C6ak4UyB_q8/getUpdates "HTTP/1.1 200 OK"
2026-09-09 20:48:17,664 - httpx - INFO - HTTP Request: POST https://api.telegram.org/bot8942164862:AAEGbX-FW5J1ymTcNQQalAv8C6ak4UyB_q8/getUpdates "HTTP/1.1 200 OK"
2026-09-09 20:48:27,797 - httpx - INFO - HTTP Request: POST https://api.telegram.org/bot8942164862:AAEGbX-FW5J1ymTcNQQalAv8C6ak4UyB_q8/getUpdates "HTTP/1.1 200 OK"
2026-09-09 20:48:37,933 - httpx - INFO - HTTP Request: POST https://api.telegram.org/bot8942164862:AAEGbX-FW5J1ymTcNQQalAv8C6ak4UyB_q8/getUpdates "HTTP/1.1 200 OK"
2026-09-09 20:48:48,077 - httpx - INFO - HTTP Request: POST https://api.telegram.org/bot8942164862:AAEGbX-FW5J1ymTcNQQalAv8C6ak4UyB_q8/getUpdates "HTTP/1.1 200 OK"
2026-09-09 20:48:58,177 - httpx - INFO - HTTP Request: POST https://api.telegram.org/bot8942164862:AAEGbX-FW5J1ymTcNQQalAv8C6ak4UyB_q8/getUpdates "HTTP/1.1 200 OK"
2026-09-09 20:49:08,274 - httpx - INFO - HTTP Request: POST https://api.telegram.org/bot8942164862:AAEGbX-FW5J1ymTcNQQalAv8C6ak4UyB_q8/getUpdates "HTTP/1.1 200 OK"
2026-09-09 20:49:18,371 - httpx - INFO - HTTP Request: POST https://api.telegram.org/bot8942164862:AAEGbX-FW5J1ymTcNQQalAv8C6ak4UyB_q8/getUpdates "HTTP/1.1 200 OK"
2026-09-09 20:49:28,470 - httpx - INFO - HTTP Request: POST https://api.telegram.org/bot8942164862:AAEGbX-FW5J1ymTcNQQalAv8C6ak4UyB_q8/getUpdates "HTTP/1.1 200 OK"
2026-09-09 20:49:38,573 - httpx - INFO - HTTP Request: POST https://api.telegram.org/bot8942164862:AAEGbX-FW5J1ymTcNQQalAv8C6ak4UyB_q8/getUpdates "HTTP/1.1 200 OK"
2026-09-09 20:49:48,672 - httpx - INFO - HTTP Request: POST https://api.telegram.org/bot8942164862:AAEGbX-FW5J1ymTcNQQalAv8C6ak4UyB_q8/getUpdates "HTTP/1.1 200 OK"
2026-09-09 20:49:58,774 - httpx - INFO - HTTP Request: POST https://api.telegram.org/bot8942164862:AAEGbX-FW5J1ymTcNQQalAv8C6ak4UyB_q8/getUpdates "HTTP/1.1 200 OK"
2026-09-09 20:50:08,872 - httpx - INFO - HTTP Request: POST https://api.telegram.org/bot8942164862:AAEGbX-FW5J1ymTcNQQalAv8C6ak4UyB_q8/getUpdates "HTTP/1.1 200 OK"
2026-09-09 20:50:19,009 - httpx - INFO - HTTP Request: POST https://api.telegram.org/bot8942164862:AAEGbX-FW5J1ymTcNQQalAv8C6ak4UyB_q8/getUpdates "HTTP/1.1 200 OK"
2026-09-09 20:50:29,109 - httpx - INFO - HTTP Request: POST https://api.telegram.org/bot8942164862:AAEGbX-FW5J1ymTcNQQalAv8C6ak4UyB_q8/getUpdates "HTTP/1.1 200 OK"
2026-09-09 20:50:39,208 - httpx - INFO - HTTP Request: POST https://api.telegram.org/bot8942164862:AAEGbX-FW5J1ymTcNQQalAv8C6ak4UyB_q8/getUpdates "HTTP/1.1 200 OK"
2026-09-09 20:50:50,206 - httpx - INFO - HTTP Request: POST https://api.telegram.org/bot8942164862:AAEGbX-FW5J1ymTcNQQalAv8C6ak4UyB_q8/getUpdates "HTTP/1.1 200 OK"
2026-09-09 20:50:52,007 - telegram.ext.Application - ERROR - No error handlers are registered, logging exception.
Traceback (most recent call last):
  File "/home/nozimbek/Downloads/files (2)/.venv/lib/python3.14/site-packages/httpx/_transports/default.py", line 101, in map_httpcore_exceptions
    yield
  File "/home/nozimbek/Downloads/files (2)/.venv/lib/python3.14/site-packages/httpx/_transports/default.py", line 394, in handle_async_request
    resp = await self._pool.handle_async_request(req)
           ^^^^^^^^^^^^^^^^^^^^^^^^^^^^^^^^^^^^^^^^^^
  File "/home/nozimbek/Downloads/files (2)/.venv/lib/python3.14/site-packages/httpcore/_async/connection_pool.py", line 256, in handle_async_request
    raise exc from None
  File "/home/nozimbek/Downloads/files (2)/.venv/lib/python3.14/site-packages/httpcore/_async/connection_pool.py", line 236, in handle_async_request
    response = await connection.handle_async_request(
               ^^^^^^^^^^^^^^^^^^^^^^^^^^^^^^^^^^^^^^
        pool_request.request
        ^^^^^^^^^^^^^^^^^^^^
    )
    ^
  File "/home/nozimbek/Downloads/files (2)/.venv/lib/python3.14/site-packages/httpcore/_async/connection.py", line 103, in handle_async_request
    return await self._connection.handle_async_request(request)
           ^^^^^^^^^^^^^^^^^^^^^^^^^^^^^^^^^^^^^^^^^^^^^^^^^^^^
  File "/home/nozimbek/Downloads/files (2)/.venv/lib/python3.14/site-packages/httpcore/_async/http11.py", line 136, in handle_async_request
    raise exc
  File "/home/nozimbek/Downloads/files (2)/.venv/lib/python3.14/site-packages/httpcore/_async/http11.py", line 106, in handle_async_request
    ) = await self._receive_response_headers(**kwargs)
        ^^^^^^^^^^^^^^^^^^^^^^^^^^^^^^^^^^^^^^^^^^^^^^
  File "/home/nozimbek/Downloads/files (2)/.venv/lib/python3.14/site-packages/httpcore/_async/http11.py", line 177, in _receive_response_headers
    event = await self._receive_event(timeout=timeout)
            ^^^^^^^^^^^^^^^^^^^^^^^^^^^^^^^^^^^^^^^^^^
  File "/home/nozimbek/Downloads/files (2)/.venv/lib/python3.14/site-packages/httpcore/_async/http11.py", line 217, in _receive_event
    data = await self._network_stream.read(
           ^^^^^^^^^^^^^^^^^^^^^^^^^^^^^^^^
        self.READ_NUM_BYTES, timeout=timeout
        ^^^^^^^^^^^^^^^^^^^^^^^^^^^^^^^^^^^^
    )
    ^
  File "/home/nozimbek/Downloads/files (2)/.venv/lib/python3.14/site-packages/httpcore/_backends/anyio.py", line 32, in read
    with map_exceptions(exc_map):
         ~~~~~~~~~~~~~~^^^^^^^^^
  File "/usr/lib/python3.14/contextlib.py", line 162, in __exit__
    self.gen.throw(value)
    ~~~~~~~~~~~~~~^^^^^^^
  File "/home/nozimbek/Downloads/files (2)/.venv/lib/python3.14/site-packages/httpcore/_exceptions.py", line 14, in map_exceptions
    raise to_exc(exc) from exc
httpcore.ReadError

The above exception was the direct cause of the following exception:

Traceback (most recent call last):
  File "/home/nozimbek/Downloads/files (2)/.venv/lib/python3.14/site-packages/telegram/request/_httpxrequest.py", line 279, in do_request
    res = await self._client.request(
          ^^^^^^^^^^^^^^^^^^^^^^^^^^^
    ...<6 lines>...
    )
    ^
  File "/home/nozimbek/Downloads/files (2)/.venv/lib/python3.14/site-packages/httpx/_client.py", line 1540, in request
    return await self.send(request, auth=auth, follow_redirects=follow_redirects)
           ^^^^^^^^^^^^^^^^^^^^^^^^^^^^^^^^^^^^^^^^^^^^^^^^^^^^^^^^^^^^^^^^^^^^^^
  File "/home/nozimbek/Downloads/files (2)/.venv/lib/python3.14/site-packages/httpx/_client.py", line 1629, in send
    response = await self._send_handling_auth(
               ^^^^^^^^^^^^^^^^^^^^^^^^^^^^^^^
    ...<4 lines>...
    )
    ^
  File "/home/nozimbek/Downloads/files (2)/.venv/lib/python3.14/site-packages/httpx/_client.py", line 1657, in _send_handling_auth
    response = await self._send_handling_redirects(
               ^^^^^^^^^^^^^^^^^^^^^^^^^^^^^^^^^^^^
    ...<3 lines>...
    )
    ^
  File "/home/nozimbek/Downloads/files (2)/.venv/lib/python3.14/site-packages/httpx/_client.py", line 1694, in _send_handling_redirects
    response = await self._send_single_request(request)
               ^^^^^^^^^^^^^^^^^^^^^^^^^^^^^^^^^^^^^^^^
  File "/home/nozimbek/Downloads/files (2)/.venv/lib/python3.14/site-packages/httpx/_client.py", line 1730, in _send_single_request
    response = await transport.handle_async_request(request)
               ^^^^^^^^^^^^^^^^^^^^^^^^^^^^^^^^^^^^^^^^^^^^^
  File "/home/nozimbek/Downloads/files (2)/.venv/lib/python3.14/site-packages/httpx/_transports/default.py", line 393, in handle_async_request
    with map_httpcore_exceptions():
         ~~~~~~~~~~~~~~~~~~~~~~~^^
  File "/usr/lib/python3.14/contextlib.py", line 162, in __exit__
    self.gen.throw(value)
    ~~~~~~~~~~~~~~^^^^^^^
  File "/home/nozimbek/Downloads/files (2)/.venv/lib/python3.14/site-packages/httpx/_transports/default.py", line 118, in map_httpcore_exceptions
    raise mapped_exc(message) from exc
httpx.ReadError

The above exception was the direct cause of the following exception:

Traceback (most recent call last):
  File "/home/nozimbek/Downloads/files (2)/.venv/lib/python3.14/site-packages/telegram/ext/_utils/networkloop.py", line 161, in network_retry_loop
    await do_action()
  File "/home/nozimbek/Downloads/files (2)/.venv/lib/python3.14/site-packages/telegram/ext/_utils/networkloop.py", line 154, in do_action
    action_cb_task.result()
    ~~~~~~~~~~~~~~~~~~~~~^^
  File "/home/nozimbek/Downloads/files (2)/.venv/lib/python3.14/site-packages/telegram/ext/_updater.py", line 340, in polling_action_cb
    updates = await self.bot.get_updates(
              ^^^^^^^^^^^^^^^^^^^^^^^^^^^
    ...<3 lines>...
    )
    ^
  File "/home/nozimbek/Downloads/files (2)/.venv/lib/python3.14/site-packages/telegram/ext/_extbot.py", line 680, in get_updates
    updates = await super().get_updates(
              ^^^^^^^^^^^^^^^^^^^^^^^^^^
    ...<9 lines>...
    )
    ^
  File "/home/nozimbek/Downloads/files (2)/.venv/lib/python3.14/site-packages/telegram/_bot.py", line 4767, in get_updates
    await self._post(
    ^^^^^^^^^^^^^^^^^
    ...<7 lines>...
    ),
    ^
  File "/home/nozimbek/Downloads/files (2)/.venv/lib/python3.14/site-packages/telegram/_bot.py", line 712, in _post
    return await self._do_post(
           ^^^^^^^^^^^^^^^^^^^^
    ...<6 lines>...
    )
    ^
  File "/home/nozimbek/Downloads/files (2)/.venv/lib/python3.14/site-packages/telegram/ext/_extbot.py", line 378, in _do_post
    return await super()._do_post(
           ^^^^^^^^^^^^^^^^^^^^^^^
    ...<6 lines>...
    )
    ^
  File "/home/nozimbek/Downloads/files (2)/.venv/lib/python3.14/site-packages/telegram/_bot.py", line 741, in _do_post
    result = await request.post(
             ^^^^^^^^^^^^^^^^^^^
    ...<6 lines>...
    )
    ^
  File "/home/nozimbek/Downloads/files (2)/.venv/lib/python3.14/site-packages/telegram/request/_baserequest.py", line 198, in post
    result = await self._request_wrapper(
             ^^^^^^^^^^^^^^^^^^^^^^^^^^^^
    ...<7 lines>...
    )
    ^
  File "/home/nozimbek/Downloads/files (2)/.venv/lib/python3.14/site-packages/telegram/request/_baserequest.py", line 305, in _request_wrapper
    code, payload = await self.do_request(
                    ^^^^^^^^^^^^^^^^^^^^^^
    ...<7 lines>...
    )
    ^
  File "/home/nozimbek/Downloads/files (2)/.venv/lib/python3.14/site-packages/telegram/request/_httpxrequest.py", line 303, in do_request
    raise NetworkError(f"httpx.{err.__class__.__name__}: {err}") from err
telegram.error.NetworkError: httpx.ReadError: 
2026-09-09 20:51:03,340 - httpx - INFO - HTTP Request: POST https://api.telegram.org/bot8942164862:AAEGbX-FW5J1ymTcNQQalAv8C6ak4UyB_q8/getUpdates "HTTP/1.1 200 OK"
2026-09-09 20:51:13,482 - httpx - INFO - HTTP Request: POST https://api.telegram.org/bot8942164862:AAEGbX-FW5J1ymTcNQQalAv8C6ak4UyB_q8/getUpdates "HTTP/1.1 200 OK"
2026-09-09 20:51:38,876 - httpx - INFO - HTTP Request: POST https://api.telegram.org/bot8942164862:AAEGbX-FW5J1ymTcNQQalAv8C6ak4UyB_q8/getUpdates "HTTP/1.1 200 OK"
2026-09-09 20:51:49,015 - httpx - INFO - HTTP Request: POST https://api.telegram.org/bot8942164862:AAEGbX-FW5J1ymTcNQQalAv8C6ak4UyB_q8/getUpdates "HTTP/1.1 200 OK"
2026-09-09 20:51:59,153 - httpx - INFO - HTTP Request: POST https://api.telegram.org/bot8942164862:AAEGbX-FW5J1ymTcNQQalAv8C6ak4UyB_q8/getUpdates "HTTP/1.1 200 OK"
2026-09-09 20:52:09,255 - httpx - INFO - HTTP Request: POST https://api.telegram.org/bot8942164862:AAEGbX-FW5J1ymTcNQQalAv8C6ak4UyB_q8/getUpdates "HTTP/1.1 200 OK"
2026-09-09 20:52:19,427 - httpx - INFO - HTTP Request: POST https://api.telegram.org/bot8942164862:AAEGbX-FW5J1ymTcNQQalAv8C6ak4UyB_q8/getUpdates "HTTP/1.1 200 OK"
2026-09-09 20:52:29,538 - httpx - INFO - HTTP Request: POST https://api.telegram.org/bot8942164862:AAEGbX-FW5J1ymTcNQQalAv8C6ak4UyB_q8/getUpdates "HTTP/1.1 200 OK"
2026-09-09 20:52:39,705 - httpx - INFO - HTTP Request: POST https://api.telegram.org/bot8942164862:AAEGbX-FW5J1ymTcNQQalAv8C6ak4UyB_q8/getUpdates "HTTP/1.1 200 OK"
2026-09-09 20:52:49,811 - httpx - INFO - HTTP Request: POST https://api.telegram.org/bot8942164862:AAEGbX-FW5J1ymTcNQQalAv8C6ak4UyB_q8/getUpdates "HTTP/1.1 200 OK"
2026-09-09 20:52:59,927 - httpx - INFO - HTTP Request: POST https://api.telegram.org/bot8942164862:AAEGbX-FW5J1ymTcNQQalAv8C6ak4UyB_q8/getUpdates "HTTP/1.1 200 OK"
2026-09-09 20:53:10,035 - httpx - INFO - HTTP Request: POST https://api.telegram.org/bot8942164862:AAEGbX-FW5J1ymTcNQQalAv8C6ak4UyB_q8/getUpdates "HTTP/1.1 200 OK"
2026-09-09 20:53:20,143 - httpx - INFO - HTTP Request: POST https://api.telegram.org/bot8942164862:AAEGbX-FW5J1ymTcNQQalAv8C6ak4UyB_q8/getUpdates "HTTP/1.1 200 OK"
2026-09-09 20:53:30,255 - httpx - INFO - HTTP Request: POST https://api.telegram.org/bot8942164862:AAEGbX-FW5J1ymTcNQQalAv8C6ak4UyB_q8/getUpdates "HTTP/1.1 200 OK"
2026-09-09 20:53:40,427 - httpx - INFO - HTTP Request: POST https://api.telegram.org/bot8942164862:AAEGbX-FW5J1ymTcNQQalAv8C6ak4UyB_q8/getUpdates "HTTP/1.1 200 OK"
2026-09-09 20:53:50,536 - httpx - INFO - HTTP Request: POST https://api.telegram.org/bot8942164862:AAEGbX-FW5J1ymTcNQQalAv8C6ak4UyB_q8/getUpdates "HTTP/1.1 200 OK"
2026-09-09 20:54:00,703 - httpx - INFO - HTTP Request: POST https://api.telegram.org/bot8942164862:AAEGbX-FW5J1ymTcNQQalAv8C6ak4UyB_q8/getUpdates "HTTP/1.1 200 OK"
2026-09-09 20:54:10,846 - httpx - INFO - HTTP Request: POST https://api.telegram.org/bot8942164862:AAEGbX-FW5J1ymTcNQQalAv8C6ak4UyB_q8/getUpdates "HTTP/1.1 200 OK"
2026-09-09 20:54:20,978 - httpx - INFO - HTTP Request: POST https://api.telegram.org/bot8942164862:AAEGbX-FW5J1ymTcNQQalAv8C6ak4UyB_q8/getUpdates "HTTP/1.1 200 OK"
2026-09-09 20:54:31,116 - httpx - INFO - HTTP Request: POST https://api.telegram.org/bot8942164862:AAEGbX-FW5J1ymTcNQQalAv8C6ak4UyB_q8/getUpdates "HTTP/1.1 200 OK"
2026-09-09 20:54:41,253 - httpx - INFO - HTTP Request: POST https://api.telegram.org/bot8942164862:AAEGbX-FW5J1ymTcNQQalAv8C6ak4UyB_q8/getUpdates "HTTP/1.1 200 OK"
2026-09-09 20:54:51,359 - httpx - INFO - HTTP Request: POST https://api.telegram.org/bot8942164862:AAEGbX-FW5J1ymTcNQQalAv8C6ak4UyB_q8/getUpdates "HTTP/1.1 200 OK"
2026-09-09 20:55:01,478 - httpx - INFO - HTTP Request: POST https://api.telegram.org/bot8942164862:AAEGbX-FW5J1ymTcNQQalAv8C6ak4UyB_q8/getUpdates "HTTP/1.1 200 OK"
2026-09-09 20:55:11,578 - httpx - INFO - HTTP Request: POST https://api.telegram.org/bot8942164862:AAEGbX-FW5J1ymTcNQQalAv8C6ak4UyB_q8/getUpdates "HTTP/1.1 200 OK"
2026-09-09 20:55:21,677 - httpx - INFO - HTTP Request: POST https://api.telegram.org/bot8942164862:AAEGbX-FW5J1ymTcNQQalAv8C6ak4UyB_q8/getUpdates "HTTP/1.1 200 OK"
2026-09-09 20:55:31,840 - httpx - INFO - HTTP Request: POST https://api.telegram.org/bot8942164862:AAEGbX-FW5J1ymTcNQQalAv8C6ak4UyB_q8/getUpdates "HTTP/1.1 200 OK"
2026-09-09 20:55:41,977 - httpx - INFO - HTTP Request: POST https://api.telegram.org/bot8942164862:AAEGbX-FW5J1ymTcNQQalAv8C6ak4UyB_q8/getUpdates "HTTP/1.1 200 OK"
2026-09-09 20:55:52,083 - httpx - INFO - HTTP Request: POST https://api.telegram.org/bot8942164862:AAEGbX-FW5J1ymTcNQQalAv8C6ak4UyB_q8/getUpdates "HTTP/1.1 200 OK"
2026-09-09 20:56:02,186 - httpx - INFO - HTTP Request: POST https://api.telegram.org/bot8942164862:AAEGbX-FW5J1ymTcNQQalAv8C6ak4UyB_q8/getUpdates "HTTP/1.1 200 OK"
2026-09-09 20:56:12,390 - httpx - INFO - HTTP Request: POST https://api.telegram.org/bot8942164862:AAEGbX-FW5J1ymTcNQQalAv8C6ak4UyB_q8/getUpdates "HTTP/1.1 200 OK"
2026-09-09 20:56:22,528 - httpx - INFO - HTTP Request: POST https://api.telegram.org/bot8942164862:AAEGbX-FW5J1ymTcNQQalAv8C6ak4UyB_q8/getUpdates "HTTP/1.1 200 OK"
2026-09-09 20:56:32,633 - httpx - INFO - HTTP Request: POST https://api.telegram.org/bot8942164862:AAEGbX-FW5J1ymTcNQQalAv8C6ak4UyB_q8/getUpdates "HTTP/1.1 200 OK"
2026-09-09 20:56:42,742 - httpx - INFO - HTTP Request: POST https://api.telegram.org/bot8942164862:AAEGbX-FW5J1ymTcNQQalAv8C6ak4UyB_q8/getUpdates "HTTP/1.1 200 OK"
2026-09-09 20:56:52,947 - httpx - INFO - HTTP Request: POST https://api.telegram.org/bot8942164862:AAEGbX-FW5J1ymTcNQQalAv8C6ak4UyB_q8/getUpdates "HTTP/1.1 200 OK"
2026-09-09 20:57:03,079 - httpx - INFO - HTTP Request: POST https://api.telegram.org/bot8942164862:AAEGbX-FW5J1ymTcNQQalAv8C6ak4UyB_q8/getUpdates "HTTP/1.1 200 OK"
2026-09-09 20:57:13,184 - httpx - INFO - HTTP Request: POST https://api.telegram.org/bot8942164862:AAEGbX-FW5J1ymTcNQQalAv8C6ak4UyB_q8/getUpdates "HTTP/1.1 200 OK"
2026-09-09 20:57:23,285 - httpx - INFO - HTTP Request: POST https://api.telegram.org/bot8942164862:AAEGbX-FW5J1ymTcNQQalAv8C6ak4UyB_q8/getUpdates "HTTP/1.1 200 OK"
2026-09-09 20:57:33,392 - httpx - INFO - HTTP Request: POST https://api.telegram.org/bot8942164862:AAEGbX-FW5J1ymTcNQQalAv8C6ak4UyB_q8/getUpdates "HTTP/1.1 200 OK"
2026-09-09 20:57:43,496 - httpx - INFO - HTTP Request: POST https://api.telegram.org/bot8942164862:AAEGbX-FW5J1ymTcNQQalAv8C6ak4UyB_q8/getUpdates "HTTP/1.1 200 OK"
2026-09-09 20:57:53,600 - httpx - INFO - HTTP Request: POST https://api.telegram.org/bot8942164862:AAEGbX-FW5J1ymTcNQQalAv8C6ak4UyB_q8/getUpdates "HTTP/1.1 200 OK"
2026-09-09 20:58:03,720 - httpx - INFO - HTTP Request: POST https://api.telegram.org/bot8942164862:AAEGbX-FW5J1ymTcNQQalAv8C6ak4UyB_q8/getUpdates "HTTP/1.1 200 OK"
2026-09-09 20:58:13,838 - httpx - INFO - HTTP Request: POST https://api.telegram.org/bot8942164862:AAEGbX-FW5J1ymTcNQQalAv8C6ak4UyB_q8/getUpdates "HTTP/1.1 200 OK"
2026-09-09 20:58:23,952 - httpx - INFO - HTTP Request: POST https://api.telegram.org/bot8942164862:AAEGbX-FW5J1ymTcNQQalAv8C6ak4UyB_q8/getUpdates "HTTP/1.1 200 OK"
2026-09-09 20:58:34,109 - httpx - INFO - HTTP Request: POST https://api.telegram.org/bot8942164862:AAEGbX-FW5J1ymTcNQQalAv8C6ak4UyB_q8/getUpdates "HTTP/1.1 200 OK"
2026-09-09 20:58:44,215 - httpx - INFO - HTTP Request: POST https://api.telegram.org/bot8942164862:AAEGbX-FW5J1ymTcNQQalAv8C6ak4UyB_q8/getUpdates "HTTP/1.1 200 OK"
2026-09-09 20:58:54,320 - httpx - INFO - HTTP Request: POST https://api.telegram.org/bot8942164862:AAEGbX-FW5J1ymTcNQQalAv8C6ak4UyB_q8/getUpdates "HTTP/1.1 200 OK"
2026-09-09 20:59:04,527 - httpx - INFO - HTTP Request: POST https://api.telegram.org/bot8942164862:AAEGbX-FW5J1ymTcNQQalAv8C6ak4UyB_q8/getUpdates "HTTP/1.1 200 OK"
2026-09-09 20:59:14,636 - httpx - INFO - HTTP Request: POST https://api.telegram.org/bot8942164862:AAEGbX-FW5J1ymTcNQQalAv8C6ak4UyB_q8/getUpdates "HTTP/1.1 200 OK"
2026-09-09 20:59:24,808 - httpx - INFO - HTTP Request: POST https://api.telegram.org/bot8942164862:AAEGbX-FW5J1ymTcNQQalAv8C6ak4UyB_q8/getUpdates "HTTP/1.1 200 OK"
2026-09-09 20:59:34,940 - httpx - INFO - HTTP Request: POST https://api.telegram.org/bot8942164862:AAEGbX-FW5J1ymTcNQQalAv8C6ak4UyB_q8/getUpdates "HTTP/1.1 200 OK"
2026-09-09 20:59:45,045 - httpx - INFO - HTTP Request: POST https://api.telegram.org/bot8942164862:AAEGbX-FW5J1ymTcNQQalAv8C6ak4UyB_q8/getUpdates "HTTP/1.1 200 OK"
2026-09-09 20:59:55,215 - httpx - INFO - HTTP Request: POST https://api.telegram.org/bot8942164862:AAEGbX-FW5J1ymTcNQQalAv8C6ak4UyB_q8/getUpdates "HTTP/1.1 200 OK"
2026-09-09 21:00:05,353 - httpx - INFO - HTTP Request: POST https://api.telegram.org/bot8942164862:AAEGbX-FW5J1ymTcNQQalAv8C6ak4UyB_q8/getUpdates "HTTP/1.1 200 OK"
2026-09-09 21:00:15,490 - httpx - INFO - HTTP Request: POST https://api.telegram.org/bot8942164862:AAEGbX-FW5J1ymTcNQQalAv8C6ak4UyB_q8/getUpdates "HTTP/1.1 200 OK"
2026-09-09 21:00:25,634 - httpx - INFO - HTTP Request: POST https://api.telegram.org/bot8942164862:AAEGbX-FW5J1ymTcNQQalAv8C6ak4UyB_q8/getUpdates "HTTP/1.1 200 OK"
2026-09-09 21:00:35,766 - httpx - INFO - HTTP Request: POST https://api.telegram.org/bot8942164862:AAEGbX-FW5J1ymTcNQQalAv8C6ak4UyB_q8/getUpdates "HTTP/1.1 200 OK"
2026-09-09 21:00:45,889 - httpx - INFO - HTTP Request: POST https://api.telegram.org/bot8942164862:AAEGbX-FW5J1ymTcNQQalAv8C6ak4UyB_q8/getUpdates "HTTP/1.1 200 OK"
2026-09-09 21:00:55,996 - httpx - INFO - HTTP Request: POST https://api.telegram.org/bot8942164862:AAEGbX-FW5J1ymTcNQQalAv8C6ak4UyB_q8/getUpdates "HTTP/1.1 200 OK"
2026-09-09 21:01:06,179 - httpx - INFO - HTTP Request: POST https://api.telegram.org/bot8942164862:AAEGbX-FW5J1ymTcNQQalAv8C6ak4UyB_q8/getUpdates "HTTP/1.1 200 OK"
2026-09-09 21:01:16,288 - httpx - INFO - HTTP Request: POST https://api.telegram.org/bot8942164862:AAEGbX-FW5J1ymTcNQQalAv8C6ak4UyB_q8/getUpdates "HTTP/1.1 200 OK"
2026-09-09 21:01:26,403 - httpx - INFO - HTTP Request: POST https://api.telegram.org/bot8942164862:AAEGbX-FW5J1ymTcNQQalAv8C6ak4UyB_q8/getUpdates "HTTP/1.1 200 OK"
2026-09-09 21:01:36,594 - httpx - INFO - HTTP Request: POST https://api.telegram.org/bot8942164862:AAEGbX-FW5J1ymTcNQQalAv8C6ak4UyB_q8/getUpdates "HTTP/1.1 200 OK"
2026-09-09 21:01:46,706 - httpx - INFO - HTTP Request: POST https://api.telegram.org/bot8942164862:AAEGbX-FW5J1ymTcNQQalAv8C6ak4UyB_q8/getUpdates "HTTP/1.1 200 OK"
2026-09-09 21:01:56,816 - httpx - INFO - HTTP Request: POST https://api.telegram.org/bot8942164862:AAEGbX-FW5J1ymTcNQQalAv8C6ak4UyB_q8/getUpdates "HTTP/1.1 200 OK"
2026-09-09 21:02:06,932 - httpx - INFO - HTTP Request: POST https://api.telegram.org/bot8942164862:AAEGbX-FW5J1ymTcNQQalAv8C6ak4UyB_q8/getUpdates "HTTP/1.1 200 OK"
2026-09-09 21:02:17,144 - httpx - INFO - HTTP Request: POST https://api.telegram.org/bot8942164862:AAEGbX-FW5J1ymTcNQQalAv8C6ak4UyB_q8/getUpdates "HTTP/1.1 200 OK"
2026-09-09 21:02:27,244 - httpx - INFO - HTTP Request: POST https://api.telegram.org/bot8942164862:AAEGbX-FW5J1ymTcNQQalAv8C6ak4UyB_q8/getUpdates "HTTP/1.1 200 OK"
2026-09-09 21:02:37,419 - httpx - INFO - HTTP Request: POST https://api.telegram.org/bot8942164862:AAEGbX-FW5J1ymTcNQQalAv8C6ak4UyB_q8/getUpdates "HTTP/1.1 200 OK"
2026-09-09 21:02:47,532 - httpx - INFO - HTTP Request: POST https://api.telegram.org/bot8942164862:AAEGbX-FW5J1ymTcNQQalAv8C6ak4UyB_q8/getUpdates "HTTP/1.1 200 OK"
2026-09-09 21:02:57,694 - httpx - INFO - HTTP Request: POST https://api.telegram.org/bot8942164862:AAEGbX-FW5J1ymTcNQQalAv8C6ak4UyB_q8/getUpdates "HTTP/1.1 200 OK"
2026-09-09 21:03:07,832 - httpx - INFO - HTTP Request: POST https://api.telegram.org/bot8942164862:AAEGbX-FW5J1ymTcNQQalAv8C6ak4UyB_q8/getUpdates "HTTP/1.1 200 OK"
2026-09-09 21:03:17,938 - httpx - INFO - HTTP Request: POST https://api.telegram.org/bot8942164862:AAEGbX-FW5J1ymTcNQQalAv8C6ak4UyB_q8/getUpdates "HTTP/1.1 200 OK"
2026-09-09 21:03:28,108 - httpx - INFO - HTTP Request: POST https://api.telegram.org/bot8942164862:AAEGbX-FW5J1ymTcNQQalAv8C6ak4UyB_q8/getUpdates "HTTP/1.1 200 OK"
2026-09-09 21:03:38,216 - httpx - INFO - HTTP Request: POST https://api.telegram.org/bot8942164862:AAEGbX-FW5J1ymTcNQQalAv8C6ak4UyB_q8/getUpdates "HTTP/1.1 200 OK"
2026-09-09 21:03:48,383 - httpx - INFO - HTTP Request: POST https://api.telegram.org/bot8942164862:AAEGbX-FW5J1ymTcNQQalAv8C6ak4UyB_q8/getUpdates "HTTP/1.1 200 OK"
2026-09-09 21:03:58,486 - httpx - INFO - HTTP Request: POST https://api.telegram.org/bot8942164862:AAEGbX-FW5J1ymTcNQQalAv8C6ak4UyB_q8/getUpdates "HTTP/1.1 200 OK"
2026-09-09 21:04:08,591 - httpx - INFO - HTTP Request: POST https://api.telegram.org/bot8942164862:AAEGbX-FW5J1ymTcNQQalAv8C6ak4UyB_q8/getUpdates "HTTP/1.1 200 OK"
2026-09-09 21:04:18,796 - httpx - INFO - HTTP Request: POST https://api.telegram.org/bot8942164862:AAEGbX-FW5J1ymTcNQQalAv8C6ak4UyB_q8/getUpdates "HTTP/1.1 200 OK"
2026-09-09 21:04:28,896 - httpx - INFO - HTTP Request: POST https://api.telegram.org/bot8942164862:AAEGbX-FW5J1ymTcNQQalAv8C6ak4UyB_q8/getUpdates "HTTP/1.1 200 OK"
2026-09-09 21:04:39,005 - httpx - INFO - HTTP Request: POST https://api.telegram.org/bot8942164862:AAEGbX-FW5J1ymTcNQQalAv8C6ak4UyB_q8/getUpdates "HTTP/1.1 200 OK"
2026-09-09 21:04:49,115 - httpx - INFO - HTTP Request: POST https://api.telegram.org/bot8942164862:AAEGbX-FW5J1ymTcNQQalAv8C6ak4UyB_q8/getUpdates "HTTP/1.1 200 OK"
2026-09-09 21:04:59,217 - httpx - INFO - HTTP Request: POST https://api.telegram.org/bot8942164862:AAEGbX-FW5J1ymTcNQQalAv8C6ak4UyB_q8/getUpdates "HTTP/1.1 200 OK"
2026-09-09 21:05:09,382 - httpx - INFO - HTTP Request: POST https://api.telegram.org/bot8942164862:AAEGbX-FW5J1ymTcNQQalAv8C6ak4UyB_q8/getUpdates "HTTP/1.1 200 OK"
2026-09-09 21:05:19,487 - httpx - INFO - HTTP Request: POST https://api.telegram.org/bot8942164862:AAEGbX-FW5J1ymTcNQQalAv8C6ak4UyB_q8/getUpdates "HTTP/1.1 200 OK"
2026-09-09 21:05:29,658 - httpx - INFO - HTTP Request: POST https://api.telegram.org/bot8942164862:AAEGbX-FW5J1ymTcNQQalAv8C6ak4UyB_q8/getUpdates "HTTP/1.1 200 OK"
2026-09-09 21:05:39,897 - httpx - INFO - HTTP Request: POST https://api.telegram.org/bot8942164862:AAEGbX-FW5J1ymTcNQQalAv8C6ak4UyB_q8/getUpdates "HTTP/1.1 200 OK"
2026-09-09 21:05:50,035 - httpx - INFO - HTTP Request: POST https://api.telegram.org/bot8942164862:AAEGbX-FW5J1ymTcNQQalAv8C6ak4UyB_q8/getUpdates "HTTP/1.1 200 OK"
2026-09-09 21:06:00,141 - httpx - INFO - HTTP Request: POST https://api.telegram.org/bot8942164862:AAEGbX-FW5J1ymTcNQQalAv8C6ak4UyB_q8/getUpdates "HTTP/1.1 200 OK"
2026-09-09 21:06:10,243 - httpx - INFO - HTTP Request: POST https://api.telegram.org/bot8942164862:AAEGbX-FW5J1ymTcNQQalAv8C6ak4UyB_q8/getUpdates "HTTP/1.1 200 OK"
2026-09-09 21:06:20,348 - httpx - INFO - HTTP Request: POST https://api.telegram.org/bot8942164862:AAEGbX-FW5J1ymTcNQQalAv8C6ak4UyB_q8/getUpdates "HTTP/1.1 200 OK"
2026-09-09 21:06:30,484 - httpx - INFO - HTTP Request: POST https://api.telegram.org/bot8942164862:AAEGbX-FW5J1ymTcNQQalAv8C6ak4UyB_q8/getUpdates "HTTP/1.1 200 OK"
2026-09-09 21:06:40,630 - httpx - INFO - HTTP Request: POST https://api.telegram.org/bot8942164862:AAEGbX-FW5J1ymTcNQQalAv8C6ak4UyB_q8/getUpdates "HTTP/1.1 200 OK"
2026-09-09 21:06:50,744 - httpx - INFO - HTTP Request: POST https://api.telegram.org/bot8942164862:AAEGbX-FW5J1ymTcNQQalAv8C6ak4UyB_q8/getUpdates "HTTP/1.1 200 OK"
2026-09-09 21:07:00,848 - httpx - INFO - HTTP Request: POST https://api.telegram.org/bot8942164862:AAEGbX-FW5J1ymTcNQQalAv8C6ak4UyB_q8/getUpdates "HTTP/1.1 200 OK"
2026-09-09 21:07:10,948 - httpx - INFO - HTTP Request: POST https://api.telegram.org/bot8942164862:AAEGbX-FW5J1ymTcNQQalAv8C6ak4UyB_q8/getUpdates "HTTP/1.1 200 OK"
2026-09-09 21:07:21,059 - httpx - INFO - HTTP Request: POST https://api.telegram.org/bot8942164862:AAEGbX-FW5J1ymTcNQQalAv8C6ak4UyB_q8/getUpdates "HTTP/1.1 200 OK"
2026-09-09 21:07:31,208 - httpx - INFO - HTTP Request: POST https://api.telegram.org/bot8942164862:AAEGbX-FW5J1ymTcNQQalAv8C6ak4UyB_q8/getUpdates "HTTP/1.1 200 OK"
2026-09-09 21:07:41,350 - httpx - INFO - HTTP Request: POST https://api.telegram.org/bot8942164862:AAEGbX-FW5J1ymTcNQQalAv8C6ak4UyB_q8/getUpdates "HTTP/1.1 200 OK"
2026-09-09 21:07:51,483 - httpx - INFO - HTTP Request: POST https://api.telegram.org/bot8942164862:AAEGbX-FW5J1ymTcNQQalAv8C6ak4UyB_q8/getUpdates "HTTP/1.1 200 OK"
2026-09-09 21:08:01,621 - httpx - INFO - HTTP Request: POST https://api.telegram.org/bot8942164862:AAEGbX-FW5J1ymTcNQQalAv8C6ak4UyB_q8/getUpdates "HTTP/1.1 200 OK"
2026-09-09 21:08:11,759 - httpx - INFO - HTTP Request: POST https://api.telegram.org/bot8942164862:AAEGbX-FW5J1ymTcNQQalAv8C6ak4UyB_q8/getUpdates "HTTP/1.1 200 OK"
2026-09-09 21:08:21,901 - httpx - INFO - HTTP Request: POST https://api.telegram.org/bot8942164862:AAEGbX-FW5J1ymTcNQQalAv8C6ak4UyB_q8/getUpdates "HTTP/1.1 200 OK"
2026-09-09 21:08:32,043 - httpx - INFO - HTTP Request: POST https://api.telegram.org/bot8942164862:AAEGbX-FW5J1ymTcNQQalAv8C6ak4UyB_q8/getUpdates "HTTP/1.1 200 OK"
2026-09-09 21:08:42,142 - httpx - INFO - HTTP Request: POST https://api.telegram.org/bot8942164862:AAEGbX-FW5J1ymTcNQQalAv8C6ak4UyB_q8/getUpdates "HTTP/1.1 200 OK"
2026-09-09 21:08:52,311 - httpx - INFO - HTTP Request: POST https://api.telegram.org/bot8942164862:AAEGbX-FW5J1ymTcNQQalAv8C6ak4UyB_q8/getUpdates "HTTP/1.1 200 OK"
2026-09-09 21:09:02,447 - httpx - INFO - HTTP Request: POST https://api.telegram.org/bot8942164862:AAEGbX-FW5J1ymTcNQQalAv8C6ak4UyB_q8/getUpdates "HTTP/1.1 200 OK"
2026-09-09 21:09:12,570 - httpx - INFO - HTTP Request: POST https://api.telegram.org/bot8942164862:AAEGbX-FW5J1ymTcNQQalAv8C6ak4UyB_q8/getUpdates "HTTP/1.1 200 OK"
2026-09-09 21:09:22,723 - httpx - INFO - HTTP Request: POST https://api.telegram.org/bot8942164862:AAEGbX-FW5J1ymTcNQQalAv8C6ak4UyB_q8/getUpdates "HTTP/1.1 200 OK"
2026-09-09 21:09:32,839 - httpx - INFO - HTTP Request: POST https://api.telegram.org/bot8942164862:AAEGbX-FW5J1ymTcNQQalAv8C6ak4UyB_q8/getUpdates "HTTP/1.1 200 OK"
2026-09-09 21:09:42,950 - httpx - INFO - HTTP Request: POST https://api.telegram.org/bot8942164862:AAEGbX-FW5J1ymTcNQQalAv8C6ak4UyB_q8/getUpdates "HTTP/1.1 200 OK"
2026-09-09 21:09:53,136 - httpx - INFO - HTTP Request: POST https://api.telegram.org/bot8942164862:AAEGbX-FW5J1ymTcNQQalAv8C6ak4UyB_q8/getUpdates "HTTP/1.1 200 OK"
2026-09-09 21:10:03,279 - httpx - INFO - HTTP Request: POST https://api.telegram.org/bot8942164862:AAEGbX-FW5J1ymTcNQQalAv8C6ak4UyB_q8/getUpdates "HTTP/1.1 200 OK"
2026-09-09 21:10:13,820 - httpx - INFO - HTTP Request: POST https://api.telegram.org/bot8942164862:AAEGbX-FW5J1ymTcNQQalAv8C6ak4UyB_q8/getUpdates "HTTP/1.1 200 OK"
2026-09-09 21:10:23,963 - httpx - INFO - HTTP Request: POST https://api.telegram.org/bot8942164862:AAEGbX-FW5J1ymTcNQQalAv8C6ak4UyB_q8/getUpdates "HTTP/1.1 200 OK"
2026-09-09 21:10:34,072 - httpx - INFO - HTTP Request: POST https://api.telegram.org/bot8942164862:AAEGbX-FW5J1ymTcNQQalAv8C6ak4UyB_q8/getUpdates "HTTP/1.1 200 OK"
2026-09-09 21:10:44,951 - httpx - INFO - HTTP Request: POST https://api.telegram.org/bot8942164862:AAEGbX-FW5J1ymTcNQQalAv8C6ak4UyB_q8/getUpdates "HTTP/1.1 200 OK"
2026-09-09 21:10:55,088 - httpx - INFO - HTTP Request: POST https://api.telegram.org/bot8942164862:AAEGbX-FW5J1ymTcNQQalAv8C6ak4UyB_q8/getUpdates "HTTP/1.1 200 OK"
2026-09-09 21:11:05,226 - httpx - INFO - HTTP Request: POST https://api.telegram.org/bot8942164862:AAEGbX-FW5J1ymTcNQQalAv8C6ak4UyB_q8/getUpdates "HTTP/1.1 200 OK"
2026-09-09 21:11:16,990 - httpx - INFO - HTTP Request: POST https://api.telegram.org/bot8942164862:AAEGbX-FW5J1ymTcNQQalAv8C6ak4UyB_q8/getUpdates "HTTP/1.1 200 OK"
2026-09-09 21:11:27,098 - httpx - INFO - HTTP Request: POST https://api.telegram.org/bot8942164862:AAEGbX-FW5J1ymTcNQQalAv8C6ak4UyB_q8/getUpdates "HTTP/1.1 200 OK"
2026-09-09 21:11:37,385 - httpx - INFO - HTTP Request: POST https://api.telegram.org/bot8942164862:AAEGbX-FW5J1ymTcNQQalAv8C6ak4UyB_q8/getUpdates "HTTP/1.1 200 OK"
2026-09-09 21:11:47,517 - httpx - INFO - HTTP Request: POST https://api.telegram.org/bot8942164862:AAEGbX-FW5J1ymTcNQQalAv8C6ak4UyB_q8/getUpdates "HTTP/1.1 200 OK"
2026-09-09 21:11:57,656 - httpx - INFO - HTTP Request: POST https://api.telegram.org/bot8942164862:AAEGbX-FW5J1ymTcNQQalAv8C6ak4UyB_q8/getUpdates "HTTP/1.1 200 OK"
2026-09-09 21:12:07,759 - httpx - INFO - HTTP Request: POST https://api.telegram.org/bot8942164862:AAEGbX-FW5J1ymTcNQQalAv8C6ak4UyB_q8/getUpdates "HTTP/1.1 200 OK"
2026-09-09 21:12:17,933 - httpx - INFO - HTTP Request: POST https://api.telegram.org/bot8942164862:AAEGbX-FW5J1ymTcNQQalAv8C6ak4UyB_q8/getUpdates "HTTP/1.1 200 OK"
2026-09-09 21:12:28,030 - httpx - INFO - HTTP Request: POST https://api.telegram.org/bot8942164862:AAEGbX-FW5J1ymTcNQQalAv8C6ak4UyB_q8/getUpdates "HTTP/1.1 200 OK"
2026-09-09 21:12:38,130 - httpx - INFO - HTTP Request: POST https://api.telegram.org/bot8942164862:AAEGbX-FW5J1ymTcNQQalAv8C6ak4UyB_q8/getUpdates "HTTP/1.1 200 OK"
2026-09-09 21:12:48,344 - httpx - INFO - HTTP Request: POST https://api.telegram.org/bot8942164862:AAEGbX-FW5J1ymTcNQQalAv8C6ak4UyB_q8/getUpdates "HTTP/1.1 200 OK"
2026-09-09 21:12:58,441 - httpx - INFO - HTTP Request: POST https://api.telegram.org/bot8942164862:AAEGbX-FW5J1ymTcNQQalAv8C6ak4UyB_q8/getUpdates "HTTP/1.1 200 OK"
2026-09-09 21:13:08,545 - httpx - INFO - HTTP Request: POST https://api.telegram.org/bot8942164862:AAEGbX-FW5J1ymTcNQQalAv8C6ak4UyB_q8/getUpdates "HTTP/1.1 200 OK"
2026-09-09 21:13:18,756 - httpx - INFO - HTTP Request: POST https://api.telegram.org/bot8942164862:AAEGbX-FW5J1ymTcNQQalAv8C6ak4UyB_q8/getUpdates "HTTP/1.1 200 OK"
2026-09-09 21:13:28,866 - httpx - INFO - HTTP Request: POST https://api.telegram.org/bot8942164862:AAEGbX-FW5J1ymTcNQQalAv8C6ak4UyB_q8/getUpdates "HTTP/1.1 200 OK"
2026-09-09 21:13:39,032 - httpx - INFO - HTTP Request: POST https://api.telegram.org/bot8942164862:AAEGbX-FW5J1ymTcNQQalAv8C6ak4UyB_q8/getUpdates "HTTP/1.1 200 OK"
2026-09-09 21:13:49,139 - httpx - INFO - HTTP Request: POST https://api.telegram.org/bot8942164862:AAEGbX-FW5J1ymTcNQQalAv8C6ak4UyB_q8/getUpdates "HTTP/1.1 200 OK"
2026-09-09 21:13:59,242 - httpx - INFO - HTTP Request: POST https://api.telegram.org/bot8942164862:AAEGbX-FW5J1ymTcNQQalAv8C6ak4UyB_q8/getUpdates "HTTP/1.1 200 OK"
2026-09-09 21:14:09,445 - httpx - INFO - HTTP Request: POST https://api.telegram.org/bot8942164862:AAEGbX-FW5J1ymTcNQQalAv8C6ak4UyB_q8/getUpdates "HTTP/1.1 200 OK"
2026-09-09 21:14:19,554 - httpx - INFO - HTTP Request: POST https://api.telegram.org/bot8942164862:AAEGbX-FW5J1ymTcNQQalAv8C6ak4UyB_q8/getUpdates "HTTP/1.1 200 OK"
2026-09-09 21:14:29,652 - httpx - INFO - HTTP Request: POST https://api.telegram.org/bot8942164862:AAEGbX-FW5J1ymTcNQQalAv8C6ak4UyB_q8/getUpdates "HTTP/1.1 200 OK"
2026-09-09 21:14:39,755 - httpx - INFO - HTTP Request: POST https://api.telegram.org/bot8942164862:AAEGbX-FW5J1ymTcNQQalAv8C6ak4UyB_q8/getUpdates "HTTP/1.1 200 OK"
2026-09-09 21:14:49,858 - httpx - INFO - HTTP Request: POST https://api.telegram.org/bot8942164862:AAEGbX-FW5J1ymTcNQQalAv8C6ak4UyB_q8/getUpdates "HTTP/1.1 200 OK"
2026-09-09 21:15:00,030 - httpx - INFO - HTTP Request: POST https://api.telegram.org/bot8942164862:AAEGbX-FW5J1ymTcNQQalAv8C6ak4UyB_q8/getUpdates "HTTP/1.1 200 OK"
2026-09-09 21:15:10,131 - httpx - INFO - HTTP Request: POST https://api.telegram.org/bot8942164862:AAEGbX-FW5J1ymTcNQQalAv8C6ak4UyB_q8/getUpdates "HTTP/1.1 200 OK"
2026-09-09 21:15:20,305 - httpx - INFO - HTTP Request: POST https://api.telegram.org/bot8942164862:AAEGbX-FW5J1ymTcNQQalAv8C6ak4UyB_q8/getUpdates "HTTP/1.1 200 OK"
2026-09-09 21:15:30,443 - httpx - INFO - HTTP Request: POST https://api.telegram.org/bot8942164862:AAEGbX-FW5J1ymTcNQQalAv8C6ak4UyB_q8/getUpdates "HTTP/1.1 200 OK"
2026-09-09 21:15:40,581 - httpx - INFO - HTTP Request: POST https://api.telegram.org/bot8942164862:AAEGbX-FW5J1ymTcNQQalAv8C6ak4UyB_q8/getUpdates "HTTP/1.1 200 OK"
2026-09-09 21:15:50,685 - httpx - INFO - HTTP Request: POST https://api.telegram.org/bot8942164862:AAEGbX-FW5J1ymTcNQQalAv8C6ak4UyB_q8/getUpdates "HTTP/1.1 200 OK"
2026-09-09 21:16:00,856 - httpx - INFO - HTTP Request: POST https://api.telegram.org/bot8942164862:AAEGbX-FW5J1ymTcNQQalAv8C6ak4UyB_q8/getUpdates "HTTP/1.1 200 OK"
2026-09-09 21:16:10,994 - httpx - INFO - HTTP Request: POST https://api.telegram.org/bot8942164862:AAEGbX-FW5J1ymTcNQQalAv8C6ak4UyB_q8/getUpdates "HTTP/1.1 200 OK"
2026-09-09 21:16:21,094 - httpx - INFO - HTTP Request: POST https://api.telegram.org/bot8942164862:AAEGbX-FW5J1ymTcNQQalAv8C6ak4UyB_q8/getUpdates "HTTP/1.1 200 OK"
2026-09-09 21:16:31,270 - httpx - INFO - HTTP Request: POST https://api.telegram.org/bot8942164862:AAEGbX-FW5J1ymTcNQQalAv8C6ak4UyB_q8/getUpdates "HTTP/1.1 200 OK"
2026-09-09 21:16:41,407 - httpx - INFO - HTTP Request: POST https://api.telegram.org/bot8942164862:AAEGbX-FW5J1ymTcNQQalAv8C6ak4UyB_q8/getUpdates "HTTP/1.1 200 OK"
2026-09-09 21:16:51,647 - httpx - INFO - HTTP Request: POST https://api.telegram.org/bot8942164862:AAEGbX-FW5J1ymTcNQQalAv8C6ak4UyB_q8/getUpdates "HTTP/1.1 200 OK"
2026-09-09 21:17:01,751 - httpx - INFO - HTTP Request: POST https://api.telegram.org/bot8942164862:AAEGbX-FW5J1ymTcNQQalAv8C6ak4UyB_q8/getUpdates "HTTP/1.1 200 OK"
2026-09-09 21:17:11,858 - httpx - INFO - HTTP Request: POST https://api.telegram.org/bot8942164862:AAEGbX-FW5J1ymTcNQQalAv8C6ak4UyB_q8/getUpdates "HTTP/1.1 200 OK"
2026-09-09 21:17:22,060 - httpx - INFO - HTTP Request: POST https://api.telegram.org/bot8942164862:AAEGbX-FW5J1ymTcNQQalAv8C6ak4UyB_q8/getUpdates "HTTP/1.1 200 OK"
2026-09-09 21:17:32,170 - httpx - INFO - HTTP Request: POST https://api.telegram.org/bot8942164862:AAEGbX-FW5J1ymTcNQQalAv8C6ak4UyB_q8/getUpdates "HTTP/1.1 200 OK"
2026-09-09 21:17:42,336 - httpx - INFO - HTTP Request: POST https://api.telegram.org/bot8942164862:AAEGbX-FW5J1ymTcNQQalAv8C6ak4UyB_q8/getUpdates "HTTP/1.1 200 OK"
2026-09-09 21:17:52,439 - httpx - INFO - HTTP Request: POST https://api.telegram.org/bot8942164862:AAEGbX-FW5J1ymTcNQQalAv8C6ak4UyB_q8/getUpdates "HTTP/1.1 200 OK"
2026-09-09 21:18:02,547 - httpx - INFO - HTTP Request: POST https://api.telegram.org/bot8942164862:AAEGbX-FW5J1ymTcNQQalAv8C6ak4UyB_q8/getUpdates "HTTP/1.1 200 OK"
2026-09-09 21:18:12,748 - httpx - INFO - HTTP Request: POST https://api.telegram.org/bot8942164862:AAEGbX-FW5J1ymTcNQQalAv8C6ak4UyB_q8/getUpdates "HTTP/1.1 200 OK"
2026-09-09 21:18:22,856 - httpx - INFO - HTTP Request: POST https://api.telegram.org/bot8942164862:AAEGbX-FW5J1ymTcNQQalAv8C6ak4UyB_q8/getUpdates "HTTP/1.1 200 OK"
2026-09-09 21:18:32,960 - httpx - INFO - HTTP Request: POST https://api.telegram.org/bot8942164862:AAEGbX-FW5J1ymTcNQQalAv8C6ak4UyB_q8/getUpdates "HTTP/1.1 200 OK"
2026-09-09 21:18:43,065 - httpx - INFO - HTTP Request: POST https://api.telegram.org/bot8942164862:AAEGbX-FW5J1ymTcNQQalAv8C6ak4UyB_q8/getUpdates "HTTP/1.1 200 OK"
2026-09-09 21:18:53,196 - httpx - INFO - HTTP Request: POST https://api.telegram.org/bot8942164862:AAEGbX-FW5J1ymTcNQQalAv8C6ak4UyB_q8/getUpdates "HTTP/1.1 200 OK"
2026-09-09 21:19:03,300 - httpx - INFO - HTTP Request: POST https://api.telegram.org/bot8942164862:AAEGbX-FW5J1ymTcNQQalAv8C6ak4UyB_q8/getUpdates "HTTP/1.1 200 OK"
2026-09-09 21:19:13,408 - httpx - INFO - HTTP Request: POST https://api.telegram.org/bot8942164862:AAEGbX-FW5J1ymTcNQQalAv8C6ak4UyB_q8/getUpdates "HTTP/1.1 200 OK"
2026-09-09 21:19:23,521 - httpx - INFO - HTTP Request: POST https://api.telegram.org/bot8942164862:AAEGbX-FW5J1ymTcNQQalAv8C6ak4UyB_q8/getUpdates "HTTP/1.1 200 OK"
2026-09-09 21:19:33,623 - httpx - INFO - HTTP Request: POST https://api.telegram.org/bot8942164862:AAEGbX-FW5J1ymTcNQQalAv8C6ak4UyB_q8/getUpdates "HTTP/1.1 200 OK"
2026-09-09 21:19:43,725 - httpx - INFO - HTTP Request: POST https://api.telegram.org/bot8942164862:AAEGbX-FW5J1ymTcNQQalAv8C6ak4UyB_q8/getUpdates "HTTP/1.1 200 OK"
2026-09-09 21:19:53,825 - httpx - INFO - HTTP Request: POST https://api.telegram.org/bot8942164862:AAEGbX-FW5J1ymTcNQQalAv8C6ak4UyB_q8/getUpdates "HTTP/1.1 200 OK"
2026-09-09 21:20:03,954 - httpx - INFO - HTTP Request: POST https://api.telegram.org/bot8942164862:AAEGbX-FW5J1ymTcNQQalAv8C6ak4UyB_q8/getUpdates "HTTP/1.1 200 OK"
2026-09-09 21:20:14,059 - httpx - INFO - HTTP Request: POST https://api.telegram.org/bot8942164862:AAEGbX-FW5J1ymTcNQQalAv8C6ak4UyB_q8/getUpdates "HTTP/1.1 200 OK"
2026-09-09 21:20:24,165 - httpx - INFO - HTTP Request: POST https://api.telegram.org/bot8942164862:AAEGbX-FW5J1ymTcNQQalAv8C6ak4UyB_q8/getUpdates "HTTP/1.1 200 OK"
2026-09-09 21:20:34,368 - httpx - INFO - HTTP Request: POST https://api.telegram.org/bot8942164862:AAEGbX-FW5J1ymTcNQQalAv8C6ak4UyB_q8/getUpdates "HTTP/1.1 200 OK"
2026-09-09 21:20:44,505 - httpx - INFO - HTTP Request: POST https://api.telegram.org/bot8942164862:AAEGbX-FW5J1ymTcNQQalAv8C6ak4UyB_q8/getUpdates "HTTP/1.1 200 OK"
2026-09-09 21:20:54,644 - httpx - INFO - HTTP Request: POST https://api.telegram.org/bot8942164862:AAEGbX-FW5J1ymTcNQQalAv8C6ak4UyB_q8/getUpdates "HTTP/1.1 200 OK"
2026-09-09 21:21:04,756 - httpx - INFO - HTTP Request: POST https://api.telegram.org/bot8942164862:AAEGbX-FW5J1ymTcNQQalAv8C6ak4UyB_q8/getUpdates "HTTP/1.1 200 OK"
2026-09-09 21:21:14,923 - httpx - INFO - HTTP Request: POST https://api.telegram.org/bot8942164862:AAEGbX-FW5J1ymTcNQQalAv8C6ak4UyB_q8/getUpdates "HTTP/1.1 200 OK"
2026-09-09 21:21:25,032 - httpx - INFO - HTTP Request: POST https://api.telegram.org/bot8942164862:AAEGbX-FW5J1ymTcNQQalAv8C6ak4UyB_q8/getUpdates "HTTP/1.1 200 OK"
2026-09-09 21:21:35,194 - httpx - INFO - HTTP Request: POST https://api.telegram.org/bot8942164862:AAEGbX-FW5J1ymTcNQQalAv8C6ak4UyB_q8/getUpdates "HTTP/1.1 200 OK"
2026-09-09 21:21:45,295 - httpx - INFO - HTTP Request: POST https://api.telegram.org/bot8942164862:AAEGbX-FW5J1ymTcNQQalAv8C6ak4UyB_q8/getUpdates "HTTP/1.1 200 OK"
2026-09-09 21:21:55,397 - httpx - INFO - HTTP Request: POST https://api.telegram.org/bot8942164862:AAEGbX-FW5J1ymTcNQQalAv8C6ak4UyB_q8/getUpdates "HTTP/1.1 200 OK"
2026-09-09 21:22:05,495 - httpx - INFO - HTTP Request: POST https://api.telegram.org/bot8942164862:AAEGbX-FW5J1ymTcNQQalAv8C6ak4UyB_q8/getUpdates "HTTP/1.1 200 OK"
2026-09-09 21:22:15,642 - httpx - INFO - HTTP Request: POST https://api.telegram.org/bot8942164862:AAEGbX-FW5J1ymTcNQQalAv8C6ak4UyB_q8/getUpdates "HTTP/1.1 200 OK"
2026-09-09 21:22:25,744 - httpx - INFO - HTTP Request: POST https://api.telegram.org/bot8942164862:AAEGbX-FW5J1ymTcNQQalAv8C6ak4UyB_q8/getUpdates "HTTP/1.1 200 OK"
2026-09-09 21:22:35,844 - httpx - INFO - HTTP Request: POST https://api.telegram.org/bot8942164862:AAEGbX-FW5J1ymTcNQQalAv8C6ak4UyB_q8/getUpdates "HTTP/1.1 200 OK"
2026-09-09 21:22:45,957 - httpx - INFO - HTTP Request: POST https://api.telegram.org/bot8942164862:AAEGbX-FW5J1ymTcNQQalAv8C6ak4UyB_q8/getUpdates "HTTP/1.1 200 OK"
2026-09-09 21:22:56,090 - httpx - INFO - HTTP Request: POST https://api.telegram.org/bot8942164862:AAEGbX-FW5J1ymTcNQQalAv8C6ak4UyB_q8/getUpdates "HTTP/1.1 200 OK"
2026-09-09 21:23:06,192 - httpx - INFO - HTTP Request: POST https://api.telegram.org/bot8942164862:AAEGbX-FW5J1ymTcNQQalAv8C6ak4UyB_q8/getUpdates "HTTP/1.1 200 OK"
2026-09-09 21:23:16,365 - httpx - INFO - HTTP Request: POST https://api.telegram.org/bot8942164862:AAEGbX-FW5J1ymTcNQQalAv8C6ak4UyB_q8/getUpdates "HTTP/1.1 200 OK"
2026-09-09 21:23:26,465 - httpx - INFO - HTTP Request: POST https://api.telegram.org/bot8942164862:AAEGbX-FW5J1ymTcNQQalAv8C6ak4UyB_q8/getUpdates "HTTP/1.1 200 OK"
2026-09-09 21:23:36,641 - httpx - INFO - HTTP Request: POST https://api.telegram.org/bot8942164862:AAEGbX-FW5J1ymTcNQQalAv8C6ak4UyB_q8/getUpdates "HTTP/1.1 200 OK"
2026-09-09 21:23:46,778 - httpx - INFO - HTTP Request: POST https://api.telegram.org/bot8942164862:AAEGbX-FW5J1ymTcNQQalAv8C6ak4UyB_q8/getUpdates "HTTP/1.1 200 OK"
2026-09-09 21:23:56,888 - httpx - INFO - HTTP Request: POST https://api.telegram.org/bot8942164862:AAEGbX-FW5J1ymTcNQQalAv8C6ak4UyB_q8/getUpdates "HTTP/1.1 200 OK"
2026-09-09 21:24:06,994 - httpx - INFO - HTTP Request: POST https://api.telegram.org/bot8942164862:AAEGbX-FW5J1ymTcNQQalAv8C6ak4UyB_q8/getUpdates "HTTP/1.1 200 OK"
2026-09-09 21:24:17,192 - httpx - INFO - HTTP Request: POST https://api.telegram.org/bot8942164862:AAEGbX-FW5J1ymTcNQQalAv8C6ak4UyB_q8/getUpdates "HTTP/1.1 200 OK"
2026-09-09 21:24:27,329 - httpx - INFO - HTTP Request: POST https://api.telegram.org/bot8942164862:AAEGbX-FW5J1ymTcNQQalAv8C6ak4UyB_q8/getUpdates "HTTP/1.1 200 OK"
2026-09-09 21:24:37,467 - httpx - INFO - HTTP Request: POST https://api.telegram.org/bot8942164862:AAEGbX-FW5J1ymTcNQQalAv8C6ak4UyB_q8/getUpdates "HTTP/1.1 200 OK"
2026-09-09 21:24:47,610 - httpx - INFO - HTTP Request: POST https://api.telegram.org/bot8942164862:AAEGbX-FW5J1ymTcNQQalAv8C6ak4UyB_q8/getUpdates "HTTP/1.1 200 OK"
2026-09-09 21:24:57,746 - httpx - INFO - HTTP Request: POST https://api.telegram.org/bot8942164862:AAEGbX-FW5J1ymTcNQQalAv8C6ak4UyB_q8/getUpdates "HTTP/1.1 200 OK"
2026-09-09 21:25:07,880 - httpx - INFO - HTTP Request: POST https://api.telegram.org/bot8942164862:AAEGbX-FW5J1ymTcNQQalAv8C6ak4UyB_q8/getUpdates "HTTP/1.1 200 OK"
2026-09-09 21:25:18,018 - httpx - INFO - HTTP Request: POST https://api.telegram.org/bot8942164862:AAEGbX-FW5J1ymTcNQQalAv8C6ak4UyB_q8/getUpdates "HTTP/1.1 200 OK"
2026-09-09 21:25:28,142 - httpx - INFO - HTTP Request: POST https://api.telegram.org/bot8942164862:AAEGbX-FW5J1ymTcNQQalAv8C6ak4UyB_q8/getUpdates "HTTP/1.1 200 OK"
2026-09-09 21:25:38,293 - httpx - INFO - HTTP Request: POST https://api.telegram.org/bot8942164862:AAEGbX-FW5J1ymTcNQQalAv8C6ak4UyB_q8/getUpdates "HTTP/1.1 200 OK"
2026-09-09 21:25:48,433 - httpx - INFO - HTTP Request: POST https://api.telegram.org/bot8942164862:AAEGbX-FW5J1ymTcNQQalAv8C6ak4UyB_q8/getUpdates "HTTP/1.1 200 OK"
2026-09-09 21:25:58,542 - httpx - INFO - HTTP Request: POST https://api.telegram.org/bot8942164862:AAEGbX-FW5J1ymTcNQQalAv8C6ak4UyB_q8/getUpdates "HTTP/1.1 200 OK"
2026-09-09 21:26:08,706 - httpx - INFO - HTTP Request: POST https://api.telegram.org/bot8942164862:AAEGbX-FW5J1ymTcNQQalAv8C6ak4UyB_q8/getUpdates "HTTP/1.1 200 OK"
2026-09-09 21:26:18,818 - httpx - INFO - HTTP Request: POST https://api.telegram.org/bot8942164862:AAEGbX-FW5J1ymTcNQQalAv8C6ak4UyB_q8/getUpdates "HTTP/1.1 200 OK"
2026-09-09 21:26:28,917 - httpx - INFO - HTTP Request: POST https://api.telegram.org/bot8942164862:AAEGbX-FW5J1ymTcNQQalAv8C6ak4UyB_q8/getUpdates "HTTP/1.1 200 OK"
2026-09-09 21:26:39,020 - httpx - INFO - HTTP Request: POST https://api.telegram.org/bot8942164862:AAEGbX-FW5J1ymTcNQQalAv8C6ak4UyB_q8/getUpdates "HTTP/1.1 200 OK"
2026-09-09 21:26:49,157 - httpx - INFO - HTTP Request: POST https://api.telegram.org/bot8942164862:AAEGbX-FW5J1ymTcNQQalAv8C6ak4UyB_q8/getUpdates "HTTP/1.1 200 OK"
2026-09-09 21:26:59,278 - httpx - INFO - HTTP Request: POST https://api.telegram.org/bot8942164862:AAEGbX-FW5J1ymTcNQQalAv8C6ak4UyB_q8/getUpdates "HTTP/1.1 200 OK"
2026-09-09 21:27:09,431 - httpx - INFO - HTTP Request: POST https://api.telegram.org/bot8942164862:AAEGbX-FW5J1ymTcNQQalAv8C6ak4UyB_q8/getUpdates "HTTP/1.1 200 OK"
2026-09-09 21:27:19,564 - httpx - INFO - HTTP Request: POST https://api.telegram.org/bot8942164862:AAEGbX-FW5J1ymTcNQQalAv8C6ak4UyB_q8/getUpdates "HTTP/1.1 200 OK"
2026-09-09 21:27:29,723 - httpx - INFO - HTTP Request: POST https://api.telegram.org/bot8942164862:AAEGbX-FW5J1ymTcNQQalAv8C6ak4UyB_q8/getUpdates "HTTP/1.1 200 OK"
2026-09-09 21:27:39,833 - httpx - INFO - HTTP Request: POST https://api.telegram.org/bot8942164862:AAEGbX-FW5J1ymTcNQQalAv8C6ak4UyB_q8/getUpdates "HTTP/1.1 200 OK"
2026-09-09 21:27:49,942 - httpx - INFO - HTTP Request: POST https://api.telegram.org/bot8942164862:AAEGbX-FW5J1ymTcNQQalAv8C6ak4UyB_q8/getUpdates "HTTP/1.1 200 OK"
2026-09-09 21:28:00,119 - httpx - INFO - HTTP Request: POST https://api.telegram.org/bot8942164862:AAEGbX-FW5J1ymTcNQQalAv8C6ak4UyB_q8/getUpdates "HTTP/1.1 200 OK"
2026-09-09 21:28:10,232 - httpx - INFO - HTTP Request: POST https://api.telegram.org/bot8942164862:AAEGbX-FW5J1ymTcNQQalAv8C6ak4UyB_q8/getUpdates "HTTP/1.1 200 OK"
2026-09-09 21:28:20,538 - httpx - INFO - HTTP Request: POST https://api.telegram.org/bot8942164862:AAEGbX-FW5J1ymTcNQQalAv8C6ak4UyB_q8/getUpdates "HTTP/1.1 200 OK"
2026-09-09 21:28:30,675 - httpx - INFO - HTTP Request: POST https://api.telegram.org/bot8942164862:AAEGbX-FW5J1ymTcNQQalAv8C6ak4UyB_q8/getUpdates "HTTP/1.1 200 OK"
2026-09-09 21:28:41,079 - httpx - INFO - HTTP Request: POST https://api.telegram.org/bot8942164862:AAEGbX-FW5J1ymTcNQQalAv8C6ak4UyB_q8/getUpdates "HTTP/1.1 200 OK"
2026-09-09 21:28:51,297 - httpx - INFO - HTTP Request: POST https://api.telegram.org/bot8942164862:AAEGbX-FW5J1ymTcNQQalAv8C6ak4UyB_q8/getUpdates "HTTP/1.1 200 OK"
2026-09-09 21:29:01,479 - httpx - INFO - HTTP Request: POST https://api.telegram.org/bot8942164862:AAEGbX-FW5J1ymTcNQQalAv8C6ak4UyB_q8/getUpdates "HTTP/1.1 200 OK"
2026-09-09 21:29:11,582 - httpx - INFO - HTTP Request: POST https://api.telegram.org/bot8942164862:AAEGbX-FW5J1ymTcNQQalAv8C6ak4UyB_q8/getUpdates "HTTP/1.1 200 OK"
2026-09-09 21:29:21,733 - httpx - INFO - HTTP Request: POST https://api.telegram.org/bot8942164862:AAEGbX-FW5J1ymTcNQQalAv8C6ak4UyB_q8/getUpdates "HTTP/1.1 200 OK"
2026-09-09 21:29:31,870 - httpx - INFO - HTTP Request: POST https://api.telegram.org/bot8942164862:AAEGbX-FW5J1ymTcNQQalAv8C6ak4UyB_q8/getUpdates "HTTP/1.1 200 OK"
2026-09-09 21:29:43,786 - httpx - INFO - HTTP Request: POST https://api.telegram.org/bot8942164862:AAEGbX-FW5J1ymTcNQQalAv8C6ak4UyB_q8/getUpdates "HTTP/1.1 200 OK"
2026-09-09 21:29:53,888 - httpx - INFO - HTTP Request: POST https://api.telegram.org/bot8942164862:AAEGbX-FW5J1ymTcNQQalAv8C6ak4UyB_q8/getUpdates "HTTP/1.1 200 OK"
2026-09-09 21:30:04,030 - httpx - INFO - HTTP Request: POST https://api.telegram.org/bot8942164862:AAEGbX-FW5J1ymTcNQQalAv8C6ak4UyB_q8/getUpdates "HTTP/1.1 200 OK"
2026-09-09 21:30:14,131 - httpx - INFO - HTTP Request: POST https://api.telegram.org/bot8942164862:AAEGbX-FW5J1ymTcNQQalAv8C6ak4UyB_q8/getUpdates "HTTP/1.1 200 OK"
2026-09-09 21:30:24,236 - httpx - INFO - HTTP Request: POST https://api.telegram.org/bot8942164862:AAEGbX-FW5J1ymTcNQQalAv8C6ak4UyB_q8/getUpdates "HTTP/1.1 200 OK"
2026-09-09 21:30:34,346 - httpx - INFO - HTTP Request: POST https://api.telegram.org/bot8942164862:AAEGbX-FW5J1ymTcNQQalAv8C6ak4UyB_q8/getUpdates "HTTP/1.1 200 OK"
2026-09-09 21:30:44,472 - httpx - INFO - HTTP Request: POST https://api.telegram.org/bot8942164862:AAEGbX-FW5J1ymTcNQQalAv8C6ak4UyB_q8/getUpdates "HTTP/1.1 200 OK"
2026-09-09 21:30:54,609 - httpx - INFO - HTTP Request: POST https://api.telegram.org/bot8942164862:AAEGbX-FW5J1ymTcNQQalAv8C6ak4UyB_q8/getUpdates "HTTP/1.1 200 OK"
2026-09-09 21:31:04,709 - httpx - INFO - HTTP Request: POST https://api.telegram.org/bot8942164862:AAEGbX-FW5J1ymTcNQQalAv8C6ak4UyB_q8/getUpdates "HTTP/1.1 200 OK"
2026-09-09 21:31:14,814 - httpx - INFO - HTTP Request: POST https://api.telegram.org/bot8942164862:AAEGbX-FW5J1ymTcNQQalAv8C6ak4UyB_q8/getUpdates "HTTP/1.1 200 OK"
2026-09-09 21:31:24,923 - httpx - INFO - HTTP Request: POST https://api.telegram.org/bot8942164862:AAEGbX-FW5J1ymTcNQQalAv8C6ak4UyB_q8/getUpdates "HTTP/1.1 200 OK"
2026-09-09 21:31:35,030 - httpx - INFO - HTTP Request: POST https://api.telegram.org/bot8942164862:AAEGbX-FW5J1ymTcNQQalAv8C6ak4UyB_q8/getUpdates "HTTP/1.1 200 OK"
2026-09-09 21:31:45,137 - httpx - INFO - HTTP Request: POST https://api.telegram.org/bot8942164862:AAEGbX-FW5J1ymTcNQQalAv8C6ak4UyB_q8/getUpdates "HTTP/1.1 200 OK"
2026-09-09 21:31:55,252 - httpx - INFO - HTTP Request: POST https://api.telegram.org/bot8942164862:AAEGbX-FW5J1ymTcNQQalAv8C6ak4UyB_q8/getUpdates "HTTP/1.1 200 OK"
2026-09-09 21:32:05,358 - httpx - INFO - HTTP Request: POST https://api.telegram.org/bot8942164862:AAEGbX-FW5J1ymTcNQQalAv8C6ak4UyB_q8/getUpdates "HTTP/1.1 200 OK"
2026-09-09 21:32:15,469 - httpx - INFO - HTTP Request: POST https://api.telegram.org/bot8942164862:AAEGbX-FW5J1ymTcNQQalAv8C6ak4UyB_q8/getUpdates "HTTP/1.1 200 OK"
2026-09-09 21:32:25,574 - httpx - INFO - HTTP Request: POST https://api.telegram.org/bot8942164862:AAEGbX-FW5J1ymTcNQQalAv8C6ak4UyB_q8/getUpdates "HTTP/1.1 200 OK"
2026-09-09 21:32:35,787 - httpx - INFO - HTTP Request: POST https://api.telegram.org/bot8942164862:AAEGbX-FW5J1ymTcNQQalAv8C6ak4UyB_q8/getUpdates "HTTP/1.1 200 OK"
2026-09-09 21:32:45,891 - httpx - INFO - HTTP Request: POST https://api.telegram.org/bot8942164862:AAEGbX-FW5J1ymTcNQQalAv8C6ak4UyB_q8/getUpdates "HTTP/1.1 200 OK"
2026-09-09 21:32:56,057 - httpx - INFO - HTTP Request: POST https://api.telegram.org/bot8942164862:AAEGbX-FW5J1ymTcNQQalAv8C6ak4UyB_q8/getUpdates "HTTP/1.1 200 OK"
2026-09-09 21:33:06,195 - httpx - INFO - HTTP Request: POST https://api.telegram.org/bot8942164862:AAEGbX-FW5J1ymTcNQQalAv8C6ak4UyB_q8/getUpdates "HTTP/1.1 200 OK"
2026-09-09 21:33:16,333 - httpx - INFO - HTTP Request: POST https://api.telegram.org/bot8942164862:AAEGbX-FW5J1ymTcNQQalAv8C6ak4UyB_q8/getUpdates "HTTP/1.1 200 OK"
2026-09-09 21:33:26,513 - httpx - INFO - HTTP Request: POST https://api.telegram.org/bot8942164862:AAEGbX-FW5J1ymTcNQQalAv8C6ak4UyB_q8/getUpdates "HTTP/1.1 200 OK"
2026-09-09 21:33:36,659 - httpx - INFO - HTTP Request: POST https://api.telegram.org/bot8942164862:AAEGbX-FW5J1ymTcNQQalAv8C6ak4UyB_q8/getUpdates "HTTP/1.1 200 OK"
2026-09-09 21:33:46,849 - httpx - INFO - HTTP Request: POST https://api.telegram.org/bot8942164862:AAEGbX-FW5J1ymTcNQQalAv8C6ak4UyB_q8/getUpdates "HTTP/1.1 200 OK"
2026-09-09 21:33:56,949 - httpx - INFO - HTTP Request: POST https://api.telegram.org/bot8942164862:AAEGbX-FW5J1ymTcNQQalAv8C6ak4UyB_q8/getUpdates "HTTP/1.1 200 OK"
2026-09-09 21:34:07,123 - httpx - INFO - HTTP Request: POST https://api.telegram.org/bot8942164862:AAEGbX-FW5J1ymTcNQQalAv8C6ak4UyB_q8/getUpdates "HTTP/1.1 200 OK"
2026-09-09 21:34:17,236 - httpx - INFO - HTTP Request: POST https://api.telegram.org/bot8942164862:AAEGbX-FW5J1ymTcNQQalAv8C6ak4UyB_q8/getUpdates "HTTP/1.1 200 OK"
2026-09-09 21:34:27,337 - httpx - INFO - HTTP Request: POST https://api.telegram.org/bot8942164862:AAEGbX-FW5J1ymTcNQQalAv8C6ak4UyB_q8/getUpdates "HTTP/1.1 200 OK"
2026-09-09 21:34:37,439 - httpx - INFO - HTTP Request: POST https://api.telegram.org/bot8942164862:AAEGbX-FW5J1ymTcNQQalAv8C6ak4UyB_q8/getUpdates "HTTP/1.1 200 OK"
2026-09-09 21:34:47,543 - httpx - INFO - HTTP Request: POST https://api.telegram.org/bot8942164862:AAEGbX-FW5J1ymTcNQQalAv8C6ak4UyB_q8/getUpdates "HTTP/1.1 200 OK"
2026-09-09 21:34:57,658 - httpx - INFO - HTTP Request: POST https://api.telegram.org/bot8942164862:AAEGbX-FW5J1ymTcNQQalAv8C6ak4UyB_q8/getUpdates "HTTP/1.1 200 OK"
2026-09-09 21:35:07,758 - httpx - INFO - HTTP Request: POST https://api.telegram.org/bot8942164862:AAEGbX-FW5J1ymTcNQQalAv8C6ak4UyB_q8/getUpdates "HTTP/1.1 200 OK"
2026-09-09 21:35:17,883 - httpx - INFO - HTTP Request: POST https://api.telegram.org/bot8942164862:AAEGbX-FW5J1ymTcNQQalAv8C6ak4UyB_q8/getUpdates "HTTP/1.1 200 OK"
2026-09-09 21:35:28,021 - httpx - INFO - HTTP Request: POST https://api.telegram.org/bot8942164862:AAEGbX-FW5J1ymTcNQQalAv8C6ak4UyB_q8/getUpdates "HTTP/1.1 200 OK"
2026-09-09 21:35:38,159 - httpx - INFO - HTTP Request: POST https://api.telegram.org/bot8942164862:AAEGbX-FW5J1ymTcNQQalAv8C6ak4UyB_q8/getUpdates "HTTP/1.1 200 OK"
2026-09-09 21:35:48,268 - httpx - INFO - HTTP Request: POST https://api.telegram.org/bot8942164862:AAEGbX-FW5J1ymTcNQQalAv8C6ak4UyB_q8/getUpdates "HTTP/1.1 200 OK"
2026-09-09 21:35:58,374 - httpx - INFO - HTTP Request: POST https://api.telegram.org/bot8942164862:AAEGbX-FW5J1ymTcNQQalAv8C6ak4UyB_q8/getUpdates "HTTP/1.1 200 OK"
2026-09-09 21:36:08,530 - httpx - INFO - HTTP Request: POST https://api.telegram.org/bot8942164862:AAEGbX-FW5J1ymTcNQQalAv8C6ak4UyB_q8/getUpdates "HTTP/1.1 200 OK"
2026-09-09 21:36:18,714 - httpx - INFO - HTTP Request: POST https://api.telegram.org/bot8942164862:AAEGbX-FW5J1ymTcNQQalAv8C6ak4UyB_q8/getUpdates "HTTP/1.1 200 OK"
2026-09-09 21:36:28,828 - httpx - INFO - HTTP Request: POST https://api.telegram.org/bot8942164862:AAEGbX-FW5J1ymTcNQQalAv8C6ak4UyB_q8/getUpdates "HTTP/1.1 200 OK"
2026-09-09 21:36:38,946 - httpx - INFO - HTTP Request: POST https://api.telegram.org/bot8942164862:AAEGbX-FW5J1ymTcNQQalAv8C6ak4UyB_q8/getUpdates "HTTP/1.1 200 OK"
2026-09-09 21:36:49,123 - httpx - INFO - HTTP Request: POST https://api.telegram.org/bot8942164862:AAEGbX-FW5J1ymTcNQQalAv8C6ak4UyB_q8/getUpdates "HTTP/1.1 200 OK"
2026-09-09 21:36:59,260 - httpx - INFO - HTTP Request: POST https://api.telegram.org/bot8942164862:AAEGbX-FW5J1ymTcNQQalAv8C6ak4UyB_q8/getUpdates "HTTP/1.1 200 OK"
2026-09-09 21:37:09,397 - httpx - INFO - HTTP Request: POST https://api.telegram.org/bot8942164862:AAEGbX-FW5J1ymTcNQQalAv8C6ak4UyB_q8/getUpdates "HTTP/1.1 200 OK"
2026-09-09 21:37:19,536 - httpx - INFO - HTTP Request: POST https://api.telegram.org/bot8942164862:AAEGbX-FW5J1ymTcNQQalAv8C6ak4UyB_q8/getUpdates "HTTP/1.1 200 OK"
2026-09-09 21:37:29,673 - httpx - INFO - HTTP Request: POST https://api.telegram.org/bot8942164862:AAEGbX-FW5J1ymTcNQQalAv8C6ak4UyB_q8/getUpdates "HTTP/1.1 200 OK"
2026-09-09 21:37:39,782 - httpx - INFO - HTTP Request: POST https://api.telegram.org/bot8942164862:AAEGbX-FW5J1ymTcNQQalAv8C6ak4UyB_q8/getUpdates "HTTP/1.1 200 OK"
2026-09-09 21:37:49,884 - httpx - INFO - HTTP Request: POST https://api.telegram.org/bot8942164862:AAEGbX-FW5J1ymTcNQQalAv8C6ak4UyB_q8/getUpdates "HTTP/1.1 200 OK"
2026-09-09 21:37:59,992 - httpx - INFO - HTTP Request: POST https://api.telegram.org/bot8942164862:AAEGbX-FW5J1ymTcNQQalAv8C6ak4UyB_q8/getUpdates "HTTP/1.1 200 OK"
2026-09-09 21:38:10,122 - httpx - INFO - HTTP Request: POST https://api.telegram.org/bot8942164862:AAEGbX-FW5J1ymTcNQQalAv8C6ak4UyB_q8/getUpdates "HTTP/1.1 200 OK"
2026-09-09 21:38:20,259 - httpx - INFO - HTTP Request: POST https://api.telegram.org/bot8942164862:AAEGbX-FW5J1ymTcNQQalAv8C6ak4UyB_q8/getUpdates "HTTP/1.1 200 OK"
2026-09-09 21:38:30,397 - httpx - INFO - HTTP Request: POST https://api.telegram.org/bot8942164862:AAEGbX-FW5J1ymTcNQQalAv8C6ak4UyB_q8/getUpdates "HTTP/1.1 200 OK"
2026-09-09 21:38:40,535 - httpx - INFO - HTTP Request: POST https://api.telegram.org/bot8942164862:AAEGbX-FW5J1ymTcNQQalAv8C6ak4UyB_q8/getUpdates "HTTP/1.1 200 OK"
2026-09-09 21:38:50,672 - httpx - INFO - HTTP Request: POST https://api.telegram.org/bot8942164862:AAEGbX-FW5J1ymTcNQQalAv8C6ak4UyB_q8/getUpdates "HTTP/1.1 200 OK"
2026-09-09 21:39:00,810 - httpx - INFO - HTTP Request: POST https://api.telegram.org/bot8942164862:AAEGbX-FW5J1ymTcNQQalAv8C6ak4UyB_q8/getUpdates "HTTP/1.1 200 OK"
2026-09-09 21:39:10,921 - httpx - INFO - HTTP Request: POST https://api.telegram.org/bot8942164862:AAEGbX-FW5J1ymTcNQQalAv8C6ak4UyB_q8/getUpdates "HTTP/1.1 200 OK"
2026-09-09 21:39:21,021 - httpx - INFO - HTTP Request: POST https://api.telegram.org/bot8942164862:AAEGbX-FW5J1ymTcNQQalAv8C6ak4UyB_q8/getUpdates "HTTP/1.1 200 OK"
2026-09-09 21:39:31,126 - httpx - INFO - HTTP Request: POST https://api.telegram.org/bot8942164862:AAEGbX-FW5J1ymTcNQQalAv8C6ak4UyB_q8/getUpdates "HTTP/1.1 200 OK"
2026-09-09 21:39:41,259 - httpx - INFO - HTTP Request: POST https://api.telegram.org/bot8942164862:AAEGbX-FW5J1ymTcNQQalAv8C6ak4UyB_q8/getUpdates "HTTP/1.1 200 OK"
2026-09-09 21:39:51,358 - httpx - INFO - HTTP Request: POST https://api.telegram.org/bot8942164862:AAEGbX-FW5J1ymTcNQQalAv8C6ak4UyB_q8/getUpdates "HTTP/1.1 200 OK"
2026-09-09 21:40:01,461 - httpx - INFO - HTTP Request: POST https://api.telegram.org/bot8942164862:AAEGbX-FW5J1ymTcNQQalAv8C6ak4UyB_q8/getUpdates "HTTP/1.1 200 OK"
2026-09-09 21:40:11,561 - httpx - INFO - HTTP Request: POST https://api.telegram.org/bot8942164862:AAEGbX-FW5J1ymTcNQQalAv8C6ak4UyB_q8/getUpdates "HTTP/1.1 200 OK"
2026-09-09 21:40:21,716 - httpx - INFO - HTTP Request: POST https://api.telegram.org/bot8942164862:AAEGbX-FW5J1ymTcNQQalAv8C6ak4UyB_q8/getUpdates "HTTP/1.1 200 OK"
2026-09-09 21:40:31,845 - httpx - INFO - HTTP Request: POST https://api.telegram.org/bot8942164862:AAEGbX-FW5J1ymTcNQQalAv8C6ak4UyB_q8/getUpdates "HTTP/1.1 200 OK"
2026-09-09 21:40:41,988 - httpx - INFO - HTTP Request: POST https://api.telegram.org/bot8942164862:AAEGbX-FW5J1ymTcNQQalAv8C6ak4UyB_q8/getUpdates "HTTP/1.1 200 OK"
2026-09-09 21:40:52,087 - httpx - INFO - HTTP Request: POST https://api.telegram.org/bot8942164862:AAEGbX-FW5J1ymTcNQQalAv8C6ak4UyB_q8/getUpdates "HTTP/1.1 200 OK"
2026-09-09 21:41:02,193 - httpx - INFO - HTTP Request: POST https://api.telegram.org/bot8942164862:AAEGbX-FW5J1ymTcNQQalAv8C6ak4UyB_q8/getUpdates "HTTP/1.1 200 OK"
2026-09-09 21:41:12,297 - httpx - INFO - HTTP Request: POST https://api.telegram.org/bot8942164862:AAEGbX-FW5J1ymTcNQQalAv8C6ak4UyB_q8/getUpdates "HTTP/1.1 200 OK"
2026-09-09 21:41:22,431 - httpx - INFO - HTTP Request: POST https://api.telegram.org/bot8942164862:AAEGbX-FW5J1ymTcNQQalAv8C6ak4UyB_q8/getUpdates "HTTP/1.1 200 OK"
2026-09-09 21:41:32,530 - httpx - INFO - HTTP Request: POST https://api.telegram.org/bot8942164862:AAEGbX-FW5J1ymTcNQQalAv8C6ak4UyB_q8/getUpdates "HTTP/1.1 200 OK"
2026-09-09 21:41:42,706 - httpx - INFO - HTTP Request: POST https://api.telegram.org/bot8942164862:AAEGbX-FW5J1ymTcNQQalAv8C6ak4UyB_q8/getUpdates "HTTP/1.1 200 OK"
2026-09-09 21:41:52,806 - httpx - INFO - HTTP Request: POST https://api.telegram.org/bot8942164862:AAEGbX-FW5J1ymTcNQQalAv8C6ak4UyB_q8/getUpdates "HTTP/1.1 200 OK"
2026-09-09 21:42:02,982 - httpx - INFO - HTTP Request: POST https://api.telegram.org/bot8942164862:AAEGbX-FW5J1ymTcNQQalAv8C6ak4UyB_q8/getUpdates "HTTP/1.1 200 OK"
2026-09-09 21:42:13,119 - httpx - INFO - HTTP Request: POST https://api.telegram.org/bot8942164862:AAEGbX-FW5J1ymTcNQQalAv8C6ak4UyB_q8/getUpdates "HTTP/1.1 200 OK"
2026-09-09 21:42:23,221 - httpx - INFO - HTTP Request: POST https://api.telegram.org/bot8942164862:AAEGbX-FW5J1ymTcNQQalAv8C6ak4UyB_q8/getUpdates "HTTP/1.1 200 OK"
2026-09-09 21:42:33,395 - httpx - INFO - HTTP Request: POST https://api.telegram.org/bot8942164862:AAEGbX-FW5J1ymTcNQQalAv8C6ak4UyB_q8/getUpdates "HTTP/1.1 200 OK"
2026-09-09 21:42:43,532 - httpx - INFO - HTTP Request: POST https://api.telegram.org/bot8942164862:AAEGbX-FW5J1ymTcNQQalAv8C6ak4UyB_q8/getUpdates "HTTP/1.1 200 OK"
2026-09-09 21:42:53,670 - httpx - INFO - HTTP Request: POST https://api.telegram.org/bot8942164862:AAEGbX-FW5J1ymTcNQQalAv8C6ak4UyB_q8/getUpdates "HTTP/1.1 200 OK"
2026-09-09 21:43:03,772 - httpx - INFO - HTTP Request: POST https://api.telegram.org/bot8942164862:AAEGbX-FW5J1ymTcNQQalAv8C6ak4UyB_q8/getUpdates "HTTP/1.1 200 OK"
2026-09-09 21:43:13,880 - httpx - INFO - HTTP Request: POST https://api.telegram.org/bot8942164862:AAEGbX-FW5J1ymTcNQQalAv8C6ak4UyB_q8/getUpdates "HTTP/1.1 200 OK"
2026-09-09 21:43:24,083 - httpx - INFO - HTTP Request: POST https://api.telegram.org/bot8942164862:AAEGbX-FW5J1ymTcNQQalAv8C6ak4UyB_q8/getUpdates "HTTP/1.1 200 OK"
2026-09-09 21:43:34,221 - httpx - INFO - HTTP Request: POST https://api.telegram.org/bot8942164862:AAEGbX-FW5J1ymTcNQQalAv8C6ak4UyB_q8/getUpdates "HTTP/1.1 200 OK"
2026-09-09 21:43:44,323 - httpx - INFO - HTTP Request: POST https://api.telegram.org/bot8942164862:AAEGbX-FW5J1ymTcNQQalAv8C6ak4UyB_q8/getUpdates "HTTP/1.1 200 OK"
2026-09-09 21:43:54,424 - httpx - INFO - HTTP Request: POST https://api.telegram.org/bot8942164862:AAEGbX-FW5J1ymTcNQQalAv8C6ak4UyB_q8/getUpdates "HTTP/1.1 200 OK"
2026-09-09 21:44:04,532 - httpx - INFO - HTTP Request: POST https://api.telegram.org/bot8942164862:AAEGbX-FW5J1ymTcNQQalAv8C6ak4UyB_q8/getUpdates "HTTP/1.1 200 OK"
2026-09-09 21:44:14,634 - httpx - INFO - HTTP Request: POST https://api.telegram.org/bot8942164862:AAEGbX-FW5J1ymTcNQQalAv8C6ak4UyB_q8/getUpdates "HTTP/1.1 200 OK"
2026-09-09 21:44:24,807 - httpx - INFO - HTTP Request: POST https://api.telegram.org/bot8942164862:AAEGbX-FW5J1ymTcNQQalAv8C6ak4UyB_q8/getUpdates "HTTP/1.1 200 OK"
2026-09-09 21:44:34,923 - httpx - INFO - HTTP Request: POST https://api.telegram.org/bot8942164862:AAEGbX-FW5J1ymTcNQQalAv8C6ak4UyB_q8/getUpdates "HTTP/1.1 200 OK"
2026-09-09 21:44:45,082 - httpx - INFO - HTTP Request: POST https://api.telegram.org/bot8942164862:AAEGbX-FW5J1ymTcNQQalAv8C6ak4UyB_q8/getUpdates "HTTP/1.1 200 OK"
2026-09-09 21:44:55,184 - httpx - INFO - HTTP Request: POST https://api.telegram.org/bot8942164862:AAEGbX-FW5J1ymTcNQQalAv8C6ak4UyB_q8/getUpdates "HTTP/1.1 200 OK"
2026-09-09 21:45:05,358 - httpx - INFO - HTTP Request: POST https://api.telegram.org/bot8942164862:AAEGbX-FW5J1ymTcNQQalAv8C6ak4UyB_q8/getUpdates "HTTP/1.1 200 OK"
2026-09-09 21:45:15,464 - httpx - INFO - HTTP Request: POST https://api.telegram.org/bot8942164862:AAEGbX-FW5J1ymTcNQQalAv8C6ak4UyB_q8/getUpdates "HTTP/1.1 200 OK"
2026-09-09 21:45:25,566 - httpx - INFO - HTTP Request: POST https://api.telegram.org/bot8942164862:AAEGbX-FW5J1ymTcNQQalAv8C6ak4UyB_q8/getUpdates "HTTP/1.1 200 OK"
2026-09-09 21:45:35,771 - httpx - INFO - HTTP Request: POST https://api.telegram.org/bot8942164862:AAEGbX-FW5J1ymTcNQQalAv8C6ak4UyB_q8/getUpdates "HTTP/1.1 200 OK"
2026-09-09 21:45:45,908 - httpx - INFO - HTTP Request: POST https://api.telegram.org/bot8942164862:AAEGbX-FW5J1ymTcNQQalAv8C6ak4UyB_q8/getUpdates "HTTP/1.1 200 OK"
2026-09-09 21:45:56,007 - httpx - INFO - HTTP Request: POST https://api.telegram.org/bot8942164862:AAEGbX-FW5J1ymTcNQQalAv8C6ak4UyB_q8/getUpdates "HTTP/1.1 200 OK"
2026-09-09 21:46:06,189 - httpx - INFO - HTTP Request: POST https://api.telegram.org/bot8942164862:AAEGbX-FW5J1ymTcNQQalAv8C6ak4UyB_q8/getUpdates "HTTP/1.1 200 OK"
2026-09-09 21:46:16,289 - httpx - INFO - HTTP Request: POST https://api.telegram.org/bot8942164862:AAEGbX-FW5J1ymTcNQQalAv8C6ak4UyB_q8/getUpdates "HTTP/1.1 200 OK"
2026-09-09 21:46:26,403 - httpx - INFO - HTTP Request: POST https://api.telegram.org/bot8942164862:AAEGbX-FW5J1ymTcNQQalAv8C6ak4UyB_q8/getUpdates "HTTP/1.1 200 OK"
2026-09-09 21:46:36,597 - httpx - INFO - HTTP Request: POST https://api.telegram.org/bot8942164862:AAEGbX-FW5J1ymTcNQQalAv8C6ak4UyB_q8/getUpdates "HTTP/1.1 200 OK"
2026-09-09 21:46:46,698 - httpx - INFO - HTTP Request: POST https://api.telegram.org/bot8942164862:AAEGbX-FW5J1ymTcNQQalAv8C6ak4UyB_q8/getUpdates "HTTP/1.1 200 OK"
2026-09-09 21:46:56,811 - httpx - INFO - HTTP Request: POST https://api.telegram.org/bot8942164862:AAEGbX-FW5J1ymTcNQQalAv8C6ak4UyB_q8/getUpdates "HTTP/1.1 200 OK"
2026-09-09 21:47:06,915 - httpx - INFO - HTTP Request: POST https://api.telegram.org/bot8942164862:AAEGbX-FW5J1ymTcNQQalAv8C6ak4UyB_q8/getUpdates "HTTP/1.1 200 OK"
2026-09-09 21:47:17,547 - httpx - INFO - HTTP Request: POST https://api.telegram.org/bot8942164862:AAEGbX-FW5J1ymTcNQQalAv8C6ak4UyB_q8/getUpdates "HTTP/1.1 200 OK"
2026-09-09 21:47:27,652 - httpx - INFO - HTTP Request: POST https://api.telegram.org/bot8942164862:AAEGbX-FW5J1ymTcNQQalAv8C6ak4UyB_q8/getUpdates "HTTP/1.1 200 OK"
2026-09-09 21:47:37,833 - httpx - INFO - HTTP Request: POST https://api.telegram.org/bot8942164862:AAEGbX-FW5J1ymTcNQQalAv8C6ak4UyB_q8/getUpdates "HTTP/1.1 200 OK"
2026-09-09 21:47:47,971 - httpx - INFO - HTTP Request: POST https://api.telegram.org/bot8942164862:AAEGbX-FW5J1ymTcNQQalAv8C6ak4UyB_q8/getUpdates "HTTP/1.1 200 OK"
2026-09-09 21:47:58,082 - httpx - INFO - HTTP Request: POST https://api.telegram.org/bot8942164862:AAEGbX-FW5J1ymTcNQQalAv8C6ak4UyB_q8/getUpdates "HTTP/1.1 200 OK"
2026-09-09 21:48:08,194 - httpx - INFO - HTTP Request: POST https://api.telegram.org/bot8942164862:AAEGbX-FW5J1ymTcNQQalAv8C6ak4UyB_q8/getUpdates "HTTP/1.1 200 OK"
2026-09-09 21:48:18,306 - httpx - INFO - HTTP Request: POST https://api.telegram.org/bot8942164862:AAEGbX-FW5J1ymTcNQQalAv8C6ak4UyB_q8/getUpdates "HTTP/1.1 200 OK"
2026-09-09 21:48:28,405 - httpx - INFO - HTTP Request: POST https://api.telegram.org/bot8942164862:AAEGbX-FW5J1ymTcNQQalAv8C6ak4UyB_q8/getUpdates "HTTP/1.1 200 OK"
2026-09-09 21:48:38,510 - httpx - INFO - HTTP Request: POST https://api.telegram.org/bot8942164862:AAEGbX-FW5J1ymTcNQQalAv8C6ak4UyB_q8/getUpdates "HTTP/1.1 200 OK"
2026-09-09 21:48:48,694 - httpx - INFO - HTTP Request: POST https://api.telegram.org/bot8942164862:AAEGbX-FW5J1ymTcNQQalAv8C6ak4UyB_q8/getUpdates "HTTP/1.1 200 OK"
2026-09-09 21:48:58,796 - httpx - INFO - HTTP Request: POST https://api.telegram.org/bot8942164862:AAEGbX-FW5J1ymTcNQQalAv8C6ak4UyB_q8/getUpdates "HTTP/1.1 200 OK"
2026-09-09 21:49:08,895 - httpx - INFO - HTTP Request: POST https://api.telegram.org/bot8942164862:AAEGbX-FW5J1ymTcNQQalAv8C6ak4UyB_q8/getUpdates "HTTP/1.1 200 OK"
2026-09-09 21:49:19,005 - httpx - INFO - HTTP Request: POST https://api.telegram.org/bot8942164862:AAEGbX-FW5J1ymTcNQQalAv8C6ak4UyB_q8/getUpdates "HTTP/1.1 200 OK"
2026-09-09 21:49:29,108 - httpx - INFO - HTTP Request: POST https://api.telegram.org/bot8942164862:AAEGbX-FW5J1ymTcNQQalAv8C6ak4UyB_q8/getUpdates "HTTP/1.1 200 OK"
2026-09-09 21:49:39,281 - httpx - INFO - HTTP Request: POST https://api.telegram.org/bot8942164862:AAEGbX-FW5J1ymTcNQQalAv8C6ak4UyB_q8/getUpdates "HTTP/1.1 200 OK"
2026-09-09 21:49:49,423 - httpx - INFO - HTTP Request: POST https://api.telegram.org/bot8942164862:AAEGbX-FW5J1ymTcNQQalAv8C6ak4UyB_q8/getUpdates "HTTP/1.1 200 OK"
2026-09-09 21:49:59,539 - httpx - INFO - HTTP Request: POST https://api.telegram.org/bot8942164862:AAEGbX-FW5J1ymTcNQQalAv8C6ak4UyB_q8/getUpdates "HTTP/1.1 200 OK"
2026-09-09 21:50:09,694 - httpx - INFO - HTTP Request: POST https://api.telegram.org/bot8942164862:AAEGbX-FW5J1ymTcNQQalAv8C6ak4UyB_q8/getUpdates "HTTP/1.1 200 OK"
2026-09-09 21:50:19,794 - httpx - INFO - HTTP Request: POST https://api.telegram.org/bot8942164862:AAEGbX-FW5J1ymTcNQQalAv8C6ak4UyB_q8/getUpdates "HTTP/1.1 200 OK"
2026-09-09 21:50:29,969 - httpx - INFO - HTTP Request: POST https://api.telegram.org/bot8942164862:AAEGbX-FW5J1ymTcNQQalAv8C6ak4UyB_q8/getUpdates "HTTP/1.1 200 OK"
2026-09-09 21:50:40,073 - httpx - INFO - HTTP Request: POST https://api.telegram.org/bot8942164862:AAEGbX-FW5J1ymTcNQQalAv8C6ak4UyB_q8/getUpdates "HTTP/1.1 200 OK"
2026-09-09 21:50:50,173 - httpx - INFO - HTTP Request: POST https://api.telegram.org/bot8942164862:AAEGbX-FW5J1ymTcNQQalAv8C6ak4UyB_q8/getUpdates "HTTP/1.1 200 OK"
2026-09-09 21:51:00,274 - httpx - INFO - HTTP Request: POST https://api.telegram.org/bot8942164862:AAEGbX-FW5J1ymTcNQQalAv8C6ak4UyB_q8/getUpdates "HTTP/1.1 200 OK"
2026-09-09 21:51:10,417 - httpx - INFO - HTTP Request: POST https://api.telegram.org/bot8942164862:AAEGbX-FW5J1ymTcNQQalAv8C6ak4UyB_q8/getUpdates "HTTP/1.1 200 OK"
2026-09-09 21:51:20,523 - httpx - INFO - HTTP Request: POST https://api.telegram.org/bot8942164862:AAEGbX-FW5J1ymTcNQQalAv8C6ak4UyB_q8/getUpdates "HTTP/1.1 200 OK"
2026-09-09 21:51:30,630 - httpx - INFO - HTTP Request: POST https://api.telegram.org/bot8942164862:AAEGbX-FW5J1ymTcNQQalAv8C6ak4UyB_q8/getUpdates "HTTP/1.1 200 OK"
2026-09-09 21:51:40,733 - httpx - INFO - HTTP Request: POST https://api.telegram.org/bot8942164862:AAEGbX-FW5J1ymTcNQQalAv8C6ak4UyB_q8/getUpdates "HTTP/1.1 200 OK"
2026-09-09 21:51:51,071 - httpx - INFO - HTTP Request: POST https://api.telegram.org/bot8942164862:AAEGbX-FW5J1ymTcNQQalAv8C6ak4UyB_q8/getUpdates "HTTP/1.1 200 OK"
2026-09-09 21:52:01,269 - httpx - INFO - HTTP Request: POST https://api.telegram.org/bot8942164862:AAEGbX-FW5J1ymTcNQQalAv8C6ak4UyB_q8/getUpdates "HTTP/1.1 200 OK"
2026-09-09 21:52:11,373 - httpx - INFO - HTTP Request: POST https://api.telegram.org/bot8942164862:AAEGbX-FW5J1ymTcNQQalAv8C6ak4UyB_q8/getUpdates "HTTP/1.1 200 OK"
2026-09-09 21:52:21,471 - httpx - INFO - HTTP Request: POST https://api.telegram.org/bot8942164862:AAEGbX-FW5J1ymTcNQQalAv8C6ak4UyB_q8/getUpdates "HTTP/1.1 200 OK"
2026-09-09 21:52:31,621 - httpx - INFO - HTTP Request: POST https://api.telegram.org/bot8942164862:AAEGbX-FW5J1ymTcNQQalAv8C6ak4UyB_q8/getUpdates "HTTP/1.1 200 OK"
2026-09-09 21:52:41,764 - httpx - INFO - HTTP Request: POST https://api.telegram.org/bot8942164862:AAEGbX-FW5J1ymTcNQQalAv8C6ak4UyB_q8/getUpdates "HTTP/1.1 200 OK"
2026-09-09 21:52:51,863 - httpx - INFO - HTTP Request: POST https://api.telegram.org/bot8942164862:AAEGbX-FW5J1ymTcNQQalAv8C6ak4UyB_q8/getUpdates "HTTP/1.1 200 OK"
2026-09-09 21:53:01,976 - httpx - INFO - HTTP Request: POST https://api.telegram.org/bot8942164862:AAEGbX-FW5J1ymTcNQQalAv8C6ak4UyB_q8/getUpdates "HTTP/1.1 200 OK"
2026-09-09 21:53:12,092 - httpx - INFO - HTTP Request: POST https://api.telegram.org/bot8942164862:AAEGbX-FW5J1ymTcNQQalAv8C6ak4UyB_q8/getUpdates "HTTP/1.1 200 OK"
2026-09-09 21:53:22,331 - httpx - INFO - HTTP Request: POST https://api.telegram.org/bot8942164862:AAEGbX-FW5J1ymTcNQQalAv8C6ak4UyB_q8/getUpdates "HTTP/1.1 200 OK"
2026-09-09 21:53:32,449 - httpx - INFO - HTTP Request: POST https://api.telegram.org/bot8942164862:AAEGbX-FW5J1ymTcNQQalAv8C6ak4UyB_q8/getUpdates "HTTP/1.1 200 OK"
2026-09-09 21:53:42,585 - httpx - INFO - HTTP Request: POST https://api.telegram.org/bot8942164862:AAEGbX-FW5J1ymTcNQQalAv8C6ak4UyB_q8/getUpdates "HTTP/1.1 200 OK"
2026-09-09 21:53:52,723 - httpx - INFO - HTTP Request: POST https://api.telegram.org/bot8942164862:AAEGbX-FW5J1ymTcNQQalAv8C6ak4UyB_q8/getUpdates "HTTP/1.1 200 OK"
2026-09-09 21:54:02,826 - httpx - INFO - HTTP Request: POST https://api.telegram.org/bot8942164862:AAEGbX-FW5J1ymTcNQQalAv8C6ak4UyB_q8/getUpdates "HTTP/1.1 200 OK"
2026-09-09 21:54:12,926 - httpx - INFO - HTTP Request: POST https://api.telegram.org/bot8942164862:AAEGbX-FW5J1ymTcNQQalAv8C6ak4UyB_q8/getUpdates "HTTP/1.1 200 OK"
2026-09-09 21:54:23,141 - httpx - INFO - HTTP Request: POST https://api.telegram.org/bot8942164862:AAEGbX-FW5J1ymTcNQQalAv8C6ak4UyB_q8/getUpdates "HTTP/1.1 200 OK"
2026-09-09 21:54:33,240 - httpx - INFO - HTTP Request: POST https://api.telegram.org/bot8942164862:AAEGbX-FW5J1ymTcNQQalAv8C6ak4UyB_q8/getUpdates "HTTP/1.1 200 OK"
2026-09-09 21:54:43,412 - httpx - INFO - HTTP Request: POST https://api.telegram.org/bot8942164862:AAEGbX-FW5J1ymTcNQQalAv8C6ak4UyB_q8/getUpdates "HTTP/1.1 200 OK"
2026-09-09 21:54:53,549 - httpx - INFO - HTTP Request: POST https://api.telegram.org/bot8942164862:AAEGbX-FW5J1ymTcNQQalAv8C6ak4UyB_q8/getUpdates "HTTP/1.1 200 OK"
2026-09-09 21:55:03,687 - httpx - INFO - HTTP Request: POST https://api.telegram.org/bot8942164862:AAEGbX-FW5J1ymTcNQQalAv8C6ak4UyB_q8/getUpdates "HTTP/1.1 200 OK"
2026-09-09 21:55:13,825 - httpx - INFO - HTTP Request: POST https://api.telegram.org/bot8942164862:AAEGbX-FW5J1ymTcNQQalAv8C6ak4UyB_q8/getUpdates "HTTP/1.1 200 OK"
2026-09-09 21:55:23,968 - httpx - INFO - HTTP Request: POST https://api.telegram.org/bot8942164862:AAEGbX-FW5J1ymTcNQQalAv8C6ak4UyB_q8/getUpdates "HTTP/1.1 200 OK"
2026-09-09 21:55:34,069 - httpx - INFO - HTTP Request: POST https://api.telegram.org/bot8942164862:AAEGbX-FW5J1ymTcNQQalAv8C6ak4UyB_q8/getUpdates "HTTP/1.1 200 OK"
2026-09-09 21:55:44,238 - httpx - INFO - HTTP Request: POST https://api.telegram.org/bot8942164862:AAEGbX-FW5J1ymTcNQQalAv8C6ak4UyB_q8/getUpdates "HTTP/1.1 200 OK"
2026-09-09 21:55:54,336 - httpx - INFO - HTTP Request: POST https://api.telegram.org/bot8942164862:AAEGbX-FW5J1ymTcNQQalAv8C6ak4UyB_q8/getUpdates "HTTP/1.1 200 OK"
2026-09-09 21:56:04,441 - httpx - INFO - HTTP Request: POST https://api.telegram.org/bot8942164862:AAEGbX-FW5J1ymTcNQQalAv8C6ak4UyB_q8/getUpdates "HTTP/1.1 200 OK"
2026-09-09 21:56:14,541 - httpx - INFO - HTTP Request: POST https://api.telegram.org/bot8942164862:AAEGbX-FW5J1ymTcNQQalAv8C6ak4UyB_q8/getUpdates "HTTP/1.1 200 OK"
2026-09-09 21:56:24,655 - httpx - INFO - HTTP Request: POST https://api.telegram.org/bot8942164862:AAEGbX-FW5J1ymTcNQQalAv8C6ak4UyB_q8/getUpdates "HTTP/1.1 200 OK"
2026-09-09 21:56:34,829 - httpx - INFO - HTTP Request: POST https://api.telegram.org/bot8942164862:AAEGbX-FW5J1ymTcNQQalAv8C6ak4UyB_q8/getUpdates "HTTP/1.1 200 OK"
2026-09-09 21:56:44,931 - httpx - INFO - HTTP Request: POST https://api.telegram.org/bot8942164862:AAEGbX-FW5J1ymTcNQQalAv8C6ak4UyB_q8/getUpdates "HTTP/1.1 200 OK"
2026-09-09 21:56:55,033 - httpx - INFO - HTTP Request: POST https://api.telegram.org/bot8942164862:AAEGbX-FW5J1ymTcNQQalAv8C6ak4UyB_q8/getUpdates "HTTP/1.1 200 OK"
2026-09-09 21:57:05,237 - httpx - INFO - HTTP Request: POST https://api.telegram.org/bot8942164862:AAEGbX-FW5J1ymTcNQQalAv8C6ak4UyB_q8/getUpdates "HTTP/1.1 200 OK"
2026-09-09 21:57:15,375 - httpx - INFO - HTTP Request: POST https://api.telegram.org/bot8942164862:AAEGbX-FW5J1ymTcNQQalAv8C6ak4UyB_q8/getUpdates "HTTP/1.1 200 OK"
2026-09-09 21:57:25,518 - httpx - INFO - HTTP Request: POST https://api.telegram.org/bot8942164862:AAEGbX-FW5J1ymTcNQQalAv8C6ak4UyB_q8/getUpdates "HTTP/1.1 200 OK"
2026-09-09 21:57:35,617 - httpx - INFO - HTTP Request: POST https://api.telegram.org/bot8942164862:AAEGbX-FW5J1ymTcNQQalAv8C6ak4UyB_q8/getUpdates "HTTP/1.1 200 OK"
2026-09-09 21:57:45,720 - httpx - INFO - HTTP Request: POST https://api.telegram.org/bot8942164862:AAEGbX-FW5J1ymTcNQQalAv8C6ak4UyB_q8/getUpdates "HTTP/1.1 200 OK"
2026-09-09 21:57:55,823 - httpx - INFO - HTTP Request: POST https://api.telegram.org/bot8942164862:AAEGbX-FW5J1ymTcNQQalAv8C6ak4UyB_q8/getUpdates "HTTP/1.1 200 OK"
2026-09-09 21:58:05,922 - httpx - INFO - HTTP Request: POST https://api.telegram.org/bot8942164862:AAEGbX-FW5J1ymTcNQQalAv8C6ak4UyB_q8/getUpdates "HTTP/1.1 200 OK"
2026-09-09 21:58:16,021 - httpx - INFO - HTTP Request: POST https://api.telegram.org/bot8942164862:AAEGbX-FW5J1ymTcNQQalAv8C6ak4UyB_q8/getUpdates "HTTP/1.1 200 OK"
2026-09-09 21:58:26,121 - httpx - INFO - HTTP Request: POST https://api.telegram.org/bot8942164862:AAEGbX-FW5J1ymTcNQQalAv8C6ak4UyB_q8/getUpdates "HTTP/1.1 200 OK"
2026-09-09 21:58:36,272 - httpx - INFO - HTTP Request: POST https://api.telegram.org/bot8942164862:AAEGbX-FW5J1ymTcNQQalAv8C6ak4UyB_q8/getUpdates "HTTP/1.1 200 OK"
2026-09-09 21:58:46,409 - httpx - INFO - HTTP Request: POST https://api.telegram.org/bot8942164862:AAEGbX-FW5J1ymTcNQQalAv8C6ak4UyB_q8/getUpdates "HTTP/1.1 200 OK"
2026-09-09 21:58:56,522 - httpx - INFO - HTTP Request: POST https://api.telegram.org/bot8942164862:AAEGbX-FW5J1ymTcNQQalAv8C6ak4UyB_q8/getUpdates "HTTP/1.1 200 OK"
2026-09-09 21:59:06,629 - httpx - INFO - HTTP Request: POST https://api.telegram.org/bot8942164862:AAEGbX-FW5J1ymTcNQQalAv8C6ak4UyB_q8/getUpdates "HTTP/1.1 200 OK"
2026-09-09 21:59:16,822 - httpx - INFO - HTTP Request: POST https://api.telegram.org/bot8942164862:AAEGbX-FW5J1ymTcNQQalAv8C6ak4UyB_q8/getUpdates "HTTP/1.1 200 OK"
2026-09-09 21:59:26,960 - httpx - INFO - HTTP Request: POST https://api.telegram.org/bot8942164862:AAEGbX-FW5J1ymTcNQQalAv8C6ak4UyB_q8/getUpdates "HTTP/1.1 200 OK"
2026-09-09 21:59:37,098 - httpx - INFO - HTTP Request: POST https://api.telegram.org/bot8942164862:AAEGbX-FW5J1ymTcNQQalAv8C6ak4UyB_q8/getUpdates "HTTP/1.1 200 OK"
2026-09-09 21:59:47,203 - httpx - INFO - HTTP Request: POST https://api.telegram.org/bot8942164862:AAEGbX-FW5J1ymTcNQQalAv8C6ak4UyB_q8/getUpdates "HTTP/1.1 200 OK"
2026-09-09 21:59:57,374 - httpx - INFO - HTTP Request: POST https://api.telegram.org/bot8942164862:AAEGbX-FW5J1ymTcNQQalAv8C6ak4UyB_q8/getUpdates "HTTP/1.1 200 OK"
2026-09-09 22:00:07,482 - httpx - INFO - HTTP Request: POST https://api.telegram.org/bot8942164862:AAEGbX-FW5J1ymTcNQQalAv8C6ak4UyB_q8/getUpdates "HTTP/1.1 200 OK"
2026-09-09 22:00:17,598 - httpx - INFO - HTTP Request: POST https://api.telegram.org/bot8942164862:AAEGbX-FW5J1ymTcNQQalAv8C6ak4UyB_q8/getUpdates "HTTP/1.1 200 OK"
2026-09-09 22:00:27,786 - httpx - INFO - HTTP Request: POST https://api.telegram.org/bot8942164862:AAEGbX-FW5J1ymTcNQQalAv8C6ak4UyB_q8/getUpdates "HTTP/1.1 200 OK"
2026-09-09 22:00:37,923 - httpx - INFO - HTTP Request: POST https://api.telegram.org/bot8942164862:AAEGbX-FW5J1ymTcNQQalAv8C6ak4UyB_q8/getUpdates "HTTP/1.1 200 OK"
2026-09-09 22:00:48,025 - httpx - INFO - HTTP Request: POST https://api.telegram.org/bot8942164862:AAEGbX-FW5J1ymTcNQQalAv8C6ak4UyB_q8/getUpdates "HTTP/1.1 200 OK"
2026-09-09 22:00:58,126 - httpx - INFO - HTTP Request: POST https://api.telegram.org/bot8942164862:AAEGbX-FW5J1ymTcNQQalAv8C6ak4UyB_q8/getUpdates "HTTP/1.1 200 OK"
2026-09-09 22:01:08,230 - httpx - INFO - HTTP Request: POST https://api.telegram.org/bot8942164862:AAEGbX-FW5J1ymTcNQQalAv8C6ak4UyB_q8/getUpdates "HTTP/1.1 200 OK"
2026-09-09 22:01:18,339 - httpx - INFO - HTTP Request: POST https://api.telegram.org/bot8942164862:AAEGbX-FW5J1ymTcNQQalAv8C6ak4UyB_q8/getUpdates "HTTP/1.1 200 OK"
2026-09-09 22:01:28,436 - httpx - INFO - HTTP Request: POST https://api.telegram.org/bot8942164862:AAEGbX-FW5J1ymTcNQQalAv8C6ak4UyB_q8/getUpdates "HTTP/1.1 200 OK"
2026-09-09 22:01:38,540 - httpx - INFO - HTTP Request: POST https://api.telegram.org/bot8942164862:AAEGbX-FW5J1ymTcNQQalAv8C6ak4UyB_q8/getUpdates "HTTP/1.1 200 OK"
2026-09-09 22:01:48,683 - httpx - INFO - HTTP Request: POST https://api.telegram.org/bot8942164862:AAEGbX-FW5J1ymTcNQQalAv8C6ak4UyB_q8/getUpdates "HTTP/1.1 200 OK"
2026-09-09 22:01:58,821 - httpx - INFO - HTTP Request: POST https://api.telegram.org/bot8942164862:AAEGbX-FW5J1ymTcNQQalAv8C6ak4UyB_q8/getUpdates "HTTP/1.1 200 OK"
2026-09-09 22:02:08,958 - httpx - INFO - HTTP Request: POST https://api.telegram.org/bot8942164862:AAEGbX-FW5J1ymTcNQQalAv8C6ak4UyB_q8/getUpdates "HTTP/1.1 200 OK"
2026-09-09 22:02:19,061 - httpx - INFO - HTTP Request: POST https://api.telegram.org/bot8942164862:AAEGbX-FW5J1ymTcNQQalAv8C6ak4UyB_q8/getUpdates "HTTP/1.1 200 OK"
2026-09-09 22:02:29,196 - httpx - INFO - HTTP Request: POST https://api.telegram.org/bot8942164862:AAEGbX-FW5J1ymTcNQQalAv8C6ak4UyB_q8/getUpdates "HTTP/1.1 200 OK"
2026-09-09 22:02:39,371 - httpx - INFO - HTTP Request: POST https://api.telegram.org/bot8942164862:AAEGbX-FW5J1ymTcNQQalAv8C6ak4UyB_q8/getUpdates "HTTP/1.1 200 OK"
2026-09-09 22:02:49,482 - httpx - INFO - HTTP Request: POST https://api.telegram.org/bot8942164862:AAEGbX-FW5J1ymTcNQQalAv8C6ak4UyB_q8/getUpdates "HTTP/1.1 200 OK"
2026-09-09 22:02:59,647 - httpx - INFO - HTTP Request: POST https://api.telegram.org/bot8942164862:AAEGbX-FW5J1ymTcNQQalAv8C6ak4UyB_q8/getUpdates "HTTP/1.1 200 OK"
2026-09-09 22:03:09,765 - httpx - INFO - HTTP Request: POST https://api.telegram.org/bot8942164862:AAEGbX-FW5J1ymTcNQQalAv8C6ak4UyB_q8/getUpdates "HTTP/1.1 200 OK"
2026-09-09 22:03:19,870 - httpx - INFO - HTTP Request: POST https://api.telegram.org/bot8942164862:AAEGbX-FW5J1ymTcNQQalAv8C6ak4UyB_q8/getUpdates "HTTP/1.1 200 OK"
2026-09-09 22:03:29,972 - httpx - INFO - HTTP Request: POST https://api.telegram.org/bot8942164862:AAEGbX-FW5J1ymTcNQQalAv8C6ak4UyB_q8/getUpdates "HTTP/1.1 200 OK"
2026-09-09 22:03:40,308 - httpx - INFO - HTTP Request: POST https://api.telegram.org/bot8942164862:AAEGbX-FW5J1ymTcNQQalAv8C6ak4UyB_q8/getUpdates "HTTP/1.1 200 OK"
2026-09-09 22:03:50,507 - httpx - INFO - HTTP Request: POST https://api.telegram.org/bot8942164862:AAEGbX-FW5J1ymTcNQQalAv8C6ak4UyB_q8/getUpdates "HTTP/1.1 200 OK"
2026-09-09 22:04:00,677 - httpx - INFO - HTTP Request: POST https://api.telegram.org/bot8942164862:AAEGbX-FW5J1ymTcNQQalAv8C6ak4UyB_q8/getUpdates "HTTP/1.1 200 OK"
2026-09-09 22:04:10,779 - httpx - INFO - HTTP Request: POST https://api.telegram.org/bot8942164862:AAEGbX-FW5J1ymTcNQQalAv8C6ak4UyB_q8/getUpdates "HTTP/1.1 200 OK"
2026-09-09 22:04:20,952 - httpx - INFO - HTTP Request: POST https://api.telegram.org/bot8942164862:AAEGbX-FW5J1ymTcNQQalAv8C6ak4UyB_q8/getUpdates "HTTP/1.1 200 OK"
2026-09-09 22:04:31,090 - httpx - INFO - HTTP Request: POST https://api.telegram.org/bot8942164862:AAEGbX-FW5J1ymTcNQQalAv8C6ak4UyB_q8/getUpdates "HTTP/1.1 200 OK"
2026-09-09 22:04:41,190 - httpx - INFO - HTTP Request: POST https://api.telegram.org/bot8942164862:AAEGbX-FW5J1ymTcNQQalAv8C6ak4UyB_q8/getUpdates "HTTP/1.1 200 OK"
2026-09-09 22:04:51,298 - httpx - INFO - HTTP Request: POST https://api.telegram.org/bot8942164862:AAEGbX-FW5J1ymTcNQQalAv8C6ak4UyB_q8/getUpdates "HTTP/1.1 200 OK"
2026-09-09 22:05:01,503 - httpx - INFO - HTTP Request: POST https://api.telegram.org/bot8942164862:AAEGbX-FW5J1ymTcNQQalAv8C6ak4UyB_q8/getUpdates "HTTP/1.1 200 OK"
2026-09-09 22:05:11,948 - httpx - INFO - HTTP Request: POST https://api.telegram.org/bot8942164862:AAEGbX-FW5J1ymTcNQQalAv8C6ak4UyB_q8/getUpdates "HTTP/1.1 200 OK"
2026-09-09 22:05:22,098 - httpx - INFO - HTTP Request: POST https://api.telegram.org/bot8942164862:AAEGbX-FW5J1ymTcNQQalAv8C6ak4UyB_q8/getUpdates "HTTP/1.1 200 OK"
2026-09-09 22:05:32,223 - httpx - INFO - HTTP Request: POST https://api.telegram.org/bot8942164862:AAEGbX-FW5J1ymTcNQQalAv8C6ak4UyB_q8/getUpdates "HTTP/1.1 200 OK"
2026-09-09 22:05:42,325 - httpx - INFO - HTTP Request: POST https://api.telegram.org/bot8942164862:AAEGbX-FW5J1ymTcNQQalAv8C6ak4UyB_q8/getUpdates "HTTP/1.1 200 OK"
2026-09-09 22:05:52,446 - httpx - INFO - HTTP Request: POST https://api.telegram.org/bot8942164862:AAEGbX-FW5J1ymTcNQQalAv8C6ak4UyB_q8/getUpdates "HTTP/1.1 200 OK"
2026-09-09 22:06:02,553 - httpx - INFO - HTTP Request: POST https://api.telegram.org/bot8942164862:AAEGbX-FW5J1ymTcNQQalAv8C6ak4UyB_q8/getUpdates "HTTP/1.1 200 OK"
2026-09-09 22:06:12,667 - httpx - INFO - HTTP Request: POST https://api.telegram.org/bot8942164862:AAEGbX-FW5J1ymTcNQQalAv8C6ak4UyB_q8/getUpdates "HTTP/1.1 200 OK"
2026-09-09 22:06:22,809 - httpx - INFO - HTTP Request: POST https://api.telegram.org/bot8942164862:AAEGbX-FW5J1ymTcNQQalAv8C6ak4UyB_q8/getUpdates "HTTP/1.1 200 OK"
2026-09-09 22:06:32,916 - httpx - INFO - HTTP Request: POST https://api.telegram.org/bot8942164862:AAEGbX-FW5J1ymTcNQQalAv8C6ak4UyB_q8/getUpdates "HTTP/1.1 200 OK"
2026-09-09 22:06:43,029 - httpx - INFO - HTTP Request: POST https://api.telegram.org/bot8942164862:AAEGbX-FW5J1ymTcNQQalAv8C6ak4UyB_q8/getUpdates "HTTP/1.1 200 OK"
2026-09-09 22:06:53,135 - httpx - INFO - HTTP Request: POST https://api.telegram.org/bot8942164862:AAEGbX-FW5J1ymTcNQQalAv8C6ak4UyB_q8/getUpdates "HTTP/1.1 200 OK"
2026-09-09 22:07:03,257 - httpx - INFO - HTTP Request: POST https://api.telegram.org/bot8942164862:AAEGbX-FW5J1ymTcNQQalAv8C6ak4UyB_q8/getUpdates "HTTP/1.1 200 OK"
2026-09-09 22:07:13,395 - httpx - INFO - HTTP Request: POST https://api.telegram.org/bot8942164862:AAEGbX-FW5J1ymTcNQQalAv8C6ak4UyB_q8/getUpdates "HTTP/1.1 200 OK"
2026-09-09 22:07:23,537 - httpx - INFO - HTTP Request: POST https://api.telegram.org/bot8942164862:AAEGbX-FW5J1ymTcNQQalAv8C6ak4UyB_q8/getUpdates "HTTP/1.1 200 OK"
2026-09-09 22:07:33,639 - httpx - INFO - HTTP Request: POST https://api.telegram.org/bot8942164862:AAEGbX-FW5J1ymTcNQQalAv8C6ak4UyB_q8/getUpdates "HTTP/1.1 200 OK"
2026-09-09 22:07:43,736 - httpx - INFO - HTTP Request: POST https://api.telegram.org/bot8942164862:AAEGbX-FW5J1ymTcNQQalAv8C6ak4UyB_q8/getUpdates "HTTP/1.1 200 OK"
2026-09-09 22:07:53,945 - httpx - INFO - HTTP Request: POST https://api.telegram.org/bot8942164862:AAEGbX-FW5J1ymTcNQQalAv8C6ak4UyB_q8/getUpdates "HTTP/1.1 200 OK"
2026-09-09 22:08:04,083 - httpx - INFO - HTTP Request: POST https://api.telegram.org/bot8942164862:AAEGbX-FW5J1ymTcNQQalAv8C6ak4UyB_q8/getUpdates "HTTP/1.1 200 OK"
2026-09-09 22:08:14,220 - httpx - INFO - HTTP Request: POST https://api.telegram.org/bot8942164862:AAEGbX-FW5J1ymTcNQQalAv8C6ak4UyB_q8/getUpdates "HTTP/1.1 200 OK"
2026-09-09 22:08:24,320 - httpx - INFO - HTTP Request: POST https://api.telegram.org/bot8942164862:AAEGbX-FW5J1ymTcNQQalAv8C6ak4UyB_q8/getUpdates "HTTP/1.1 200 OK"
2026-09-09 22:08:34,497 - httpx - INFO - HTTP Request: POST https://api.telegram.org/bot8942164862:AAEGbX-FW5J1ymTcNQQalAv8C6ak4UyB_q8/getUpdates "HTTP/1.1 200 OK"
2026-09-09 22:08:44,597 - httpx - INFO - HTTP Request: POST https://api.telegram.org/bot8942164862:AAEGbX-FW5J1ymTcNQQalAv8C6ak4UyB_q8/getUpdates "HTTP/1.1 200 OK"
2026-09-09 22:08:54,771 - httpx - INFO - HTTP Request: POST https://api.telegram.org/bot8942164862:AAEGbX-FW5J1ymTcNQQalAv8C6ak4UyB_q8/getUpdates "HTTP/1.1 200 OK"
2026-09-09 22:09:04,908 - httpx - INFO - HTTP Request: POST https://api.telegram.org/bot8942164862:AAEGbX-FW5J1ymTcNQQalAv8C6ak4UyB_q8/getUpdates "HTTP/1.1 200 OK"
2026-09-09 22:09:15,008 - httpx - INFO - HTTP Request: POST https://api.telegram.org/bot8942164862:AAEGbX-FW5J1ymTcNQQalAv8C6ak4UyB_q8/getUpdates "HTTP/1.1 200 OK"
2026-09-09 22:09:25,189 - httpx - INFO - HTTP Request: POST https://api.telegram.org/bot8942164862:AAEGbX-FW5J1ymTcNQQalAv8C6ak4UyB_q8/getUpdates "HTTP/1.1 200 OK"
2026-09-09 22:09:35,321 - httpx - INFO - HTTP Request: POST https://api.telegram.org/bot8942164862:AAEGbX-FW5J1ymTcNQQalAv8C6ak4UyB_q8/getUpdates "HTTP/1.1 200 OK"
2026-09-09 22:09:45,421 - httpx - INFO - HTTP Request: POST https://api.telegram.org/bot8942164862:AAEGbX-FW5J1ymTcNQQalAv8C6ak4UyB_q8/getUpdates "HTTP/1.1 200 OK"
2026-09-09 22:09:55,523 - httpx - INFO - HTTP Request: POST https://api.telegram.org/bot8942164862:AAEGbX-FW5J1ymTcNQQalAv8C6ak4UyB_q8/getUpdates "HTTP/1.1 200 OK"
2026-09-09 22:10:05,631 - httpx - INFO - HTTP Request: POST https://api.telegram.org/bot8942164862:AAEGbX-FW5J1ymTcNQQalAv8C6ak4UyB_q8/getUpdates "HTTP/1.1 200 OK"
2026-09-09 22:10:15,742 - httpx - INFO - HTTP Request: POST https://api.telegram.org/bot8942164862:AAEGbX-FW5J1ymTcNQQalAv8C6ak4UyB_q8/getUpdates "HTTP/1.1 200 OK"
2026-09-09 22:10:25,854 - httpx - INFO - HTTP Request: POST https://api.telegram.org/bot8942164862:AAEGbX-FW5J1ymTcNQQalAv8C6ak4UyB_q8/getUpdates "HTTP/1.1 200 OK"
2026-09-09 22:10:36,045 - httpx - INFO - HTTP Request: POST https://api.telegram.org/bot8942164862:AAEGbX-FW5J1ymTcNQQalAv8C6ak4UyB_q8/getUpdates "HTTP/1.1 200 OK"
2026-09-09 22:10:46,182 - httpx - INFO - HTTP Request: POST https://api.telegram.org/bot8942164862:AAEGbX-FW5J1ymTcNQQalAv8C6ak4UyB_q8/getUpdates "HTTP/1.1 200 OK"
2026-09-09 22:10:56,286 - httpx - INFO - HTTP Request: POST https://api.telegram.org/bot8942164862:AAEGbX-FW5J1ymTcNQQalAv8C6ak4UyB_q8/getUpdates "HTTP/1.1 200 OK"
2026-09-09 22:11:06,389 - httpx - INFO - HTTP Request: POST https://api.telegram.org/bot8942164862:AAEGbX-FW5J1ymTcNQQalAv8C6ak4UyB_q8/getUpdates "HTTP/1.1 200 OK"
2026-09-09 22:11:16,601 - httpx - INFO - HTTP Request: POST https://api.telegram.org/bot8942164862:AAEGbX-FW5J1ymTcNQQalAv8C6ak4UyB_q8/getUpdates "HTTP/1.1 200 OK"
2026-09-09 22:11:26,733 - httpx - INFO - HTTP Request: POST https://api.telegram.org/bot8942164862:AAEGbX-FW5J1ymTcNQQalAv8C6ak4UyB_q8/getUpdates "HTTP/1.1 200 OK"
2026-09-09 22:11:36,836 - httpx - INFO - HTTP Request: POST https://api.telegram.org/bot8942164862:AAEGbX-FW5J1ymTcNQQalAv8C6ak4UyB_q8/getUpdates "HTTP/1.1 200 OK"
2026-09-09 22:11:47,008 - httpx - INFO - HTTP Request: POST https://api.telegram.org/bot8942164862:AAEGbX-FW5J1ymTcNQQalAv8C6ak4UyB_q8/getUpdates "HTTP/1.1 200 OK"
2026-09-09 22:11:57,151 - httpx - INFO - HTTP Request: POST https://api.telegram.org/bot8942164862:AAEGbX-FW5J1ymTcNQQalAv8C6ak4UyB_q8/getUpdates "HTTP/1.1 200 OK"
2026-09-09 22:12:07,257 - httpx - INFO - HTTP Request: POST https://api.telegram.org/bot8942164862:AAEGbX-FW5J1ymTcNQQalAv8C6ak4UyB_q8/getUpdates "HTTP/1.1 200 OK"
2026-09-09 22:12:17,366 - httpx - INFO - HTTP Request: POST https://api.telegram.org/bot8942164862:AAEGbX-FW5J1ymTcNQQalAv8C6ak4UyB_q8/getUpdates "HTTP/1.1 200 OK"
2026-09-09 22:12:27,559 - httpx - INFO - HTTP Request: POST https://api.telegram.org/bot8942164862:AAEGbX-FW5J1ymTcNQQalAv8C6ak4UyB_q8/getUpdates "HTTP/1.1 200 OK"
2026-09-09 22:12:37,696 - httpx - INFO - HTTP Request: POST https://api.telegram.org/bot8942164862:AAEGbX-FW5J1ymTcNQQalAv8C6ak4UyB_q8/getUpdates "HTTP/1.1 200 OK"
2026-09-09 22:12:47,834 - httpx - INFO - HTTP Request: POST https://api.telegram.org/bot8942164862:AAEGbX-FW5J1ymTcNQQalAv8C6ak4UyB_q8/getUpdates "HTTP/1.1 200 OK"
2026-09-09 22:12:57,972 - httpx - INFO - HTTP Request: POST https://api.telegram.org/bot8942164862:AAEGbX-FW5J1ymTcNQQalAv8C6ak4UyB_q8/getUpdates "HTTP/1.1 200 OK"
2026-09-09 22:13:08,109 - httpx - INFO - HTTP Request: POST https://api.telegram.org/bot8942164862:AAEGbX-FW5J1ymTcNQQalAv8C6ak4UyB_q8/getUpdates "HTTP/1.1 200 OK"
2026-09-09 22:13:18,206 - httpx - INFO - HTTP Request: POST https://api.telegram.org/bot8942164862:AAEGbX-FW5J1ymTcNQQalAv8C6ak4UyB_q8/getUpdates "HTTP/1.1 200 OK"
2026-09-09 22:13:28,385 - httpx - INFO - HTTP Request: POST https://api.telegram.org/bot8942164862:AAEGbX-FW5J1ymTcNQQalAv8C6ak4UyB_q8/getUpdates "HTTP/1.1 200 OK"
2026-09-09 22:13:38,490 - httpx - INFO - HTTP Request: POST https://api.telegram.org/bot8942164862:AAEGbX-FW5J1ymTcNQQalAv8C6ak4UyB_q8/getUpdates "HTTP/1.1 200 OK"
2026-09-09 22:13:48,595 - httpx - INFO - HTTP Request: POST https://api.telegram.org/bot8942164862:AAEGbX-FW5J1ymTcNQQalAv8C6ak4UyB_q8/getUpdates "HTTP/1.1 200 OK"
2026-09-09 22:13:58,698 - httpx - INFO - HTTP Request: POST https://api.telegram.org/bot8942164862:AAEGbX-FW5J1ymTcNQQalAv8C6ak4UyB_q8/getUpdates "HTTP/1.1 200 OK"
2026-09-09 22:14:08,796 - httpx - INFO - HTTP Request: POST https://api.telegram.org/bot8942164862:AAEGbX-FW5J1ymTcNQQalAv8C6ak4UyB_q8/getUpdates "HTTP/1.1 200 OK"
2026-09-09 22:14:18,970 - httpx - INFO - HTTP Request: POST https://api.telegram.org/bot8942164862:AAEGbX-FW5J1ymTcNQQalAv8C6ak4UyB_q8/getUpdates "HTTP/1.1 200 OK"
2026-09-09 22:14:29,073 - httpx - INFO - HTTP Request: POST https://api.telegram.org/bot8942164862:AAEGbX-FW5J1ymTcNQQalAv8C6ak4UyB_q8/getUpdates "HTTP/1.1 200 OK"
2026-09-09 22:14:39,245 - httpx - INFO - HTTP Request: POST https://api.telegram.org/bot8942164862:AAEGbX-FW5J1ymTcNQQalAv8C6ak4UyB_q8/getUpdates "HTTP/1.1 200 OK"
2026-09-09 22:14:49,362 - httpx - INFO - HTTP Request: POST https://api.telegram.org/bot8942164862:AAEGbX-FW5J1ymTcNQQalAv8C6ak4UyB_q8/getUpdates "HTTP/1.1 200 OK"
2026-09-09 22:14:59,469 - httpx - INFO - HTTP Request: POST https://api.telegram.org/bot8942164862:AAEGbX-FW5J1ymTcNQQalAv8C6ak4UyB_q8/getUpdates "HTTP/1.1 200 OK"
2026-09-09 22:15:09,568 - httpx - INFO - HTTP Request: POST https://api.telegram.org/bot8942164862:AAEGbX-FW5J1ymTcNQQalAv8C6ak4UyB_q8/getUpdates "HTTP/1.1 200 OK"
2026-09-09 22:15:19,694 - httpx - INFO - HTTP Request: POST https://api.telegram.org/bot8942164862:AAEGbX-FW5J1ymTcNQQalAv8C6ak4UyB_q8/getUpdates "HTTP/1.1 200 OK"
2026-09-09 22:15:29,796 - httpx - INFO - HTTP Request: POST https://api.telegram.org/bot8942164862:AAEGbX-FW5J1ymTcNQQalAv8C6ak4UyB_q8/getUpdates "HTTP/1.1 200 OK"
2026-09-09 22:15:39,969 - httpx - INFO - HTTP Request: POST https://api.telegram.org/bot8942164862:AAEGbX-FW5J1ymTcNQQalAv8C6ak4UyB_q8/getUpdates "HTTP/1.1 200 OK"
2026-09-09 22:15:50,107 - httpx - INFO - HTTP Request: POST https://api.telegram.org/bot8942164862:AAEGbX-FW5J1ymTcNQQalAv8C6ak4UyB_q8/getUpdates "HTTP/1.1 200 OK"
2026-09-09 22:16:00,250 - httpx - INFO - HTTP Request: POST https://api.telegram.org/bot8942164862:AAEGbX-FW5J1ymTcNQQalAv8C6ak4UyB_q8/getUpdates "HTTP/1.1 200 OK"
2026-09-09 22:16:10,361 - httpx - INFO - HTTP Request: POST https://api.telegram.org/bot8942164862:AAEGbX-FW5J1ymTcNQQalAv8C6ak4UyB_q8/getUpdates "HTTP/1.1 200 OK"
2026-09-09 22:16:20,520 - httpx - INFO - HTTP Request: POST https://api.telegram.org/bot8942164862:AAEGbX-FW5J1ymTcNQQalAv8C6ak4UyB_q8/getUpdates "HTTP/1.1 200 OK"
2026-09-09 22:16:30,623 - httpx - INFO - HTTP Request: POST https://api.telegram.org/bot8942164862:AAEGbX-FW5J1ymTcNQQalAv8C6ak4UyB_q8/getUpdates "HTTP/1.1 200 OK"
2026-09-09 22:16:40,725 - httpx - INFO - HTTP Request: POST https://api.telegram.org/bot8942164862:AAEGbX-FW5J1ymTcNQQalAv8C6ak4UyB_q8/getUpdates "HTTP/1.1 200 OK"
2026-09-09 22:16:50,933 - httpx - INFO - HTTP Request: POST https://api.telegram.org/bot8942164862:AAEGbX-FW5J1ymTcNQQalAv8C6ak4UyB_q8/getUpdates "HTTP/1.1 200 OK"
2026-09-09 22:17:01,036 - httpx - INFO - HTTP Request: POST https://api.telegram.org/bot8942164862:AAEGbX-FW5J1ymTcNQQalAv8C6ak4UyB_q8/getUpdates "HTTP/1.1 200 OK"
2026-09-09 22:17:11,145 - httpx - INFO - HTTP Request: POST https://api.telegram.org/bot8942164862:AAEGbX-FW5J1ymTcNQQalAv8C6ak4UyB_q8/getUpdates "HTTP/1.1 200 OK"
2026-09-09 22:17:21,244 - httpx - INFO - HTTP Request: POST https://api.telegram.org/bot8942164862:AAEGbX-FW5J1ymTcNQQalAv8C6ak4UyB_q8/getUpdates "HTTP/1.1 200 OK"
2026-09-09 22:17:31,386 - httpx - INFO - HTTP Request: POST https://api.telegram.org/bot8942164862:AAEGbX-FW5J1ymTcNQQalAv8C6ak4UyB_q8/getUpdates "HTTP/1.1 200 OK"
2026-09-09 22:17:41,498 - httpx - INFO - HTTP Request: POST https://api.telegram.org/bot8942164862:AAEGbX-FW5J1ymTcNQQalAv8C6ak4UyB_q8/getUpdates "HTTP/1.1 200 OK"
2026-09-09 22:17:51,657 - httpx - INFO - HTTP Request: POST https://api.telegram.org/bot8942164862:AAEGbX-FW5J1ymTcNQQalAv8C6ak4UyB_q8/getUpdates "HTTP/1.1 200 OK"
2026-09-09 22:18:01,795 - httpx - INFO - HTTP Request: POST https://api.telegram.org/bot8942164862:AAEGbX-FW5J1ymTcNQQalAv8C6ak4UyB_q8/getUpdates "HTTP/1.1 200 OK"
2026-09-09 22:18:11,937 - httpx - INFO - HTTP Request: POST https://api.telegram.org/bot8942164862:AAEGbX-FW5J1ymTcNQQalAv8C6ak4UyB_q8/getUpdates "HTTP/1.1 200 OK"
2026-09-09 22:18:22,050 - httpx - INFO - HTTP Request: POST https://api.telegram.org/bot8942164862:AAEGbX-FW5J1ymTcNQQalAv8C6ak4UyB_q8/getUpdates "HTTP/1.1 200 OK"
2026-09-09 22:18:32,148 - httpx - INFO - HTTP Request: POST https://api.telegram.org/bot8942164862:AAEGbX-FW5J1ymTcNQQalAv8C6ak4UyB_q8/getUpdates "HTTP/1.1 200 OK"
2026-09-09 22:18:42,350 - httpx - INFO - HTTP Request: POST https://api.telegram.org/bot8942164862:AAEGbX-FW5J1ymTcNQQalAv8C6ak4UyB_q8/getUpdates "HTTP/1.1 200 OK"
2026-09-09 22:18:52,469 - httpx - INFO - HTTP Request: POST https://api.telegram.org/bot8942164862:AAEGbX-FW5J1ymTcNQQalAv8C6ak4UyB_q8/getUpdates "HTTP/1.1 200 OK"
2026-09-09 22:19:02,621 - httpx - INFO - HTTP Request: POST https://api.telegram.org/bot8942164862:AAEGbX-FW5J1ymTcNQQalAv8C6ak4UyB_q8/getUpdates "HTTP/1.1 200 OK"
2026-09-09 22:19:12,759 - httpx - INFO - HTTP Request: POST https://api.telegram.org/bot8942164862:AAEGbX-FW5J1ymTcNQQalAv8C6ak4UyB_q8/getUpdates "HTTP/1.1 200 OK"
2026-09-09 22:19:22,863 - httpx - INFO - HTTP Request: POST https://api.telegram.org/bot8942164862:AAEGbX-FW5J1ymTcNQQalAv8C6ak4UyB_q8/getUpdates "HTTP/1.1 200 OK"
2026-09-09 22:19:32,963 - httpx - INFO - HTTP Request: POST https://api.telegram.org/bot8942164862:AAEGbX-FW5J1ymTcNQQalAv8C6ak4UyB_q8/getUpdates "HTTP/1.1 200 OK"
2026-09-09 22:19:43,078 - httpx - INFO - HTTP Request: POST https://api.telegram.org/bot8942164862:AAEGbX-FW5J1ymTcNQQalAv8C6ak4UyB_q8/getUpdates "HTTP/1.1 200 OK"
2026-09-09 22:19:53,181 - httpx - INFO - HTTP Request: POST https://api.telegram.org/bot8942164862:AAEGbX-FW5J1ymTcNQQalAv8C6ak4UyB_q8/getUpdates "HTTP/1.1 200 OK"
2026-09-09 22:20:03,344 - httpx - INFO - HTTP Request: POST https://api.telegram.org/bot8942164862:AAEGbX-FW5J1ymTcNQQalAv8C6ak4UyB_q8/getUpdates "HTTP/1.1 200 OK"
2026-09-09 22:20:13,482 - httpx - INFO - HTTP Request: POST https://api.telegram.org/bot8942164862:AAEGbX-FW5J1ymTcNQQalAv8C6ak4UyB_q8/getUpdates "HTTP/1.1 200 OK"
2026-09-09 22:20:23,589 - httpx - INFO - HTTP Request: POST https://api.telegram.org/bot8942164862:AAEGbX-FW5J1ymTcNQQalAv8C6ak4UyB_q8/getUpdates "HTTP/1.1 200 OK"
2026-09-09 22:20:33,757 - httpx - INFO - HTTP Request: POST https://api.telegram.org/bot8942164862:AAEGbX-FW5J1ymTcNQQalAv8C6ak4UyB_q8/getUpdates "HTTP/1.1 200 OK"
2026-09-09 22:20:43,861 - httpx - INFO - HTTP Request: POST https://api.telegram.org/bot8942164862:AAEGbX-FW5J1ymTcNQQalAv8C6ak4UyB_q8/getUpdates "HTTP/1.1 200 OK"
2026-09-09 22:20:54,033 - httpx - INFO - HTTP Request: POST https://api.telegram.org/bot8942164862:AAEGbX-FW5J1ymTcNQQalAv8C6ak4UyB_q8/getUpdates "HTTP/1.1 200 OK"
2026-09-09 22:21:04,170 - httpx - INFO - HTTP Request: POST https://api.telegram.org/bot8942164862:AAEGbX-FW5J1ymTcNQQalAv8C6ak4UyB_q8/getUpdates "HTTP/1.1 200 OK"
2026-09-09 22:21:14,308 - httpx - INFO - HTTP Request: POST https://api.telegram.org/bot8942164862:AAEGbX-FW5J1ymTcNQQalAv8C6ak4UyB_q8/getUpdates "HTTP/1.1 200 OK"
2026-09-09 22:21:24,408 - httpx - INFO - HTTP Request: POST https://api.telegram.org/bot8942164862:AAEGbX-FW5J1ymTcNQQalAv8C6ak4UyB_q8/getUpdates "HTTP/1.1 200 OK"
2026-09-09 22:21:34,676 - httpx - INFO - HTTP Request: POST https://api.telegram.org/bot8942164862:AAEGbX-FW5J1ymTcNQQalAv8C6ak4UyB_q8/getUpdates "HTTP/1.1 200 OK"
2026-09-09 22:21:44,829 - httpx - INFO - HTTP Request: POST https://api.telegram.org/bot8942164862:AAEGbX-FW5J1ymTcNQQalAv8C6ak4UyB_q8/getUpdates "HTTP/1.1 200 OK"
2026-09-09 22:21:49,226 - httpx - INFO - HTTP Request: POST https://api.telegram.org/bot8942164862:AAEGbX-FW5J1ymTcNQQalAv8C6ak4UyB_q8/getUpdates "HTTP/1.1 200 OK"
2026-09-09 22:21:56,292 - httpx - INFO - HTTP Request: POST https://api.telegram.org/bot8942164862:AAEGbX-FW5J1ymTcNQQalAv8C6ak4UyB_q8/getUpdates "HTTP/1.1 200 OK"
2026-09-09 22:21:57,268 - httpx - INFO - HTTP Request: POST https://api.telegram.org/bot8942164862:AAEGbX-FW5J1ymTcNQQalAv8C6ak4UyB_q8/getUpdates "HTTP/1.1 200 OK"
2026-09-09 22:22:03,264 - httpx - INFO - HTTP Request: POST https://api.telegram.org/bot8942164862:AAEGbX-FW5J1ymTcNQQalAv8C6ak4UyB_q8/getUpdates "HTTP/1.1 200 OK"
2026-09-09 22:22:13,380 - httpx - INFO - HTTP Request: POST https://api.telegram.org/bot8942164862:AAEGbX-FW5J1ymTcNQQalAv8C6ak4UyB_q8/getUpdates "HTTP/1.1 200 OK"
2026-09-09 22:22:23,531 - httpx - INFO - HTTP Request: POST https://api.telegram.org/bot8942164862:AAEGbX-FW5J1ymTcNQQalAv8C6ak4UyB_q8/getUpdates "HTTP/1.1 200 OK"
2026-09-09 22:22:33,668 - httpx - INFO - HTTP Request: POST https://api.telegram.org/bot8942164862:AAEGbX-FW5J1ymTcNQQalAv8C6ak4UyB_q8/getUpdates "HTTP/1.1 200 OK"
2026-09-09 22:22:43,772 - httpx - INFO - HTTP Request: POST https://api.telegram.org/bot8942164862:AAEGbX-FW5J1ymTcNQQalAv8C6ak4UyB_q8/getUpdates "HTTP/1.1 200 OK"
2026-09-09 22:22:53,948 - httpx - INFO - HTTP Request: POST https://api.telegram.org/bot8942164862:AAEGbX-FW5J1ymTcNQQalAv8C6ak4UyB_q8/getUpdates "HTTP/1.1 200 OK"
2026-09-09 22:23:04,048 - httpx - INFO - HTTP Request: POST https://api.telegram.org/bot8942164862:AAEGbX-FW5J1ymTcNQQalAv8C6ak4UyB_q8/getUpdates "HTTP/1.1 200 OK"
2026-09-09 22:23:14,153 - httpx - INFO - HTTP Request: POST https://api.telegram.org/bot8942164862:AAEGbX-FW5J1ymTcNQQalAv8C6ak4UyB_q8/getUpdates "HTTP/1.1 200 OK"
2026-09-09 22:23:24,253 - httpx - INFO - HTTP Request: POST https://api.telegram.org/bot8942164862:AAEGbX-FW5J1ymTcNQQalAv8C6ak4UyB_q8/getUpdates "HTTP/1.1 200 OK"
2026-09-09 22:23:34,362 - httpx - INFO - HTTP Request: POST https://api.telegram.org/bot8942164862:AAEGbX-FW5J1ymTcNQQalAv8C6ak4UyB_q8/getUpdates "HTTP/1.1 200 OK"
2026-09-09 22:23:44,529 - httpx - INFO - HTTP Request: POST https://api.telegram.org/bot8942164862:AAEGbX-FW5J1ymTcNQQalAv8C6ak4UyB_q8/getUpdates "HTTP/1.1 200 OK"
2026-09-09 22:23:54,630 - httpx - INFO - HTTP Request: POST https://api.telegram.org/bot8942164862:AAEGbX-FW5J1ymTcNQQalAv8C6ak4UyB_q8/getUpdates "HTTP/1.1 200 OK"
2026-09-09 22:24:04,907 - httpx - INFO - HTTP Request: POST https://api.telegram.org/bot8942164862:AAEGbX-FW5J1ymTcNQQalAv8C6ak4UyB_q8/getUpdates "HTTP/1.1 200 OK"
2026-09-09 22:24:15,009 - httpx - INFO - HTTP Request: POST https://api.telegram.org/bot8942164862:AAEGbX-FW5J1ymTcNQQalAv8C6ak4UyB_q8/getUpdates "HTTP/1.1 200 OK"
2026-09-09 22:24:25,182 - httpx - INFO - HTTP Request: POST https://api.telegram.org/bot8942164862:AAEGbX-FW5J1ymTcNQQalAv8C6ak4UyB_q8/getUpdates "HTTP/1.1 200 OK"
2026-09-09 22:24:35,321 - httpx - INFO - HTTP Request: POST https://api.telegram.org/bot8942164862:AAEGbX-FW5J1ymTcNQQalAv8C6ak4UyB_q8/getUpdates "HTTP/1.1 200 OK"
2026-09-09 22:24:45,419 - httpx - INFO - HTTP Request: POST https://api.telegram.org/bot8942164862:AAEGbX-FW5J1ymTcNQQalAv8C6ak4UyB_q8/getUpdates "HTTP/1.1 200 OK"
2026-09-09 22:24:55,520 - httpx - INFO - HTTP Request: POST https://api.telegram.org/bot8942164862:AAEGbX-FW5J1ymTcNQQalAv8C6ak4UyB_q8/getUpdates "HTTP/1.1 200 OK"
2026-09-09 22:25:05,633 - httpx - INFO - HTTP Request: POST https://api.telegram.org/bot8942164862:AAEGbX-FW5J1ymTcNQQalAv8C6ak4UyB_q8/getUpdates "HTTP/1.1 200 OK"
2026-09-09 22:25:15,880 - httpx - INFO - HTTP Request: POST https://api.telegram.org/bot8942164862:AAEGbX-FW5J1ymTcNQQalAv8C6ak4UyB_q8/getUpdates "HTTP/1.1 200 OK"
2026-09-09 22:25:25,980 - httpx - INFO - HTTP Request: POST https://api.telegram.org/bot8942164862:AAEGbX-FW5J1ymTcNQQalAv8C6ak4UyB_q8/getUpdates "HTTP/1.1 200 OK"
2026-09-09 22:25:36,145 - httpx - INFO - HTTP Request: POST https://api.telegram.org/bot8942164862:AAEGbX-FW5J1ymTcNQQalAv8C6ak4UyB_q8/getUpdates "HTTP/1.1 200 OK"
2026-09-09 22:25:46,385 - httpx - INFO - HTTP Request: POST https://api.telegram.org/bot8942164862:AAEGbX-FW5J1ymTcNQQalAv8C6ak4UyB_q8/getUpdates "HTTP/1.1 200 OK"
2026-09-09 22:25:56,523 - httpx - INFO - HTTP Request: POST https://api.telegram.org/bot8942164862:AAEGbX-FW5J1ymTcNQQalAv8C6ak4UyB_q8/getUpdates "HTTP/1.1 200 OK"
2026-09-09 22:26:06,631 - httpx - INFO - HTTP Request: POST https://api.telegram.org/bot8942164862:AAEGbX-FW5J1ymTcNQQalAv8C6ak4UyB_q8/getUpdates "HTTP/1.1 200 OK"
2026-09-09 22:26:16,799 - httpx - INFO - HTTP Request: POST https://api.telegram.org/bot8942164862:AAEGbX-FW5J1ymTcNQQalAv8C6ak4UyB_q8/getUpdates "HTTP/1.1 200 OK"
2026-09-09 22:26:26,936 - httpx - INFO - HTTP Request: POST https://api.telegram.org/bot8942164862:AAEGbX-FW5J1ymTcNQQalAv8C6ak4UyB_q8/getUpdates "HTTP/1.1 200 OK"
2026-09-09 22:26:37,074 - httpx - INFO - HTTP Request: POST https://api.telegram.org/bot8942164862:AAEGbX-FW5J1ymTcNQQalAv8C6ak4UyB_q8/getUpdates "HTTP/1.1 200 OK"
2026-09-09 22:26:47,211 - httpx - INFO - HTTP Request: POST https://api.telegram.org/bot8942164862:AAEGbX-FW5J1ymTcNQQalAv8C6ak4UyB_q8/getUpdates "HTTP/1.1 200 OK"
2026-09-09 22:26:57,310 - httpx - INFO - HTTP Request: POST https://api.telegram.org/bot8942164862:AAEGbX-FW5J1ymTcNQQalAv8C6ak4UyB_q8/getUpdates "HTTP/1.1 200 OK"
2026-09-09 22:27:07,414 - httpx - INFO - HTTP Request: POST https://api.telegram.org/bot8942164862:AAEGbX-FW5J1ymTcNQQalAv8C6ak4UyB_q8/getUpdates "HTTP/1.1 200 OK"
2026-09-09 22:27:17,521 - httpx - INFO - HTTP Request: POST https://api.telegram.org/bot8942164862:AAEGbX-FW5J1ymTcNQQalAv8C6ak4UyB_q8/getUpdates "HTTP/1.1 200 OK"
2026-09-09 22:27:27,659 - httpx - INFO - HTTP Request: POST https://api.telegram.org/bot8942164862:AAEGbX-FW5J1ymTcNQQalAv8C6ak4UyB_q8/getUpdates "HTTP/1.1 200 OK"
2026-09-09 22:27:37,767 - httpx - INFO - HTTP Request: POST https://api.telegram.org/bot8942164862:AAEGbX-FW5J1ymTcNQQalAv8C6ak4UyB_q8/getUpdates "HTTP/1.1 200 OK"
2026-09-09 22:27:47,940 - httpx - INFO - HTTP Request: POST https://api.telegram.org/bot8942164862:AAEGbX-FW5J1ymTcNQQalAv8C6ak4UyB_q8/getUpdates "HTTP/1.1 200 OK"
2026-09-09 22:27:58,072 - httpx - INFO - HTTP Request: POST https://api.telegram.org/bot8942164862:AAEGbX-FW5J1ymTcNQQalAv8C6ak4UyB_q8/getUpdates "HTTP/1.1 200 OK"
2026-09-09 22:28:08,216 - httpx - INFO - HTTP Request: POST https://api.telegram.org/bot8942164862:AAEGbX-FW5J1ymTcNQQalAv8C6ak4UyB_q8/getUpdates "HTTP/1.1 200 OK"
2026-09-09 22:28:18,330 - httpx - INFO - HTTP Request: POST https://api.telegram.org/bot8942164862:AAEGbX-FW5J1ymTcNQQalAv8C6ak4UyB_q8/getUpdates "HTTP/1.1 200 OK"
2026-09-09 22:28:28,490 - httpx - INFO - HTTP Request: POST https://api.telegram.org/bot8942164862:AAEGbX-FW5J1ymTcNQQalAv8C6ak4UyB_q8/getUpdates "HTTP/1.1 200 OK"
2026-09-09 22:28:38,611 - httpx - INFO - HTTP Request: POST https://api.telegram.org/bot8942164862:AAEGbX-FW5J1ymTcNQQalAv8C6ak4UyB_q8/getUpdates "HTTP/1.1 200 OK"
2026-09-09 22:28:48,714 - httpx - INFO - HTTP Request: POST https://api.telegram.org/bot8942164862:AAEGbX-FW5J1ymTcNQQalAv8C6ak4UyB_q8/getUpdates "HTTP/1.1 200 OK"
2026-09-09 22:28:58,815 - httpx - INFO - HTTP Request: POST https://api.telegram.org/bot8942164862:AAEGbX-FW5J1ymTcNQQalAv8C6ak4UyB_q8/getUpdates "HTTP/1.1 200 OK"
2026-09-09 22:29:08,921 - httpx - INFO - HTTP Request: POST https://api.telegram.org/bot8942164862:AAEGbX-FW5J1ymTcNQQalAv8C6ak4UyB_q8/getUpdates "HTTP/1.1 200 OK"
2026-09-09 22:29:19,071 - httpx - INFO - HTTP Request: POST https://api.telegram.org/bot8942164862:AAEGbX-FW5J1ymTcNQQalAv8C6ak4UyB_q8/getUpdates "HTTP/1.1 200 OK"
2026-09-09 22:29:29,208 - httpx - INFO - HTTP Request: POST https://api.telegram.org/bot8942164862:AAEGbX-FW5J1ymTcNQQalAv8C6ak4UyB_q8/getUpdates "HTTP/1.1 200 OK"
2026-09-09 22:29:39,346 - httpx - INFO - HTTP Request: POST https://api.telegram.org/bot8942164862:AAEGbX-FW5J1ymTcNQQalAv8C6ak4UyB_q8/getUpdates "HTTP/1.1 200 OK"
2026-09-09 22:29:49,489 - httpx - INFO - HTTP Request: POST https://api.telegram.org/bot8942164862:AAEGbX-FW5J1ymTcNQQalAv8C6ak4UyB_q8/getUpdates "HTTP/1.1 200 OK"
2026-09-09 22:29:59,626 - httpx - INFO - HTTP Request: POST https://api.telegram.org/bot8942164862:AAEGbX-FW5J1ymTcNQQalAv8C6ak4UyB_q8/getUpdates "HTTP/1.1 200 OK"
2026-09-09 22:30:09,763 - httpx - INFO - HTTP Request: POST https://api.telegram.org/bot8942164862:AAEGbX-FW5J1ymTcNQQalAv8C6ak4UyB_q8/getUpdates "HTTP/1.1 200 OK"
2026-09-09 22:30:19,867 - httpx - INFO - HTTP Request: POST https://api.telegram.org/bot8942164862:AAEGbX-FW5J1ymTcNQQalAv8C6ak4UyB_q8/getUpdates "HTTP/1.1 200 OK"
2026-09-09 22:30:29,976 - httpx - INFO - HTTP Request: POST https://api.telegram.org/bot8942164862:AAEGbX-FW5J1ymTcNQQalAv8C6ak4UyB_q8/getUpdates "HTTP/1.1 200 OK"
2026-09-09 22:30:40,081 - httpx - INFO - HTTP Request: POST https://api.telegram.org/bot8942164862:AAEGbX-FW5J1ymTcNQQalAv8C6ak4UyB_q8/getUpdates "HTTP/1.1 200 OK"
2026-09-09 22:30:50,182 - httpx - INFO - HTTP Request: POST https://api.telegram.org/bot8942164862:AAEGbX-FW5J1ymTcNQQalAv8C6ak4UyB_q8/getUpdates "HTTP/1.1 200 OK"
2026-09-09 22:31:00,345 - httpx - INFO - HTTP Request: POST https://api.telegram.org/bot8942164862:AAEGbX-FW5J1ymTcNQQalAv8C6ak4UyB_q8/getUpdates "HTTP/1.1 200 OK"
2026-09-09 22:31:10,449 - httpx - INFO - HTTP Request: POST https://api.telegram.org/bot8942164862:AAEGbX-FW5J1ymTcNQQalAv8C6ak4UyB_q8/getUpdates "HTTP/1.1 200 OK"
2026-09-09 22:31:20,603 - httpx - INFO - HTTP Request: POST https://api.telegram.org/bot8942164862:AAEGbX-FW5J1ymTcNQQalAv8C6ak4UyB_q8/getUpdates "HTTP/1.1 200 OK"
2026-09-09 22:31:30,757 - httpx - INFO - HTTP Request: POST https://api.telegram.org/bot8942164862:AAEGbX-FW5J1ymTcNQQalAv8C6ak4UyB_q8/getUpdates "HTTP/1.1 200 OK"
2026-09-09 22:31:40,855 - httpx - INFO - HTTP Request: POST https://api.telegram.org/bot8942164862:AAEGbX-FW5J1ymTcNQQalAv8C6ak4UyB_q8/getUpdates "HTTP/1.1 200 OK"
2026-09-09 22:31:51,033 - httpx - INFO - HTTP Request: POST https://api.telegram.org/bot8942164862:AAEGbX-FW5J1ymTcNQQalAv8C6ak4UyB_q8/getUpdates "HTTP/1.1 200 OK"
2026-09-09 22:32:01,132 - httpx - INFO - HTTP Request: POST https://api.telegram.org/bot8942164862:AAEGbX-FW5J1ymTcNQQalAv8C6ak4UyB_q8/getUpdates "HTTP/1.1 200 OK"
2026-09-09 22:32:11,244 - httpx - INFO - HTTP Request: POST https://api.telegram.org/bot8942164862:AAEGbX-FW5J1ymTcNQQalAv8C6ak4UyB_q8/getUpdates "HTTP/1.1 200 OK"
2026-09-09 22:32:21,343 - httpx - INFO - HTTP Request: POST https://api.telegram.org/bot8942164862:AAEGbX-FW5J1ymTcNQQalAv8C6ak4UyB_q8/getUpdates "HTTP/1.1 200 OK"
2026-09-09 22:32:31,481 - httpx - INFO - HTTP Request: POST https://api.telegram.org/bot8942164862:AAEGbX-FW5J1ymTcNQQalAv8C6ak4UyB_q8/getUpdates "HTTP/1.1 200 OK"
2026-09-09 22:32:41,618 - httpx - INFO - HTTP Request: POST https://api.telegram.org/bot8942164862:AAEGbX-FW5J1ymTcNQQalAv8C6ak4UyB_q8/getUpdates "HTTP/1.1 200 OK"
2026-09-09 22:32:51,756 - httpx - INFO - HTTP Request: POST https://api.telegram.org/bot8942164862:AAEGbX-FW5J1ymTcNQQalAv8C6ak4UyB_q8/getUpdates "HTTP/1.1 200 OK"
2026-09-09 22:33:01,893 - httpx - INFO - HTTP Request: POST https://api.telegram.org/bot8942164862:AAEGbX-FW5J1ymTcNQQalAv8C6ak4UyB_q8/getUpdates "HTTP/1.1 200 OK"
2026-09-09 22:33:11,992 - httpx - INFO - HTTP Request: POST https://api.telegram.org/bot8942164862:AAEGbX-FW5J1ymTcNQQalAv8C6ak4UyB_q8/getUpdates "HTTP/1.1 200 OK"
2026-09-09 22:33:22,169 - httpx - INFO - HTTP Request: POST https://api.telegram.org/bot8942164862:AAEGbX-FW5J1ymTcNQQalAv8C6ak4UyB_q8/getUpdates "HTTP/1.1 200 OK"
2026-09-09 22:33:32,312 - httpx - INFO - HTTP Request: POST https://api.telegram.org/bot8942164862:AAEGbX-FW5J1ymTcNQQalAv8C6ak4UyB_q8/getUpdates "HTTP/1.1 200 OK"
2026-09-09 22:33:42,414 - httpx - INFO - HTTP Request: POST https://api.telegram.org/bot8942164862:AAEGbX-FW5J1ymTcNQQalAv8C6ak4UyB_q8/getUpdates "HTTP/1.1 200 OK"
2026-09-09 22:33:52,530 - httpx - INFO - HTTP Request: POST https://api.telegram.org/bot8942164862:AAEGbX-FW5J1ymTcNQQalAv8C6ak4UyB_q8/getUpdates "HTTP/1.1 200 OK"
2026-09-09 22:34:02,634 - httpx - INFO - HTTP Request: POST https://api.telegram.org/bot8942164862:AAEGbX-FW5J1ymTcNQQalAv8C6ak4UyB_q8/getUpdates "HTTP/1.1 200 OK"
2026-09-09 22:34:12,735 - httpx - INFO - HTTP Request: POST https://api.telegram.org/bot8942164862:AAEGbX-FW5J1ymTcNQQalAv8C6ak4UyB_q8/getUpdates "HTTP/1.1 200 OK"
2026-09-09 22:34:22,869 - httpx - INFO - HTTP Request: POST https://api.telegram.org/bot8942164862:AAEGbX-FW5J1ymTcNQQalAv8C6ak4UyB_q8/getUpdates "HTTP/1.1 200 OK"
2026-09-09 22:34:33,031 - httpx - INFO - HTTP Request: POST https://api.telegram.org/bot8942164862:AAEGbX-FW5J1ymTcNQQalAv8C6ak4UyB_q8/getUpdates "HTTP/1.1 200 OK"
2026-09-09 22:34:43,173 - httpx - INFO - HTTP Request: POST https://api.telegram.org/bot8942164862:AAEGbX-FW5J1ymTcNQQalAv8C6ak4UyB_q8/getUpdates "HTTP/1.1 200 OK"
2026-09-09 22:34:53,305 - httpx - INFO - HTTP Request: POST https://api.telegram.org/bot8942164862:AAEGbX-FW5J1ymTcNQQalAv8C6ak4UyB_q8/getUpdates "HTTP/1.1 200 OK"
2026-09-09 22:35:03,445 - httpx - INFO - HTTP Request: POST https://api.telegram.org/bot8942164862:AAEGbX-FW5J1ymTcNQQalAv8C6ak4UyB_q8/getUpdates "HTTP/1.1 200 OK"
2026-09-09 22:35:13,550 - httpx - INFO - HTTP Request: POST https://api.telegram.org/bot8942164862:AAEGbX-FW5J1ymTcNQQalAv8C6ak4UyB_q8/getUpdates "HTTP/1.1 200 OK"
2026-09-09 22:35:23,720 - httpx - INFO - HTTP Request: POST https://api.telegram.org/bot8942164862:AAEGbX-FW5J1ymTcNQQalAv8C6ak4UyB_q8/getUpdates "HTTP/1.1 200 OK"
2026-09-09 22:35:33,857 - httpx - INFO - HTTP Request: POST https://api.telegram.org/bot8942164862:AAEGbX-FW5J1ymTcNQQalAv8C6ak4UyB_q8/getUpdates "HTTP/1.1 200 OK"
2026-09-09 22:35:43,957 - httpx - INFO - HTTP Request: POST https://api.telegram.org/bot8942164862:AAEGbX-FW5J1ymTcNQQalAv8C6ak4UyB_q8/getUpdates "HTTP/1.1 200 OK"
2026-09-09 22:35:54,069 - httpx - INFO - HTTP Request: POST https://api.telegram.org/bot8942164862:AAEGbX-FW5J1ymTcNQQalAv8C6ak4UyB_q8/getUpdates "HTTP/1.1 200 OK"
2026-09-09 22:36:04,177 - httpx - INFO - HTTP Request: POST https://api.telegram.org/bot8942164862:AAEGbX-FW5J1ymTcNQQalAv8C6ak4UyB_q8/getUpdates "HTTP/1.1 200 OK"
2026-09-09 22:36:14,277 - httpx - INFO - HTTP Request: POST https://api.telegram.org/bot8942164862:AAEGbX-FW5J1ymTcNQQalAv8C6ak4UyB_q8/getUpdates "HTTP/1.1 200 OK"
2026-09-09 22:36:24,391 - httpx - INFO - HTTP Request: POST https://api.telegram.org/bot8942164862:AAEGbX-FW5J1ymTcNQQalAv8C6ak4UyB_q8/getUpdates "HTTP/1.1 200 OK"
2026-09-09 22:36:34,579 - httpx - INFO - HTTP Request: POST https://api.telegram.org/bot8942164862:AAEGbX-FW5J1ymTcNQQalAv8C6ak4UyB_q8/getUpdates "HTTP/1.1 200 OK"
2026-09-09 22:36:44,683 - httpx - INFO - HTTP Request: POST https://api.telegram.org/bot8942164862:AAEGbX-FW5J1ymTcNQQalAv8C6ak4UyB_q8/getUpdates "HTTP/1.1 200 OK"
2026-09-09 22:36:54,792 - httpx - INFO - HTTP Request: POST https://api.telegram.org/bot8942164862:AAEGbX-FW5J1ymTcNQQalAv8C6ak4UyB_q8/getUpdates "HTTP/1.1 200 OK"
2026-09-09 22:37:04,899 - httpx - INFO - HTTP Request: POST https://api.telegram.org/bot8942164862:AAEGbX-FW5J1ymTcNQQalAv8C6ak4UyB_q8/getUpdates "HTTP/1.1 200 OK"
2026-09-09 22:37:14,997 - httpx - INFO - HTTP Request: POST https://api.telegram.org/bot8942164862:AAEGbX-FW5J1ymTcNQQalAv8C6ak4UyB_q8/getUpdates "HTTP/1.1 200 OK"
2026-09-09 22:37:25,170 - httpx - INFO - HTTP Request: POST https://api.telegram.org/bot8942164862:AAEGbX-FW5J1ymTcNQQalAv8C6ak4UyB_q8/getUpdates "HTTP/1.1 200 OK"
2026-09-09 22:37:35,307 - httpx - INFO - HTTP Request: POST https://api.telegram.org/bot8942164862:AAEGbX-FW5J1ymTcNQQalAv8C6ak4UyB_q8/getUpdates "HTTP/1.1 200 OK"
2026-09-09 22:37:45,408 - httpx - INFO - HTTP Request: POST https://api.telegram.org/bot8942164862:AAEGbX-FW5J1ymTcNQQalAv8C6ak4UyB_q8/getUpdates "HTTP/1.1 200 OK"
2026-09-09 22:37:55,583 - httpx - INFO - HTTP Request: POST https://api.telegram.org/bot8942164862:AAEGbX-FW5J1ymTcNQQalAv8C6ak4UyB_q8/getUpdates "HTTP/1.1 200 OK"
2026-09-09 22:38:05,686 - httpx - INFO - HTTP Request: POST https://api.telegram.org/bot8942164862:AAEGbX-FW5J1ymTcNQQalAv8C6ak4UyB_q8/getUpdates "HTTP/1.1 200 OK"
2026-09-09 22:38:15,852 - httpx - INFO - HTTP Request: POST https://api.telegram.org/bot8942164862:AAEGbX-FW5J1ymTcNQQalAv8C6ak4UyB_q8/getUpdates "HTTP/1.1 200 OK"
2026-09-09 22:38:25,990 - httpx - INFO - HTTP Request: POST https://api.telegram.org/bot8942164862:AAEGbX-FW5J1ymTcNQQalAv8C6ak4UyB_q8/getUpdates "HTTP/1.1 200 OK"
2026-09-09 22:38:36,128 - httpx - INFO - HTTP Request: POST https://api.telegram.org/bot8942164862:AAEGbX-FW5J1ymTcNQQalAv8C6ak4UyB_q8/getUpdates "HTTP/1.1 200 OK"
2026-09-09 22:38:46,228 - httpx - INFO - HTTP Request: POST https://api.telegram.org/bot8942164862:AAEGbX-FW5J1ymTcNQQalAv8C6ak4UyB_q8/getUpdates "HTTP/1.1 200 OK"
2026-09-09 22:38:56,818 - httpx - INFO - HTTP Request: POST https://api.telegram.org/bot8942164862:AAEGbX-FW5J1ymTcNQQalAv8C6ak4UyB_q8/getUpdates "HTTP/1.1 200 OK"
2026-09-09 22:39:06,927 - httpx - INFO - HTTP Request: POST https://api.telegram.org/bot8942164862:AAEGbX-FW5J1ymTcNQQalAv8C6ak4UyB_q8/getUpdates "HTTP/1.1 200 OK"
2026-09-09 22:39:17,088 - httpx - INFO - HTTP Request: POST https://api.telegram.org/bot8942164862:AAEGbX-FW5J1ymTcNQQalAv8C6ak4UyB_q8/getUpdates "HTTP/1.1 200 OK"
2026-09-09 22:39:27,226 - httpx - INFO - HTTP Request: POST https://api.telegram.org/bot8942164862:AAEGbX-FW5J1ymTcNQQalAv8C6ak4UyB_q8/getUpdates "HTTP/1.1 200 OK"
2026-09-09 22:39:37,327 - httpx - INFO - HTTP Request: POST https://api.telegram.org/bot8942164862:AAEGbX-FW5J1ymTcNQQalAv8C6ak4UyB_q8/getUpdates "HTTP/1.1 200 OK"
2026-09-09 22:39:47,433 - httpx - INFO - HTTP Request: POST https://api.telegram.org/bot8942164862:AAEGbX-FW5J1ymTcNQQalAv8C6ak4UyB_q8/getUpdates "HTTP/1.1 200 OK"
2026-09-09 22:39:57,570 - httpx - INFO - HTTP Request: POST https://api.telegram.org/bot8942164862:AAEGbX-FW5J1ymTcNQQalAv8C6ak4UyB_q8/getUpdates "HTTP/1.1 200 OK"
2026-09-09 22:40:07,766 - httpx - INFO - HTTP Request: POST https://api.telegram.org/bot8942164862:AAEGbX-FW5J1ymTcNQQalAv8C6ak4UyB_q8/getUpdates "HTTP/1.1 200 OK"
2026-09-09 22:40:17,875 - httpx - INFO - HTTP Request: POST https://api.telegram.org/bot8942164862:AAEGbX-FW5J1ymTcNQQalAv8C6ak4UyB_q8/getUpdates "HTTP/1.1 200 OK"
2026-09-09 22:40:28,051 - httpx - INFO - HTTP Request: POST https://api.telegram.org/bot8942164862:AAEGbX-FW5J1ymTcNQQalAv8C6ak4UyB_q8/getUpdates "HTTP/1.1 200 OK"
2026-09-09 22:40:38,188 - httpx - INFO - HTTP Request: POST https://api.telegram.org/bot8942164862:AAEGbX-FW5J1ymTcNQQalAv8C6ak4UyB_q8/getUpdates "HTTP/1.1 200 OK"
2026-09-09 22:40:48,331 - httpx - INFO - HTTP Request: POST https://api.telegram.org/bot8942164862:AAEGbX-FW5J1ymTcNQQalAv8C6ak4UyB_q8/getUpdates "HTTP/1.1 200 OK"
2026-09-09 22:40:58,447 - httpx - INFO - HTTP Request: POST https://api.telegram.org/bot8942164862:AAEGbX-FW5J1ymTcNQQalAv8C6ak4UyB_q8/getUpdates "HTTP/1.1 200 OK"
2026-09-09 22:41:08,602 - httpx - INFO - HTTP Request: POST https://api.telegram.org/bot8942164862:AAEGbX-FW5J1ymTcNQQalAv8C6ak4UyB_q8/getUpdates "HTTP/1.1 200 OK"
2026-09-09 22:41:18,740 - httpx - INFO - HTTP Request: POST https://api.telegram.org/bot8942164862:AAEGbX-FW5J1ymTcNQQalAv8C6ak4UyB_q8/getUpdates "HTTP/1.1 200 OK"
2026-09-09 22:41:28,877 - httpx - INFO - HTTP Request: POST https://api.telegram.org/bot8942164862:AAEGbX-FW5J1ymTcNQQalAv8C6ak4UyB_q8/getUpdates "HTTP/1.1 200 OK"
2026-09-09 22:41:38,978 - httpx - INFO - HTTP Request: POST https://api.telegram.org/bot8942164862:AAEGbX-FW5J1ymTcNQQalAv8C6ak4UyB_q8/getUpdates "HTTP/1.1 200 OK"
2026-09-09 22:41:49,082 - httpx - INFO - HTTP Request: POST https://api.telegram.org/bot8942164862:AAEGbX-FW5J1ymTcNQQalAv8C6ak4UyB_q8/getUpdates "HTTP/1.1 200 OK"
2026-09-09 22:41:59,515 - httpx - INFO - HTTP Request: POST https://api.telegram.org/bot8942164862:AAEGbX-FW5J1ymTcNQQalAv8C6ak4UyB_q8/getUpdates "HTTP/1.1 200 OK"
2026-09-09 22:42:09,635 - httpx - INFO - HTTP Request: POST https://api.telegram.org/bot8942164862:AAEGbX-FW5J1ymTcNQQalAv8C6ak4UyB_q8/getUpdates "HTTP/1.1 200 OK"
2026-09-09 22:42:19,741 - httpx - INFO - HTTP Request: POST https://api.telegram.org/bot8942164862:AAEGbX-FW5J1ymTcNQQalAv8C6ak4UyB_q8/getUpdates "HTTP/1.1 200 OK"
2026-09-09 22:42:29,907 - httpx - INFO - HTTP Request: POST https://api.telegram.org/bot8942164862:AAEGbX-FW5J1ymTcNQQalAv8C6ak4UyB_q8/getUpdates "HTTP/1.1 200 OK"
2026-09-09 22:42:40,012 - httpx - INFO - HTTP Request: POST https://api.telegram.org/bot8942164862:AAEGbX-FW5J1ymTcNQQalAv8C6ak4UyB_q8/getUpdates "HTTP/1.1 200 OK"
2026-09-09 22:42:50,111 - httpx - INFO - HTTP Request: POST https://api.telegram.org/bot8942164862:AAEGbX-FW5J1ymTcNQQalAv8C6ak4UyB_q8/getUpdates "HTTP/1.1 200 OK"
2026-09-09 22:43:00,219 - httpx - INFO - HTTP Request: POST https://api.telegram.org/bot8942164862:AAEGbX-FW5J1ymTcNQQalAv8C6ak4UyB_q8/getUpdates "HTTP/1.1 200 OK"
2026-09-09 22:43:10,331 - httpx - INFO - HTTP Request: POST https://api.telegram.org/bot8942164862:AAEGbX-FW5J1ymTcNQQalAv8C6ak4UyB_q8/getUpdates "HTTP/1.1 200 OK"
2026-09-09 22:43:20,493 - httpx - INFO - HTTP Request: POST https://api.telegram.org/bot8942164862:AAEGbX-FW5J1ymTcNQQalAv8C6ak4UyB_q8/getUpdates "HTTP/1.1 200 OK"
2026-09-09 22:43:30,733 - httpx - INFO - HTTP Request: POST https://api.telegram.org/bot8942164862:AAEGbX-FW5J1ymTcNQQalAv8C6ak4UyB_q8/getUpdates "HTTP/1.1 200 OK"
2026-09-09 22:43:40,871 - httpx - INFO - HTTP Request: POST https://api.telegram.org/bot8942164862:AAEGbX-FW5J1ymTcNQQalAv8C6ak4UyB_q8/getUpdates "HTTP/1.1 200 OK"
2026-09-09 22:43:51,008 - httpx - INFO - HTTP Request: POST https://api.telegram.org/bot8942164862:AAEGbX-FW5J1ymTcNQQalAv8C6ak4UyB_q8/getUpdates "HTTP/1.1 200 OK"
2026-09-09 22:44:01,146 - httpx - INFO - HTTP Request: POST https://api.telegram.org/bot8942164862:AAEGbX-FW5J1ymTcNQQalAv8C6ak4UyB_q8/getUpdates "HTTP/1.1 200 OK"
2026-09-09 22:44:11,283 - httpx - INFO - HTTP Request: POST https://api.telegram.org/bot8942164862:AAEGbX-FW5J1ymTcNQQalAv8C6ak4UyB_q8/getUpdates "HTTP/1.1 200 OK"
2026-09-09 22:44:21,421 - httpx - INFO - HTTP Request: POST https://api.telegram.org/bot8942164862:AAEGbX-FW5J1ymTcNQQalAv8C6ak4UyB_q8/getUpdates "HTTP/1.1 200 OK"
2026-09-09 22:44:31,521 - httpx - INFO - HTTP Request: POST https://api.telegram.org/bot8942164862:AAEGbX-FW5J1ymTcNQQalAv8C6ak4UyB_q8/getUpdates "HTTP/1.1 200 OK"
2026-09-09 22:44:41,701 - httpx - INFO - HTTP Request: POST https://api.telegram.org/bot8942164862:AAEGbX-FW5J1ymTcNQQalAv8C6ak4UyB_q8/getUpdates "HTTP/1.1 200 OK"
2026-09-09 22:44:51,834 - httpx - INFO - HTTP Request: POST https://api.telegram.org/bot8942164862:AAEGbX-FW5J1ymTcNQQalAv8C6ak4UyB_q8/getUpdates "HTTP/1.1 200 OK"
2026-09-09 22:45:01,936 - httpx - INFO - HTTP Request: POST https://api.telegram.org/bot8942164862:AAEGbX-FW5J1ymTcNQQalAv8C6ak4UyB_q8/getUpdates "HTTP/1.1 200 OK"
2026-09-09 22:45:12,042 - httpx - INFO - HTTP Request: POST https://api.telegram.org/bot8942164862:AAEGbX-FW5J1ymTcNQQalAv8C6ak4UyB_q8/getUpdates "HTTP/1.1 200 OK"
2026-09-09 22:45:22,146 - httpx - INFO - HTTP Request: POST https://api.telegram.org/bot8942164862:AAEGbX-FW5J1ymTcNQQalAv8C6ak4UyB_q8/getUpdates "HTTP/1.1 200 OK"
2026-09-09 22:45:32,282 - httpx - INFO - HTTP Request: POST https://api.telegram.org/bot8942164862:AAEGbX-FW5J1ymTcNQQalAv8C6ak4UyB_q8/getUpdates "HTTP/1.1 200 OK"
2026-09-09 22:45:42,522 - httpx - INFO - HTTP Request: POST https://api.telegram.org/bot8942164862:AAEGbX-FW5J1ymTcNQQalAv8C6ak4UyB_q8/getUpdates "HTTP/1.1 200 OK"
2026-09-09 22:45:52,659 - httpx - INFO - HTTP Request: POST https://api.telegram.org/bot8942164862:AAEGbX-FW5J1ymTcNQQalAv8C6ak4UyB_q8/getUpdates "HTTP/1.1 200 OK"
2026-09-09 22:46:02,760 - httpx - INFO - HTTP Request: POST https://api.telegram.org/bot8942164862:AAEGbX-FW5J1ymTcNQQalAv8C6ak4UyB_q8/getUpdates "HTTP/1.1 200 OK"
2026-09-09 22:46:12,935 - httpx - INFO - HTTP Request: POST https://api.telegram.org/bot8942164862:AAEGbX-FW5J1ymTcNQQalAv8C6ak4UyB_q8/getUpdates "HTTP/1.1 200 OK"
2026-09-09 22:46:23,072 - httpx - INFO - HTTP Request: POST https://api.telegram.org/bot8942164862:AAEGbX-FW5J1ymTcNQQalAv8C6ak4UyB_q8/getUpdates "HTTP/1.1 200 OK"
2026-09-09 22:46:33,217 - httpx - INFO - HTTP Request: POST https://api.telegram.org/bot8942164862:AAEGbX-FW5J1ymTcNQQalAv8C6ak4UyB_q8/getUpdates "HTTP/1.1 200 OK"
2026-09-09 22:46:43,451 - httpx - INFO - HTTP Request: POST https://api.telegram.org/bot8942164862:AAEGbX-FW5J1ymTcNQQalAv8C6ak4UyB_q8/getUpdates "HTTP/1.1 200 OK"
2026-09-09 22:46:53,590 - httpx - INFO - HTTP Request: POST https://api.telegram.org/bot8942164862:AAEGbX-FW5J1ymTcNQQalAv8C6ak4UyB_q8/getUpdates "HTTP/1.1 200 OK"
2026-09-09 22:47:03,696 - httpx - INFO - HTTP Request: POST https://api.telegram.org/bot8942164862:AAEGbX-FW5J1ymTcNQQalAv8C6ak4UyB_q8/getUpdates "HTTP/1.1 200 OK"
2026-09-09 22:47:13,863 - httpx - INFO - HTTP Request: POST https://api.telegram.org/bot8942164862:AAEGbX-FW5J1ymTcNQQalAv8C6ak4UyB_q8/getUpdates "HTTP/1.1 200 OK"
2026-09-09 22:47:24,000 - httpx - INFO - HTTP Request: POST https://api.telegram.org/bot8942164862:AAEGbX-FW5J1ymTcNQQalAv8C6ak4UyB_q8/getUpdates "HTTP/1.1 200 OK"
2026-09-09 22:47:34,139 - httpx - INFO - HTTP Request: POST https://api.telegram.org/bot8942164862:AAEGbX-FW5J1ymTcNQQalAv8C6ak4UyB_q8/getUpdates "HTTP/1.1 200 OK"
2026-09-09 22:47:44,237 - httpx - INFO - HTTP Request: POST https://api.telegram.org/bot8942164862:AAEGbX-FW5J1ymTcNQQalAv8C6ak4UyB_q8/getUpdates "HTTP/1.1 200 OK"
2026-09-09 22:47:54,414 - httpx - INFO - HTTP Request: POST https://api.telegram.org/bot8942164862:AAEGbX-FW5J1ymTcNQQalAv8C6ak4UyB_q8/getUpdates "HTTP/1.1 200 OK"
2026-09-09 22:48:04,513 - httpx - INFO - HTTP Request: POST https://api.telegram.org/bot8942164862:AAEGbX-FW5J1ymTcNQQalAv8C6ak4UyB_q8/getUpdates "HTTP/1.1 200 OK"
2026-09-09 22:48:14,620 - httpx - INFO - HTTP Request: POST https://api.telegram.org/bot8942164862:AAEGbX-FW5J1ymTcNQQalAv8C6ak4UyB_q8/getUpdates "HTTP/1.1 200 OK"
2026-09-09 22:48:24,725 - httpx - INFO - HTTP Request: POST https://api.telegram.org/bot8942164862:AAEGbX-FW5J1ymTcNQQalAv8C6ak4UyB_q8/getUpdates "HTTP/1.1 200 OK"
2026-09-09 22:48:34,824 - httpx - INFO - HTTP Request: POST https://api.telegram.org/bot8942164862:AAEGbX-FW5J1ymTcNQQalAv8C6ak4UyB_q8/getUpdates "HTTP/1.1 200 OK"
2026-09-09 22:48:44,933 - httpx - INFO - HTTP Request: POST https://api.telegram.org/bot8942164862:AAEGbX-FW5J1ymTcNQQalAv8C6ak4UyB_q8/getUpdates "HTTP/1.1 200 OK"
2026-09-09 22:48:55,138 - httpx - INFO - HTTP Request: POST https://api.telegram.org/bot8942164862:AAEGbX-FW5J1ymTcNQQalAv8C6ak4UyB_q8/getUpdates "HTTP/1.1 200 OK"
2026-09-09 22:49:05,245 - httpx - INFO - HTTP Request: POST https://api.telegram.org/bot8942164862:AAEGbX-FW5J1ymTcNQQalAv8C6ak4UyB_q8/getUpdates "HTTP/1.1 200 OK"
2026-09-09 22:49:15,412 - httpx - INFO - HTTP Request: POST https://api.telegram.org/bot8942164862:AAEGbX-FW5J1ymTcNQQalAv8C6ak4UyB_q8/getUpdates "HTTP/1.1 200 OK"
2026-09-09 22:49:25,549 - httpx - INFO - HTTP Request: POST https://api.telegram.org/bot8942164862:AAEGbX-FW5J1ymTcNQQalAv8C6ak4UyB_q8/getUpdates "HTTP/1.1 200 OK"
2026-09-09 22:49:35,654 - httpx - INFO - HTTP Request: POST https://api.telegram.org/bot8942164862:AAEGbX-FW5J1ymTcNQQalAv8C6ak4UyB_q8/getUpdates "HTTP/1.1 200 OK"
2026-09-09 22:49:45,825 - httpx - INFO - HTTP Request: POST https://api.telegram.org/bot8942164862:AAEGbX-FW5J1ymTcNQQalAv8C6ak4UyB_q8/getUpdates "HTTP/1.1 200 OK"
2026-09-09 22:49:55,982 - httpx - INFO - HTTP Request: POST https://api.telegram.org/bot8942164862:AAEGbX-FW5J1ymTcNQQalAv8C6ak4UyB_q8/getUpdates "HTTP/1.1 200 OK"
2026-09-09 22:50:06,092 - httpx - INFO - HTTP Request: POST https://api.telegram.org/bot8942164862:AAEGbX-FW5J1ymTcNQQalAv8C6ak4UyB_q8/getUpdates "HTTP/1.1 200 OK"
2026-09-09 22:50:16,209 - httpx - INFO - HTTP Request: POST https://api.telegram.org/bot8942164862:AAEGbX-FW5J1ymTcNQQalAv8C6ak4UyB_q8/getUpdates "HTTP/1.1 200 OK"
2026-09-09 22:50:26,308 - httpx - INFO - HTTP Request: POST https://api.telegram.org/bot8942164862:AAEGbX-FW5J1ymTcNQQalAv8C6ak4UyB_q8/getUpdates "HTTP/1.1 200 OK"
2026-09-09 22:50:36,410 - httpx - INFO - HTTP Request: POST https://api.telegram.org/bot8942164862:AAEGbX-FW5J1ymTcNQQalAv8C6ak4UyB_q8/getUpdates "HTTP/1.1 200 OK"
2026-09-09 22:50:46,548 - httpx - INFO - HTTP Request: POST https://api.telegram.org/bot8942164862:AAEGbX-FW5J1ymTcNQQalAv8C6ak4UyB_q8/getUpdates "HTTP/1.1 200 OK"
2026-09-09 22:50:56,650 - httpx - INFO - HTTP Request: POST https://api.telegram.org/bot8942164862:AAEGbX-FW5J1ymTcNQQalAv8C6ak4UyB_q8/getUpdates "HTTP/1.1 200 OK"
2026-09-09 22:51:06,815 - httpx - INFO - HTTP Request: POST https://api.telegram.org/bot8942164862:AAEGbX-FW5J1ymTcNQQalAv8C6ak4UyB_q8/getUpdates "HTTP/1.1 200 OK"
2026-09-09 22:51:17,165 - httpx - INFO - HTTP Request: POST https://api.telegram.org/bot8942164862:AAEGbX-FW5J1ymTcNQQalAv8C6ak4UyB_q8/getUpdates "HTTP/1.1 200 OK"
2026-09-09 22:51:27,277 - httpx - INFO - HTTP Request: POST https://api.telegram.org/bot8942164862:AAEGbX-FW5J1ymTcNQQalAv8C6ak4UyB_q8/getUpdates "HTTP/1.1 200 OK"
2026-09-09 22:51:37,543 - httpx - INFO - HTTP Request: POST https://api.telegram.org/bot8942164862:AAEGbX-FW5J1ymTcNQQalAv8C6ak4UyB_q8/getUpdates "HTTP/1.1 200 OK"
2026-09-09 22:51:47,641 - httpx - INFO - HTTP Request: POST https://api.telegram.org/bot8942164862:AAEGbX-FW5J1ymTcNQQalAv8C6ak4UyB_q8/getUpdates "HTTP/1.1 200 OK"
2026-09-09 22:51:58,210 - httpx - INFO - HTTP Request: POST https://api.telegram.org/bot8942164862:AAEGbX-FW5J1ymTcNQQalAv8C6ak4UyB_q8/getUpdates "HTTP/1.1 200 OK"
2026-09-09 22:52:08,673 - httpx - INFO - HTTP Request: POST https://api.telegram.org/bot8942164862:AAEGbX-FW5J1ymTcNQQalAv8C6ak4UyB_q8/getUpdates "HTTP/1.1 200 OK"
2026-09-09 22:52:18,810 - httpx - INFO - HTTP Request: POST https://api.telegram.org/bot8942164862:AAEGbX-FW5J1ymTcNQQalAv8C6ak4UyB_q8/getUpdates "HTTP/1.1 200 OK"
2026-09-09 22:52:28,948 - httpx - INFO - HTTP Request: POST https://api.telegram.org/bot8942164862:AAEGbX-FW5J1ymTcNQQalAv8C6ak4UyB_q8/getUpdates "HTTP/1.1 200 OK"
2026-09-09 22:52:39,055 - httpx - INFO - HTTP Request: POST https://api.telegram.org/bot8942164862:AAEGbX-FW5J1ymTcNQQalAv8C6ak4UyB_q8/getUpdates "HTTP/1.1 200 OK"
2026-09-09 22:52:49,223 - httpx - INFO - HTTP Request: POST https://api.telegram.org/bot8942164862:AAEGbX-FW5J1ymTcNQQalAv8C6ak4UyB_q8/getUpdates "HTTP/1.1 200 OK"
2026-09-09 22:52:59,381 - httpx - INFO - HTTP Request: POST https://api.telegram.org/bot8942164862:AAEGbX-FW5J1ymTcNQQalAv8C6ak4UyB_q8/getUpdates "HTTP/1.1 200 OK"
2026-09-09 22:53:09,500 - httpx - INFO - HTTP Request: POST https://api.telegram.org/bot8942164862:AAEGbX-FW5J1ymTcNQQalAv8C6ak4UyB_q8/getUpdates "HTTP/1.1 200 OK"
2026-09-09 22:53:19,601 - httpx - INFO - HTTP Request: POST https://api.telegram.org/bot8942164862:AAEGbX-FW5J1ymTcNQQalAv8C6ak4UyB_q8/getUpdates "HTTP/1.1 200 OK"
2026-09-09 22:53:29,707 - httpx - INFO - HTTP Request: POST https://api.telegram.org/bot8942164862:AAEGbX-FW5J1ymTcNQQalAv8C6ak4UyB_q8/getUpdates "HTTP/1.1 200 OK"
2026-09-09 22:53:39,911 - httpx - INFO - HTTP Request: POST https://api.telegram.org/bot8942164862:AAEGbX-FW5J1ymTcNQQalAv8C6ak4UyB_q8/getUpdates "HTTP/1.1 200 OK"
2026-09-09 22:53:50,023 - httpx - INFO - HTTP Request: POST https://api.telegram.org/bot8942164862:AAEGbX-FW5J1ymTcNQQalAv8C6ak4UyB_q8/getUpdates "HTTP/1.1 200 OK"
2026-09-09 22:54:00,187 - httpx - INFO - HTTP Request: POST https://api.telegram.org/bot8942164862:AAEGbX-FW5J1ymTcNQQalAv8C6ak4UyB_q8/getUpdates "HTTP/1.1 200 OK"
2026-09-09 22:54:10,324 - httpx - INFO - HTTP Request: POST https://api.telegram.org/bot8942164862:AAEGbX-FW5J1ymTcNQQalAv8C6ak4UyB_q8/getUpdates "HTTP/1.1 200 OK"
2026-09-09 22:54:20,462 - httpx - INFO - HTTP Request: POST https://api.telegram.org/bot8942164862:AAEGbX-FW5J1ymTcNQQalAv8C6ak4UyB_q8/getUpdates "HTTP/1.1 200 OK"
2026-09-09 22:54:30,600 - httpx - INFO - HTTP Request: POST https://api.telegram.org/bot8942164862:AAEGbX-FW5J1ymTcNQQalAv8C6ak4UyB_q8/getUpdates "HTTP/1.1 200 OK"
2026-09-09 22:54:40,710 - httpx - INFO - HTTP Request: POST https://api.telegram.org/bot8942164862:AAEGbX-FW5J1ymTcNQQalAv8C6ak4UyB_q8/getUpdates "HTTP/1.1 200 OK"
2026-09-09 22:54:50,816 - httpx - INFO - HTTP Request: POST https://api.telegram.org/bot8942164862:AAEGbX-FW5J1ymTcNQQalAv8C6ak4UyB_q8/getUpdates "HTTP/1.1 200 OK"
2026-09-09 22:55:00,992 - httpx - INFO - HTTP Request: POST https://api.telegram.org/bot8942164862:AAEGbX-FW5J1ymTcNQQalAv8C6ak4UyB_q8/getUpdates "HTTP/1.1 200 OK"
2026-09-09 22:55:11,102 - httpx - INFO - HTTP Request: POST https://api.telegram.org/bot8942164862:AAEGbX-FW5J1ymTcNQQalAv8C6ak4UyB_q8/getUpdates "HTTP/1.1 200 OK"
2026-09-09 22:55:21,287 - httpx - INFO - HTTP Request: POST https://api.telegram.org/bot8942164862:AAEGbX-FW5J1ymTcNQQalAv8C6ak4UyB_q8/getUpdates "HTTP/1.1 200 OK"
2026-09-09 22:55:31,424 - httpx - INFO - HTTP Request: POST https://api.telegram.org/bot8942164862:AAEGbX-FW5J1ymTcNQQalAv8C6ak4UyB_q8/getUpdates "HTTP/1.1 200 OK"
2026-09-09 22:55:41,533 - httpx - INFO - HTTP Request: POST https://api.telegram.org/bot8942164862:AAEGbX-FW5J1ymTcNQQalAv8C6ak4UyB_q8/getUpdates "HTTP/1.1 200 OK"
2026-09-09 22:55:51,645 - httpx - INFO - HTTP Request: POST https://api.telegram.org/bot8942164862:AAEGbX-FW5J1ymTcNQQalAv8C6ak4UyB_q8/getUpdates "HTTP/1.1 200 OK"
2026-09-09 22:56:01,834 - httpx - INFO - HTTP Request: POST https://api.telegram.org/bot8942164862:AAEGbX-FW5J1ymTcNQQalAv8C6ak4UyB_q8/getUpdates "HTTP/1.1 200 OK"
2026-09-09 22:56:11,938 - httpx - INFO - HTTP Request: POST https://api.telegram.org/bot8942164862:AAEGbX-FW5J1ymTcNQQalAv8C6ak4UyB_q8/getUpdates "HTTP/1.1 200 OK"
2026-09-09 22:56:22,045 - httpx - INFO - HTTP Request: POST https://api.telegram.org/bot8942164862:AAEGbX-FW5J1ymTcNQQalAv8C6ak4UyB_q8/getUpdates "HTTP/1.1 200 OK"
2026-09-09 22:56:32,174 - httpx - INFO - HTTP Request: POST https://api.telegram.org/bot8942164862:AAEGbX-FW5J1ymTcNQQalAv8C6ak4UyB_q8/getUpdates "HTTP/1.1 200 OK"
2026-09-09 22:56:42,384 - httpx - INFO - HTTP Request: POST https://api.telegram.org/bot8942164862:AAEGbX-FW5J1ymTcNQQalAv8C6ak4UyB_q8/getUpdates "HTTP/1.1 200 OK"
2026-09-09 22:56:52,520 - httpx - INFO - HTTP Request: POST https://api.telegram.org/bot8942164862:AAEGbX-FW5J1ymTcNQQalAv8C6ak4UyB_q8/getUpdates "HTTP/1.1 200 OK"
2026-09-09 22:57:02,658 - httpx - INFO - HTTP Request: POST https://api.telegram.org/bot8942164862:AAEGbX-FW5J1ymTcNQQalAv8C6ak4UyB_q8/getUpdates "HTTP/1.1 200 OK"
2026-09-09 22:57:12,798 - httpx - INFO - HTTP Request: POST https://api.telegram.org/bot8942164862:AAEGbX-FW5J1ymTcNQQalAv8C6ak4UyB_q8/getUpdates "HTTP/1.1 200 OK"
2026-09-09 22:57:22,934 - httpx - INFO - HTTP Request: POST https://api.telegram.org/bot8942164862:AAEGbX-FW5J1ymTcNQQalAv8C6ak4UyB_q8/getUpdates "HTTP/1.1 200 OK"
2026-09-09 22:57:33,045 - httpx - INFO - HTTP Request: POST https://api.telegram.org/bot8942164862:AAEGbX-FW5J1ymTcNQQalAv8C6ak4UyB_q8/getUpdates "HTTP/1.1 200 OK"
2026-09-09 22:57:43,207 - httpx - INFO - HTTP Request: POST https://api.telegram.org/bot8942164862:AAEGbX-FW5J1ymTcNQQalAv8C6ak4UyB_q8/getUpdates "HTTP/1.1 200 OK"
2026-09-09 22:57:53,306 - httpx - INFO - HTTP Request: POST https://api.telegram.org/bot8942164862:AAEGbX-FW5J1ymTcNQQalAv8C6ak4UyB_q8/getUpdates "HTTP/1.1 200 OK"
2026-09-09 22:58:03,482 - httpx - INFO - HTTP Request: POST https://api.telegram.org/bot8942164862:AAEGbX-FW5J1ymTcNQQalAv8C6ak4UyB_q8/getUpdates "HTTP/1.1 200 OK"
2026-09-09 22:58:13,618 - httpx - INFO - HTTP Request: POST https://api.telegram.org/bot8942164862:AAEGbX-FW5J1ymTcNQQalAv8C6ak4UyB_q8/getUpdates "HTTP/1.1 200 OK"
2026-09-09 22:58:23,858 - httpx - INFO - HTTP Request: POST https://api.telegram.org/bot8942164862:AAEGbX-FW5J1ymTcNQQalAv8C6ak4UyB_q8/getUpdates "HTTP/1.1 200 OK"
2026-09-09 22:58:33,957 - httpx - INFO - HTTP Request: POST https://api.telegram.org/bot8942164862:AAEGbX-FW5J1ymTcNQQalAv8C6ak4UyB_q8/getUpdates "HTTP/1.1 200 OK"
2026-09-09 22:58:44,066 - httpx - INFO - HTTP Request: POST https://api.telegram.org/bot8942164862:AAEGbX-FW5J1ymTcNQQalAv8C6ak4UyB_q8/getUpdates "HTTP/1.1 200 OK"
2026-09-09 22:58:54,171 - httpx - INFO - HTTP Request: POST https://api.telegram.org/bot8942164862:AAEGbX-FW5J1ymTcNQQalAv8C6ak4UyB_q8/getUpdates "HTTP/1.1 200 OK"
2026-09-09 22:59:04,416 - httpx - INFO - HTTP Request: POST https://api.telegram.org/bot8942164862:AAEGbX-FW5J1ymTcNQQalAv8C6ak4UyB_q8/getUpdates "HTTP/1.1 200 OK"
2026-09-09 22:59:14,584 - httpx - INFO - HTTP Request: POST https://api.telegram.org/bot8942164862:AAEGbX-FW5J1ymTcNQQalAv8C6ak4UyB_q8/getUpdates "HTTP/1.1 200 OK"
2026-09-09 22:59:24,686 - httpx - INFO - HTTP Request: POST https://api.telegram.org/bot8942164862:AAEGbX-FW5J1ymTcNQQalAv8C6ak4UyB_q8/getUpdates "HTTP/1.1 200 OK"
2026-09-09 22:59:34,792 - httpx - INFO - HTTP Request: POST https://api.telegram.org/bot8942164862:AAEGbX-FW5J1ymTcNQQalAv8C6ak4UyB_q8/getUpdates "HTTP/1.1 200 OK"
2026-09-09 22:59:44,893 - httpx - INFO - HTTP Request: POST https://api.telegram.org/bot8942164862:AAEGbX-FW5J1ymTcNQQalAv8C6ak4UyB_q8/getUpdates "HTTP/1.1 200 OK"
2026-09-09 22:59:54,991 - httpx - INFO - HTTP Request: POST https://api.telegram.org/bot8942164862:AAEGbX-FW5J1ymTcNQQalAv8C6ak4UyB_q8/getUpdates "HTTP/1.1 200 OK"
2026-09-09 23:00:05,129 - httpx - INFO - HTTP Request: POST https://api.telegram.org/bot8942164862:AAEGbX-FW5J1ymTcNQQalAv8C6ak4UyB_q8/getUpdates "HTTP/1.1 200 OK"
2026-09-09 23:00:15,266 - httpx - INFO - HTTP Request: POST https://api.telegram.org/bot8942164862:AAEGbX-FW5J1ymTcNQQalAv8C6ak4UyB_q8/getUpdates "HTTP/1.1 200 OK"
2026-09-09 23:00:25,385 - httpx - INFO - HTTP Request: POST https://api.telegram.org/bot8942164862:AAEGbX-FW5J1ymTcNQQalAv8C6ak4UyB_q8/getUpdates "HTTP/1.1 200 OK"
2026-09-09 23:00:35,501 - httpx - INFO - HTTP Request: POST https://api.telegram.org/bot8942164862:AAEGbX-FW5J1ymTcNQQalAv8C6ak4UyB_q8/getUpdates "HTTP/1.1 200 OK"
2026-09-09 23:00:45,605 - httpx - INFO - HTTP Request: POST https://api.telegram.org/bot8942164862:AAEGbX-FW5J1ymTcNQQalAv8C6ak4UyB_q8/getUpdates "HTTP/1.1 200 OK"
2026-09-09 23:00:55,816 - httpx - INFO - HTTP Request: POST https://api.telegram.org/bot8942164862:AAEGbX-FW5J1ymTcNQQalAv8C6ak4UyB_q8/getUpdates "HTTP/1.1 200 OK"
2026-09-09 23:01:05,918 - httpx - INFO - HTTP Request: POST https://api.telegram.org/bot8942164862:AAEGbX-FW5J1ymTcNQQalAv8C6ak4UyB_q8/getUpdates "HTTP/1.1 200 OK"
2026-09-09 23:01:16,029 - httpx - INFO - HTTP Request: POST https://api.telegram.org/bot8942164862:AAEGbX-FW5J1ymTcNQQalAv8C6ak4UyB_q8/getUpdates "HTTP/1.1 200 OK"
2026-09-09 23:01:26,230 - httpx - INFO - HTTP Request: POST https://api.telegram.org/bot8942164862:AAEGbX-FW5J1ymTcNQQalAv8C6ak4UyB_q8/getUpdates "HTTP/1.1 200 OK"
2026-09-09 23:01:36,367 - httpx - INFO - HTTP Request: POST https://api.telegram.org/bot8942164862:AAEGbX-FW5J1ymTcNQQalAv8C6ak4UyB_q8/getUpdates "HTTP/1.1 200 OK"
2026-09-09 23:01:46,512 - httpx - INFO - HTTP Request: POST https://api.telegram.org/bot8942164862:AAEGbX-FW5J1ymTcNQQalAv8C6ak4UyB_q8/getUpdates "HTTP/1.1 200 OK"
2026-09-09 23:01:56,616 - httpx - INFO - HTTP Request: POST https://api.telegram.org/bot8942164862:AAEGbX-FW5J1ymTcNQQalAv8C6ak4UyB_q8/getUpdates "HTTP/1.1 200 OK"
2026-09-09 23:02:06,779 - httpx - INFO - HTTP Request: POST https://api.telegram.org/bot8942164862:AAEGbX-FW5J1ymTcNQQalAv8C6ak4UyB_q8/getUpdates "HTTP/1.1 200 OK"
2026-09-09 23:02:16,917 - httpx - INFO - HTTP Request: POST https://api.telegram.org/bot8942164862:AAEGbX-FW5J1ymTcNQQalAv8C6ak4UyB_q8/getUpdates "HTTP/1.1 200 OK"
2026-09-09 23:02:27,024 - httpx - INFO - HTTP Request: POST https://api.telegram.org/bot8942164862:AAEGbX-FW5J1ymTcNQQalAv8C6ak4UyB_q8/getUpdates "HTTP/1.1 200 OK"
2026-09-09 23:02:37,138 - httpx - INFO - HTTP Request: POST https://api.telegram.org/bot8942164862:AAEGbX-FW5J1ymTcNQQalAv8C6ak4UyB_q8/getUpdates "HTTP/1.1 200 OK"
2026-09-09 23:02:47,330 - httpx - INFO - HTTP Request: POST https://api.telegram.org/bot8942164862:AAEGbX-FW5J1ymTcNQQalAv8C6ak4UyB_q8/getUpdates "HTTP/1.1 200 OK"
2026-09-09 23:02:57,445 - httpx - INFO - HTTP Request: POST https://api.telegram.org/bot8942164862:AAEGbX-FW5J1ymTcNQQalAv8C6ak4UyB_q8/getUpdates "HTTP/1.1 200 OK"
2026-09-09 23:03:07,546 - httpx - INFO - HTTP Request: POST https://api.telegram.org/bot8942164862:AAEGbX-FW5J1ymTcNQQalAv8C6ak4UyB_q8/getUpdates "HTTP/1.1 200 OK"
2026-09-09 23:03:17,744 - httpx - INFO - HTTP Request: POST https://api.telegram.org/bot8942164862:AAEGbX-FW5J1ymTcNQQalAv8C6ak4UyB_q8/getUpdates "HTTP/1.1 200 OK"
2026-09-09 23:03:27,881 - httpx - INFO - HTTP Request: POST https://api.telegram.org/bot8942164862:AAEGbX-FW5J1ymTcNQQalAv8C6ak4UyB_q8/getUpdates "HTTP/1.1 200 OK"
2026-09-09 23:03:37,995 - httpx - INFO - HTTP Request: POST https://api.telegram.org/bot8942164862:AAEGbX-FW5J1ymTcNQQalAv8C6ak4UyB_q8/getUpdates "HTTP/1.1 200 OK"
2026-09-09 23:03:48,105 - httpx - INFO - HTTP Request: POST https://api.telegram.org/bot8942164862:AAEGbX-FW5J1ymTcNQQalAv8C6ak4UyB_q8/getUpdates "HTTP/1.1 200 OK"
2026-09-09 23:03:58,210 - httpx - INFO - HTTP Request: POST https://api.telegram.org/bot8942164862:AAEGbX-FW5J1ymTcNQQalAv8C6ak4UyB_q8/getUpdates "HTTP/1.1 200 OK"
2026-09-09 23:04:08,329 - httpx - INFO - HTTP Request: POST https://api.telegram.org/bot8942164862:AAEGbX-FW5J1ymTcNQQalAv8C6ak4UyB_q8/getUpdates "HTTP/1.1 200 OK"
2026-09-09 23:04:18,469 - httpx - INFO - HTTP Request: POST https://api.telegram.org/bot8942164862:AAEGbX-FW5J1ymTcNQQalAv8C6ak4UyB_q8/getUpdates "HTTP/1.1 200 OK"
2026-09-09 23:04:28,605 - httpx - INFO - HTTP Request: POST https://api.telegram.org/bot8942164862:AAEGbX-FW5J1ymTcNQQalAv8C6ak4UyB_q8/getUpdates "HTTP/1.1 200 OK"
2026-09-09 23:04:38,742 - httpx - INFO - HTTP Request: POST https://api.telegram.org/bot8942164862:AAEGbX-FW5J1ymTcNQQalAv8C6ak4UyB_q8/getUpdates "HTTP/1.1 200 OK"
2026-09-09 23:04:48,850 - httpx - INFO - HTTP Request: POST https://api.telegram.org/bot8942164862:AAEGbX-FW5J1ymTcNQQalAv8C6ak4UyB_q8/getUpdates "HTTP/1.1 200 OK"
2026-09-09 23:04:59,022 - httpx - INFO - HTTP Request: POST https://api.telegram.org/bot8942164862:AAEGbX-FW5J1ymTcNQQalAv8C6ak4UyB_q8/getUpdates "HTTP/1.1 200 OK"
2026-09-09 23:05:09,155 - httpx - INFO - HTTP Request: POST https://api.telegram.org/bot8942164862:AAEGbX-FW5J1ymTcNQQalAv8C6ak4UyB_q8/getUpdates "HTTP/1.1 200 OK"
2026-09-09 23:05:19,293 - httpx - INFO - HTTP Request: POST https://api.telegram.org/bot8942164862:AAEGbX-FW5J1ymTcNQQalAv8C6ak4UyB_q8/getUpdates "HTTP/1.1 200 OK"
2026-09-09 23:05:29,436 - httpx - INFO - HTTP Request: POST https://api.telegram.org/bot8942164862:AAEGbX-FW5J1ymTcNQQalAv8C6ak4UyB_q8/getUpdates "HTTP/1.1 200 OK"
2026-09-09 23:05:39,568 - httpx - INFO - HTTP Request: POST https://api.telegram.org/bot8942164862:AAEGbX-FW5J1ymTcNQQalAv8C6ak4UyB_q8/getUpdates "HTTP/1.1 200 OK"
2026-09-09 23:05:49,669 - httpx - INFO - HTTP Request: POST https://api.telegram.org/bot8942164862:AAEGbX-FW5J1ymTcNQQalAv8C6ak4UyB_q8/getUpdates "HTTP/1.1 200 OK"
2026-09-09 23:05:59,781 - httpx - INFO - HTTP Request: POST https://api.telegram.org/bot8942164862:AAEGbX-FW5J1ymTcNQQalAv8C6ak4UyB_q8/getUpdates "HTTP/1.1 200 OK"
2026-09-09 23:06:09,987 - httpx - INFO - HTTP Request: POST https://api.telegram.org/bot8942164862:AAEGbX-FW5J1ymTcNQQalAv8C6ak4UyB_q8/getUpdates "HTTP/1.1 200 OK"
2026-09-09 23:06:20,106 - httpx - INFO - HTTP Request: POST https://api.telegram.org/bot8942164862:AAEGbX-FW5J1ymTcNQQalAv8C6ak4UyB_q8/getUpdates "HTTP/1.1 200 OK"
2026-09-09 23:06:30,216 - httpx - INFO - HTTP Request: POST https://api.telegram.org/bot8942164862:AAEGbX-FW5J1ymTcNQQalAv8C6ak4UyB_q8/getUpdates "HTTP/1.1 200 OK"
2026-09-09 23:06:40,394 - httpx - INFO - HTTP Request: POST https://api.telegram.org/bot8942164862:AAEGbX-FW5J1ymTcNQQalAv8C6ak4UyB_q8/getUpdates "HTTP/1.1 200 OK"
2026-09-09 23:06:50,506 - httpx - INFO - HTTP Request: POST https://api.telegram.org/bot8942164862:AAEGbX-FW5J1ymTcNQQalAv8C6ak4UyB_q8/getUpdates "HTTP/1.1 200 OK"
2026-09-09 23:07:00,670 - httpx - INFO - HTTP Request: POST https://api.telegram.org/bot8942164862:AAEGbX-FW5J1ymTcNQQalAv8C6ak4UyB_q8/getUpdates "HTTP/1.1 200 OK"
2026-09-09 23:07:10,809 - httpx - INFO - HTTP Request: POST https://api.telegram.org/bot8942164862:AAEGbX-FW5J1ymTcNQQalAv8C6ak4UyB_q8/getUpdates "HTTP/1.1 200 OK"
2026-09-09 23:07:20,929 - httpx - INFO - HTTP Request: POST https://api.telegram.org/bot8942164862:AAEGbX-FW5J1ymTcNQQalAv8C6ak4UyB_q8/getUpdates "HTTP/1.1 200 OK"
2026-09-09 23:07:31,083 - httpx - INFO - HTTP Request: POST https://api.telegram.org/bot8942164862:AAEGbX-FW5J1ymTcNQQalAv8C6ak4UyB_q8/getUpdates "HTTP/1.1 200 OK"
2026-09-09 23:07:41,220 - httpx - INFO - HTTP Request: POST https://api.telegram.org/bot8942164862:AAEGbX-FW5J1ymTcNQQalAv8C6ak4UyB_q8/getUpdates "HTTP/1.1 200 OK"
2026-09-09 23:07:51,358 - httpx - INFO - HTTP Request: POST https://api.telegram.org/bot8942164862:AAEGbX-FW5J1ymTcNQQalAv8C6ak4UyB_q8/getUpdates "HTTP/1.1 200 OK"
2026-09-09 23:08:01,486 - httpx - INFO - HTTP Request: POST https://api.telegram.org/bot8942164862:AAEGbX-FW5J1ymTcNQQalAv8C6ak4UyB_q8/getUpdates "HTTP/1.1 200 OK"
2026-09-09 23:08:11,633 - httpx - INFO - HTTP Request: POST https://api.telegram.org/bot8942164862:AAEGbX-FW5J1ymTcNQQalAv8C6ak4UyB_q8/getUpdates "HTTP/1.1 200 OK"
2026-09-09 23:08:21,771 - httpx - INFO - HTTP Request: POST https://api.telegram.org/bot8942164862:AAEGbX-FW5J1ymTcNQQalAv8C6ak4UyB_q8/getUpdates "HTTP/1.1 200 OK"
2026-09-09 23:08:31,883 - httpx - INFO - HTTP Request: POST https://api.telegram.org/bot8942164862:AAEGbX-FW5J1ymTcNQQalAv8C6ak4UyB_q8/getUpdates "HTTP/1.1 200 OK"
2026-09-09 23:08:42,047 - httpx - INFO - HTTP Request: POST https://api.telegram.org/bot8942164862:AAEGbX-FW5J1ymTcNQQalAv8C6ak4UyB_q8/getUpdates "HTTP/1.1 200 OK"
2026-09-09 23:08:52,150 - httpx - INFO - HTTP Request: POST https://api.telegram.org/bot8942164862:AAEGbX-FW5J1ymTcNQQalAv8C6ak4UyB_q8/getUpdates "HTTP/1.1 200 OK"
2026-09-09 23:09:02,321 - httpx - INFO - HTTP Request: POST https://api.telegram.org/bot8942164862:AAEGbX-FW5J1ymTcNQQalAv8C6ak4UyB_q8/getUpdates "HTTP/1.1 200 OK"
2026-09-09 23:09:12,466 - httpx - INFO - HTTP Request: POST https://api.telegram.org/bot8942164862:AAEGbX-FW5J1ymTcNQQalAv8C6ak4UyB_q8/getUpdates "HTTP/1.1 200 OK"
2026-09-09 23:09:22,602 - httpx - INFO - HTTP Request: POST https://api.telegram.org/bot8942164862:AAEGbX-FW5J1ymTcNQQalAv8C6ak4UyB_q8/getUpdates "HTTP/1.1 200 OK"
2026-09-09 23:09:32,734 - httpx - INFO - HTTP Request: POST https://api.telegram.org/bot8942164862:AAEGbX-FW5J1ymTcNQQalAv8C6ak4UyB_q8/getUpdates "HTTP/1.1 200 OK"
2026-09-09 23:09:42,841 - httpx - INFO - HTTP Request: POST https://api.telegram.org/bot8942164862:AAEGbX-FW5J1ymTcNQQalAv8C6ak4UyB_q8/getUpdates "HTTP/1.1 200 OK"
2026-09-09 23:09:52,948 - httpx - INFO - HTTP Request: POST https://api.telegram.org/bot8942164862:AAEGbX-FW5J1ymTcNQQalAv8C6ak4UyB_q8/getUpdates "HTTP/1.1 200 OK"
2026-09-09 23:10:03,063 - httpx - INFO - HTTP Request: POST https://api.telegram.org/bot8942164862:AAEGbX-FW5J1ymTcNQQalAv8C6ak4UyB_q8/getUpdates "HTTP/1.1 200 OK"
2026-09-09 23:10:13,184 - httpx - INFO - HTTP Request: POST https://api.telegram.org/bot8942164862:AAEGbX-FW5J1ymTcNQQalAv8C6ak4UyB_q8/getUpdates "HTTP/1.1 200 OK"
2026-09-09 23:10:23,298 - httpx - INFO - HTTP Request: POST https://api.telegram.org/bot8942164862:AAEGbX-FW5J1ymTcNQQalAv8C6ak4UyB_q8/getUpdates "HTTP/1.1 200 OK"
2026-09-09 23:10:33,408 - httpx - INFO - HTTP Request: POST https://api.telegram.org/bot8942164862:AAEGbX-FW5J1ymTcNQQalAv8C6ak4UyB_q8/getUpdates "HTTP/1.1 200 OK"
2026-09-09 23:10:43,533 - httpx - INFO - HTTP Request: POST https://api.telegram.org/bot8942164862:AAEGbX-FW5J1ymTcNQQalAv8C6ak4UyB_q8/getUpdates "HTTP/1.1 200 OK"
2026-09-09 23:10:53,641 - httpx - INFO - HTTP Request: POST https://api.telegram.org/bot8942164862:AAEGbX-FW5J1ymTcNQQalAv8C6ak4UyB_q8/getUpdates "HTTP/1.1 200 OK"
2026-09-09 23:11:03,741 - httpx - INFO - HTTP Request: POST https://api.telegram.org/bot8942164862:AAEGbX-FW5J1ymTcNQQalAv8C6ak4UyB_q8/getUpdates "HTTP/1.1 200 OK"
2026-09-09 23:11:13,911 - httpx - INFO - HTTP Request: POST https://api.telegram.org/bot8942164862:AAEGbX-FW5J1ymTcNQQalAv8C6ak4UyB_q8/getUpdates "HTTP/1.1 200 OK"
2026-09-09 23:11:24,044 - httpx - INFO - HTTP Request: POST https://api.telegram.org/bot8942164862:AAEGbX-FW5J1ymTcNQQalAv8C6ak4UyB_q8/getUpdates "HTTP/1.1 200 OK"
2026-09-09 23:11:34,146 - httpx - INFO - HTTP Request: POST https://api.telegram.org/bot8942164862:AAEGbX-FW5J1ymTcNQQalAv8C6ak4UyB_q8/getUpdates "HTTP/1.1 200 OK"
2026-09-09 23:11:44,250 - httpx - INFO - HTTP Request: POST https://api.telegram.org/bot8942164862:AAEGbX-FW5J1ymTcNQQalAv8C6ak4UyB_q8/getUpdates "HTTP/1.1 200 OK"
2026-09-09 23:11:54,356 - httpx - INFO - HTTP Request: POST https://api.telegram.org/bot8942164862:AAEGbX-FW5J1ymTcNQQalAv8C6ak4UyB_q8/getUpdates "HTTP/1.1 200 OK"
2026-09-09 23:12:04,493 - httpx - INFO - HTTP Request: POST https://api.telegram.org/bot8942164862:AAEGbX-FW5J1ymTcNQQalAv8C6ak4UyB_q8/getUpdates "HTTP/1.1 200 OK"
2026-09-09 23:12:14,629 - httpx - INFO - HTTP Request: POST https://api.telegram.org/bot8942164862:AAEGbX-FW5J1ymTcNQQalAv8C6ak4UyB_q8/getUpdates "HTTP/1.1 200 OK"
2026-09-09 23:12:24,768 - httpx - INFO - HTTP Request: POST https://api.telegram.org/bot8942164862:AAEGbX-FW5J1ymTcNQQalAv8C6ak4UyB_q8/getUpdates "HTTP/1.1 200 OK"
2026-09-09 23:12:34,876 - httpx - INFO - HTTP Request: POST https://api.telegram.org/bot8942164862:AAEGbX-FW5J1ymTcNQQalAv8C6ak4UyB_q8/getUpdates "HTTP/1.1 200 OK"
2026-09-09 23:12:45,047 - httpx - INFO - HTTP Request: POST https://api.telegram.org/bot8942164862:AAEGbX-FW5J1ymTcNQQalAv8C6ak4UyB_q8/getUpdates "HTTP/1.1 200 OK"
2026-09-09 23:12:55,150 - httpx - INFO - HTTP Request: POST https://api.telegram.org/bot8942164862:AAEGbX-FW5J1ymTcNQQalAv8C6ak4UyB_q8/getUpdates "HTTP/1.1 200 OK"
2026-09-09 23:13:05,318 - httpx - INFO - HTTP Request: POST https://api.telegram.org/bot8942164862:AAEGbX-FW5J1ymTcNQQalAv8C6ak4UyB_q8/getUpdates "HTTP/1.1 200 OK"
2026-09-09 23:13:15,427 - httpx - INFO - HTTP Request: POST https://api.telegram.org/bot8942164862:AAEGbX-FW5J1ymTcNQQalAv8C6ak4UyB_q8/getUpdates "HTTP/1.1 200 OK"
2026-09-09 23:13:25,541 - httpx - INFO - HTTP Request: POST https://api.telegram.org/bot8942164862:AAEGbX-FW5J1ymTcNQQalAv8C6ak4UyB_q8/getUpdates "HTTP/1.1 200 OK"
2026-09-09 23:13:35,730 - httpx - INFO - HTTP Request: POST https://api.telegram.org/bot8942164862:AAEGbX-FW5J1ymTcNQQalAv8C6ak4UyB_q8/getUpdates "HTTP/1.1 200 OK"
2026-09-09 23:13:45,831 - httpx - INFO - HTTP Request: POST https://api.telegram.org/bot8942164862:AAEGbX-FW5J1ymTcNQQalAv8C6ak4UyB_q8/getUpdates "HTTP/1.1 200 OK"
2026-09-09 23:13:55,952 - httpx - INFO - HTTP Request: POST https://api.telegram.org/bot8942164862:AAEGbX-FW5J1ymTcNQQalAv8C6ak4UyB_q8/getUpdates "HTTP/1.1 200 OK"
2026-09-09 23:14:06,055 - httpx - INFO - HTTP Request: POST https://api.telegram.org/bot8942164862:AAEGbX-FW5J1ymTcNQQalAv8C6ak4UyB_q8/getUpdates "HTTP/1.1 200 OK"
2026-09-09 23:14:16,168 - httpx - INFO - HTTP Request: POST https://api.telegram.org/bot8942164862:AAEGbX-FW5J1ymTcNQQalAv8C6ak4UyB_q8/getUpdates "HTTP/1.1 200 OK"
2026-09-09 23:14:26,286 - httpx - INFO - HTTP Request: POST https://api.telegram.org/bot8942164862:AAEGbX-FW5J1ymTcNQQalAv8C6ak4UyB_q8/getUpdates "HTTP/1.1 200 OK"
2026-09-09 23:14:36,455 - httpx - INFO - HTTP Request: POST https://api.telegram.org/bot8942164862:AAEGbX-FW5J1ymTcNQQalAv8C6ak4UyB_q8/getUpdates "HTTP/1.1 200 OK"
2026-09-09 23:14:46,574 - httpx - INFO - HTTP Request: POST https://api.telegram.org/bot8942164862:AAEGbX-FW5J1ymTcNQQalAv8C6ak4UyB_q8/getUpdates "HTTP/1.1 200 OK"
2026-09-09 23:14:56,729 - httpx - INFO - HTTP Request: POST https://api.telegram.org/bot8942164862:AAEGbX-FW5J1ymTcNQQalAv8C6ak4UyB_q8/getUpdates "HTTP/1.1 200 OK"
2026-09-09 23:15:06,868 - httpx - INFO - HTTP Request: POST https://api.telegram.org/bot8942164862:AAEGbX-FW5J1ymTcNQQalAv8C6ak4UyB_q8/getUpdates "HTTP/1.1 200 OK"
2026-09-09 23:15:17,005 - httpx - INFO - HTTP Request: POST https://api.telegram.org/bot8942164862:AAEGbX-FW5J1ymTcNQQalAv8C6ak4UyB_q8/getUpdates "HTTP/1.1 200 OK"
2026-09-09 23:15:27,119 - httpx - INFO - HTTP Request: POST https://api.telegram.org/bot8942164862:AAEGbX-FW5J1ymTcNQQalAv8C6ak4UyB_q8/getUpdates "HTTP/1.1 200 OK"
2026-09-09 23:15:37,226 - httpx - INFO - HTTP Request: POST https://api.telegram.org/bot8942164862:AAEGbX-FW5J1ymTcNQQalAv8C6ak4UyB_q8/getUpdates "HTTP/1.1 200 OK"
2026-09-09 23:15:47,327 - httpx - INFO - HTTP Request: POST https://api.telegram.org/bot8942164862:AAEGbX-FW5J1ymTcNQQalAv8C6ak4UyB_q8/getUpdates "HTTP/1.1 200 OK"
2026-09-09 23:15:57,460 - httpx - INFO - HTTP Request: POST https://api.telegram.org/bot8942164862:AAEGbX-FW5J1ymTcNQQalAv8C6ak4UyB_q8/getUpdates "HTTP/1.1 200 OK"
2026-09-09 23:16:07,593 - httpx - INFO - HTTP Request: POST https://api.telegram.org/bot8942164862:AAEGbX-FW5J1ymTcNQQalAv8C6ak4UyB_q8/getUpdates "HTTP/1.1 200 OK"
2026-09-09 23:16:17,729 - httpx - INFO - HTTP Request: POST https://api.telegram.org/bot8942164862:AAEGbX-FW5J1ymTcNQQalAv8C6ak4UyB_q8/getUpdates "HTTP/1.1 200 OK"
2026-09-09 23:16:27,831 - httpx - INFO - HTTP Request: POST https://api.telegram.org/bot8942164862:AAEGbX-FW5J1ymTcNQQalAv8C6ak4UyB_q8/getUpdates "HTTP/1.1 200 OK"
2026-09-09 23:16:38,004 - httpx - INFO - HTTP Request: POST https://api.telegram.org/bot8942164862:AAEGbX-FW5J1ymTcNQQalAv8C6ak4UyB_q8/getUpdates "HTTP/1.1 200 OK"
2026-09-09 23:16:48,142 - httpx - INFO - HTTP Request: POST https://api.telegram.org/bot8942164862:AAEGbX-FW5J1ymTcNQQalAv8C6ak4UyB_q8/getUpdates "HTTP/1.1 200 OK"
2026-09-09 23:16:58,280 - httpx - INFO - HTTP Request: POST https://api.telegram.org/bot8942164862:AAEGbX-FW5J1ymTcNQQalAv8C6ak4UyB_q8/getUpdates "HTTP/1.1 200 OK"
2026-09-09 23:17:08,417 - httpx - INFO - HTTP Request: POST https://api.telegram.org/bot8942164862:AAEGbX-FW5J1ymTcNQQalAv8C6ak4UyB_q8/getUpdates "HTTP/1.1 200 OK"
2026-09-09 23:17:18,537 - httpx - INFO - HTTP Request: POST https://api.telegram.org/bot8942164862:AAEGbX-FW5J1ymTcNQQalAv8C6ak4UyB_q8/getUpdates "HTTP/1.1 200 OK"
2026-09-09 23:17:28,641 - httpx - INFO - HTTP Request: POST https://api.telegram.org/bot8942164862:AAEGbX-FW5J1ymTcNQQalAv8C6ak4UyB_q8/getUpdates "HTTP/1.1 200 OK"
2026-09-09 23:17:38,751 - httpx - INFO - HTTP Request: POST https://api.telegram.org/bot8942164862:AAEGbX-FW5J1ymTcNQQalAv8C6ak4UyB_q8/getUpdates "HTTP/1.1 200 OK"
2026-09-09 23:17:48,866 - httpx - INFO - HTTP Request: POST https://api.telegram.org/bot8942164862:AAEGbX-FW5J1ymTcNQQalAv8C6ak4UyB_q8/getUpdates "HTTP/1.1 200 OK"
2026-09-09 23:17:59,003 - httpx - INFO - HTTP Request: POST https://api.telegram.org/bot8942164862:AAEGbX-FW5J1ymTcNQQalAv8C6ak4UyB_q8/getUpdates "HTTP/1.1 200 OK"
2026-09-09 23:18:09,141 - httpx - INFO - HTTP Request: POST https://api.telegram.org/bot8942164862:AAEGbX-FW5J1ymTcNQQalAv8C6ak4UyB_q8/getUpdates "HTTP/1.1 200 OK"
2026-09-09 23:18:19,246 - httpx - INFO - HTTP Request: POST https://api.telegram.org/bot8942164862:AAEGbX-FW5J1ymTcNQQalAv8C6ak4UyB_q8/getUpdates "HTTP/1.1 200 OK"
2026-09-09 23:18:29,416 - httpx - INFO - HTTP Request: POST https://api.telegram.org/bot8942164862:AAEGbX-FW5J1ymTcNQQalAv8C6ak4UyB_q8/getUpdates "HTTP/1.1 200 OK"
2026-09-09 23:18:39,518 - httpx - INFO - HTTP Request: POST https://api.telegram.org/bot8942164862:AAEGbX-FW5J1ymTcNQQalAv8C6ak4UyB_q8/getUpdates "HTTP/1.1 200 OK"
2026-09-09 23:18:49,631 - httpx - INFO - HTTP Request: POST https://api.telegram.org/bot8942164862:AAEGbX-FW5J1ymTcNQQalAv8C6ak4UyB_q8/getUpdates "HTTP/1.1 200 OK"
2026-09-09 23:18:59,829 - httpx - INFO - HTTP Request: POST https://api.telegram.org/bot8942164862:AAEGbX-FW5J1ymTcNQQalAv8C6ak4UyB_q8/getUpdates "HTTP/1.1 200 OK"
2026-09-09 23:19:09,938 - httpx - INFO - HTTP Request: POST https://api.telegram.org/bot8942164862:AAEGbX-FW5J1ymTcNQQalAv8C6ak4UyB_q8/getUpdates "HTTP/1.1 200 OK"
2026-09-09 23:19:20,109 - httpx - INFO - HTTP Request: POST https://api.telegram.org/bot8942164862:AAEGbX-FW5J1ymTcNQQalAv8C6ak4UyB_q8/getUpdates "HTTP/1.1 200 OK"
2026-09-09 23:19:30,219 - httpx - INFO - HTTP Request: POST https://api.telegram.org/bot8942164862:AAEGbX-FW5J1ymTcNQQalAv8C6ak4UyB_q8/getUpdates "HTTP/1.1 200 OK"
2026-09-09 23:19:40,321 - httpx - INFO - HTTP Request: POST https://api.telegram.org/bot8942164862:AAEGbX-FW5J1ymTcNQQalAv8C6ak4UyB_q8/getUpdates "HTTP/1.1 200 OK"
2026-09-09 23:19:50,519 - httpx - INFO - HTTP Request: POST https://api.telegram.org/bot8942164862:AAEGbX-FW5J1ymTcNQQalAv8C6ak4UyB_q8/getUpdates "HTTP/1.1 200 OK"
2026-09-09 23:20:00,656 - httpx - INFO - HTTP Request: POST https://api.telegram.org/bot8942164862:AAEGbX-FW5J1ymTcNQQalAv8C6ak4UyB_q8/getUpdates "HTTP/1.1 200 OK"
2026-09-09 23:20:10,757 - httpx - INFO - HTTP Request: POST https://api.telegram.org/bot8942164862:AAEGbX-FW5J1ymTcNQQalAv8C6ak4UyB_q8/getUpdates "HTTP/1.1 200 OK"
2026-09-09 23:20:20,869 - httpx - INFO - HTTP Request: POST https://api.telegram.org/bot8942164862:AAEGbX-FW5J1ymTcNQQalAv8C6ak4UyB_q8/getUpdates "HTTP/1.1 200 OK"
2026-09-09 23:20:31,068 - httpx - INFO - HTTP Request: POST https://api.telegram.org/bot8942164862:AAEGbX-FW5J1ymTcNQQalAv8C6ak4UyB_q8/getUpdates "HTTP/1.1 200 OK"
2026-09-09 23:20:41,176 - httpx - INFO - HTTP Request: POST https://api.telegram.org/bot8942164862:AAEGbX-FW5J1ymTcNQQalAv8C6ak4UyB_q8/getUpdates "HTTP/1.1 200 OK"
2026-09-09 23:20:51,286 - httpx - INFO - HTTP Request: POST https://api.telegram.org/bot8942164862:AAEGbX-FW5J1ymTcNQQalAv8C6ak4UyB_q8/getUpdates "HTTP/1.1 200 OK"
2026-09-09 23:21:01,388 - httpx - INFO - HTTP Request: POST https://api.telegram.org/bot8942164862:AAEGbX-FW5J1ymTcNQQalAv8C6ak4UyB_q8/getUpdates "HTTP/1.1 200 OK"
2026-09-09 23:21:11,517 - httpx - INFO - HTTP Request: POST https://api.telegram.org/bot8942164862:AAEGbX-FW5J1ymTcNQQalAv8C6ak4UyB_q8/getUpdates "HTTP/1.1 200 OK"
2026-09-09 23:21:21,626 - httpx - INFO - HTTP Request: POST https://api.telegram.org/bot8942164862:AAEGbX-FW5J1ymTcNQQalAv8C6ak4UyB_q8/getUpdates "HTTP/1.1 200 OK"
2026-09-09 23:21:31,793 - httpx - INFO - HTTP Request: POST https://api.telegram.org/bot8942164862:AAEGbX-FW5J1ymTcNQQalAv8C6ak4UyB_q8/getUpdates "HTTP/1.1 200 OK"
2026-09-09 23:21:41,983 - httpx - INFO - HTTP Request: POST https://api.telegram.org/bot8942164862:AAEGbX-FW5J1ymTcNQQalAv8C6ak4UyB_q8/getUpdates "HTTP/1.1 200 OK"
2026-09-09 23:21:52,170 - httpx - INFO - HTTP Request: POST https://api.telegram.org/bot8942164862:AAEGbX-FW5J1ymTcNQQalAv8C6ak4UyB_q8/getUpdates "HTTP/1.1 200 OK"
2026-09-09 23:22:02,308 - httpx - INFO - HTTP Request: POST https://api.telegram.org/bot8942164862:AAEGbX-FW5J1ymTcNQQalAv8C6ak4UyB_q8/getUpdates "HTTP/1.1 200 OK"
2026-09-09 23:22:12,413 - httpx - INFO - HTTP Request: POST https://api.telegram.org/bot8942164862:AAEGbX-FW5J1ymTcNQQalAv8C6ak4UyB_q8/getUpdates "HTTP/1.1 200 OK"
2026-09-09 23:22:22,583 - httpx - INFO - HTTP Request: POST https://api.telegram.org/bot8942164862:AAEGbX-FW5J1ymTcNQQalAv8C6ak4UyB_q8/getUpdates "HTTP/1.1 200 OK"
2026-09-09 23:22:32,720 - httpx - INFO - HTTP Request: POST https://api.telegram.org/bot8942164862:AAEGbX-FW5J1ymTcNQQalAv8C6ak4UyB_q8/getUpdates "HTTP/1.1 200 OK"
2026-09-09 23:22:42,827 - httpx - INFO - HTTP Request: POST https://api.telegram.org/bot8942164862:AAEGbX-FW5J1ymTcNQQalAv8C6ak4UyB_q8/getUpdates "HTTP/1.1 200 OK"
2026-09-09 23:22:52,940 - httpx - INFO - HTTP Request: POST https://api.telegram.org/bot8942164862:AAEGbX-FW5J1ymTcNQQalAv8C6ak4UyB_q8/getUpdates "HTTP/1.1 200 OK"
2026-09-09 23:23:03,039 - httpx - INFO - HTTP Request: POST https://api.telegram.org/bot8942164862:AAEGbX-FW5J1ymTcNQQalAv8C6ak4UyB_q8/getUpdates "HTTP/1.1 200 OK"
2026-09-09 23:23:13,169 - httpx - INFO - HTTP Request: POST https://api.telegram.org/bot8942164862:AAEGbX-FW5J1ymTcNQQalAv8C6ak4UyB_q8/getUpdates "HTTP/1.1 200 OK"
2026-09-09 23:23:23,410 - httpx - INFO - HTTP Request: POST https://api.telegram.org/bot8942164862:AAEGbX-FW5J1ymTcNQQalAv8C6ak4UyB_q8/getUpdates "HTTP/1.1 200 OK"
2026-09-09 23:23:33,532 - httpx - INFO - HTTP Request: POST https://api.telegram.org/bot8942164862:AAEGbX-FW5J1ymTcNQQalAv8C6ak4UyB_q8/getUpdates "HTTP/1.1 200 OK"
2026-09-09 23:23:43,684 - httpx - INFO - HTTP Request: POST https://api.telegram.org/bot8942164862:AAEGbX-FW5J1ymTcNQQalAv8C6ak4UyB_q8/getUpdates "HTTP/1.1 200 OK"
2026-09-09 23:23:53,822 - httpx - INFO - HTTP Request: POST https://api.telegram.org/bot8942164862:AAEGbX-FW5J1ymTcNQQalAv8C6ak4UyB_q8/getUpdates "HTTP/1.1 200 OK"
2026-09-09 23:24:03,928 - httpx - INFO - HTTP Request: POST https://api.telegram.org/bot8942164862:AAEGbX-FW5J1ymTcNQQalAv8C6ak4UyB_q8/getUpdates "HTTP/1.1 200 OK"
2026-09-09 23:24:14,035 - httpx - INFO - HTTP Request: POST https://api.telegram.org/bot8942164862:AAEGbX-FW5J1ymTcNQQalAv8C6ak4UyB_q8/getUpdates "HTTP/1.1 200 OK"
2026-09-09 23:24:24,235 - httpx - INFO - HTTP Request: POST https://api.telegram.org/bot8942164862:AAEGbX-FW5J1ymTcNQQalAv8C6ak4UyB_q8/getUpdates "HTTP/1.1 200 OK"
2026-09-09 23:24:34,345 - httpx - INFO - HTTP Request: POST https://api.telegram.org/bot8942164862:AAEGbX-FW5J1ymTcNQQalAv8C6ak4UyB_q8/getUpdates "HTTP/1.1 200 OK"
2026-09-09 23:24:44,516 - httpx - INFO - HTTP Request: POST https://api.telegram.org/bot8942164862:AAEGbX-FW5J1ymTcNQQalAv8C6ak4UyB_q8/getUpdates "HTTP/1.1 200 OK"
2026-09-09 23:24:54,616 - httpx - INFO - HTTP Request: POST https://api.telegram.org/bot8942164862:AAEGbX-FW5J1ymTcNQQalAv8C6ak4UyB_q8/getUpdates "HTTP/1.1 200 OK"
2026-09-09 23:25:04,785 - httpx - INFO - HTTP Request: POST https://api.telegram.org/bot8942164862:AAEGbX-FW5J1ymTcNQQalAv8C6ak4UyB_q8/getUpdates "HTTP/1.1 200 OK"
2026-09-09 23:25:14,888 - httpx - INFO - HTTP Request: POST https://api.telegram.org/bot8942164862:AAEGbX-FW5J1ymTcNQQalAv8C6ak4UyB_q8/getUpdates "HTTP/1.1 200 OK"
2026-09-09 23:25:24,998 - httpx - INFO - HTTP Request: POST https://api.telegram.org/bot8942164862:AAEGbX-FW5J1ymTcNQQalAv8C6ak4UyB_q8/getUpdates "HTTP/1.1 200 OK"
2026-09-09 23:25:35,200 - httpx - INFO - HTTP Request: POST https://api.telegram.org/bot8942164862:AAEGbX-FW5J1ymTcNQQalAv8C6ak4UyB_q8/getUpdates "HTTP/1.1 200 OK"
2026-09-09 23:25:45,338 - httpx - INFO - HTTP Request: POST https://api.telegram.org/bot8942164862:AAEGbX-FW5J1ymTcNQQalAv8C6ak4UyB_q8/getUpdates "HTTP/1.1 200 OK"
2026-09-09 23:25:55,474 - httpx - INFO - HTTP Request: POST https://api.telegram.org/bot8942164862:AAEGbX-FW5J1ymTcNQQalAv8C6ak4UyB_q8/getUpdates "HTTP/1.1 200 OK"
2026-09-09 23:26:05,610 - httpx - INFO - HTTP Request: POST https://api.telegram.org/bot8942164862:AAEGbX-FW5J1ymTcNQQalAv8C6ak4UyB_q8/getUpdates "HTTP/1.1 200 OK"
2026-09-09 23:26:15,753 - httpx - INFO - HTTP Request: POST https://api.telegram.org/bot8942164862:AAEGbX-FW5J1ymTcNQQalAv8C6ak4UyB_q8/getUpdates "HTTP/1.1 200 OK"
2026-09-09 23:26:25,860 - httpx - INFO - HTTP Request: POST https://api.telegram.org/bot8942164862:AAEGbX-FW5J1ymTcNQQalAv8C6ak4UyB_q8/getUpdates "HTTP/1.1 200 OK"
2026-09-09 23:26:36,025 - httpx - INFO - HTTP Request: POST https://api.telegram.org/bot8942164862:AAEGbX-FW5J1ymTcNQQalAv8C6ak4UyB_q8/getUpdates "HTTP/1.1 200 OK"
2026-09-09 23:26:46,135 - httpx - INFO - HTTP Request: POST https://api.telegram.org/bot8942164862:AAEGbX-FW5J1ymTcNQQalAv8C6ak4UyB_q8/getUpdates "HTTP/1.1 200 OK"
2026-09-09 23:26:56,241 - httpx - INFO - HTTP Request: POST https://api.telegram.org/bot8942164862:AAEGbX-FW5J1ymTcNQQalAv8C6ak4UyB_q8/getUpdates "HTTP/1.1 200 OK"
2026-09-09 23:27:06,437 - httpx - INFO - HTTP Request: POST https://api.telegram.org/bot8942164862:AAEGbX-FW5J1ymTcNQQalAv8C6ak4UyB_q8/getUpdates "HTTP/1.1 200 OK"
2026-09-09 23:27:16,542 - httpx - INFO - HTTP Request: POST https://api.telegram.org/bot8942164862:AAEGbX-FW5J1ymTcNQQalAv8C6ak4UyB_q8/getUpdates "HTTP/1.1 200 OK"
2026-09-09 23:27:26,647 - httpx - INFO - HTTP Request: POST https://api.telegram.org/bot8942164862:AAEGbX-FW5J1ymTcNQQalAv8C6ak4UyB_q8/getUpdates "HTTP/1.1 200 OK"
2026-09-09 23:27:36,749 - httpx - INFO - HTTP Request: POST https://api.telegram.org/bot8942164862:AAEGbX-FW5J1ymTcNQQalAv8C6ak4UyB_q8/getUpdates "HTTP/1.1 200 OK"
2026-09-09 23:27:46,849 - httpx - INFO - HTTP Request: POST https://api.telegram.org/bot8942164862:AAEGbX-FW5J1ymTcNQQalAv8C6ak4UyB_q8/getUpdates "HTTP/1.1 200 OK"
2026-09-09 23:27:57,025 - httpx - INFO - HTTP Request: POST https://api.telegram.org/bot8942164862:AAEGbX-FW5J1ymTcNQQalAv8C6ak4UyB_q8/getUpdates "HTTP/1.1 200 OK"
2026-09-09 23:28:07,130 - httpx - INFO - HTTP Request: POST https://api.telegram.org/bot8942164862:AAEGbX-FW5J1ymTcNQQalAv8C6ak4UyB_q8/getUpdates "HTTP/1.1 200 OK"
2026-09-09 23:28:17,246 - httpx - INFO - HTTP Request: POST https://api.telegram.org/bot8942164862:AAEGbX-FW5J1ymTcNQQalAv8C6ak4UyB_q8/getUpdates "HTTP/1.1 200 OK"
2026-09-09 23:28:27,348 - httpx - INFO - HTTP Request: POST https://api.telegram.org/bot8942164862:AAEGbX-FW5J1ymTcNQQalAv8C6ak4UyB_q8/getUpdates "HTTP/1.1 200 OK"
2026-09-09 23:28:37,460 - httpx - INFO - HTTP Request: POST https://api.telegram.org/bot8942164862:AAEGbX-FW5J1ymTcNQQalAv8C6ak4UyB_q8/getUpdates "HTTP/1.1 200 OK"
2026-09-09 23:28:47,566 - httpx - INFO - HTTP Request: POST https://api.telegram.org/bot8942164862:AAEGbX-FW5J1ymTcNQQalAv8C6ak4UyB_q8/getUpdates "HTTP/1.1 200 OK"
2026-09-09 23:28:57,672 - httpx - INFO - HTTP Request: POST https://api.telegram.org/bot8942164862:AAEGbX-FW5J1ymTcNQQalAv8C6ak4UyB_q8/getUpdates "HTTP/1.1 200 OK"
2026-09-09 23:29:07,781 - httpx - INFO - HTTP Request: POST https://api.telegram.org/bot8942164862:AAEGbX-FW5J1ymTcNQQalAv8C6ak4UyB_q8/getUpdates "HTTP/1.1 200 OK"
2026-09-09 23:29:17,894 - httpx - INFO - HTTP Request: POST https://api.telegram.org/bot8942164862:AAEGbX-FW5J1ymTcNQQalAv8C6ak4UyB_q8/getUpdates "HTTP/1.1 200 OK"
2026-09-09 23:29:28,057 - httpx - INFO - HTTP Request: POST https://api.telegram.org/bot8942164862:AAEGbX-FW5J1ymTcNQQalAv8C6ak4UyB_q8/getUpdates "HTTP/1.1 200 OK"
2026-09-09 23:29:38,194 - httpx - INFO - HTTP Request: POST https://api.telegram.org/bot8942164862:AAEGbX-FW5J1ymTcNQQalAv8C6ak4UyB_q8/getUpdates "HTTP/1.1 200 OK"
2026-09-09 23:29:48,296 - httpx - INFO - HTTP Request: POST https://api.telegram.org/bot8942164862:AAEGbX-FW5J1ymTcNQQalAv8C6ak4UyB_q8/getUpdates "HTTP/1.1 200 OK"
2026-09-09 23:29:58,398 - httpx - INFO - HTTP Request: POST https://api.telegram.org/bot8942164862:AAEGbX-FW5J1ymTcNQQalAv8C6ak4UyB_q8/getUpdates "HTTP/1.1 200 OK"
2026-09-09 23:30:08,510 - httpx - INFO - HTTP Request: POST https://api.telegram.org/bot8942164862:AAEGbX-FW5J1ymTcNQQalAv8C6ak4UyB_q8/getUpdates "HTTP/1.1 200 OK"
2026-09-09 23:30:18,643 - httpx - INFO - HTTP Request: POST https://api.telegram.org/bot8942164862:AAEGbX-FW5J1ymTcNQQalAv8C6ak4UyB_q8/getUpdates "HTTP/1.1 200 OK"
2026-09-09 23:30:28,749 - httpx - INFO - HTTP Request: POST https://api.telegram.org/bot8942164862:AAEGbX-FW5J1ymTcNQQalAv8C6ak4UyB_q8/getUpdates "HTTP/1.1 200 OK"
2026-09-09 23:30:38,918 - httpx - INFO - HTTP Request: POST https://api.telegram.org/bot8942164862:AAEGbX-FW5J1ymTcNQQalAv8C6ak4UyB_q8/getUpdates "HTTP/1.1 200 OK"
2026-09-09 23:30:49,026 - httpx - INFO - HTTP Request: POST https://api.telegram.org/bot8942164862:AAEGbX-FW5J1ymTcNQQalAv8C6ak4UyB_q8/getUpdates "HTTP/1.1 200 OK"
2026-09-09 23:30:59,200 - httpx - INFO - HTTP Request: POST https://api.telegram.org/bot8942164862:AAEGbX-FW5J1ymTcNQQalAv8C6ak4UyB_q8/getUpdates "HTTP/1.1 200 OK"
2026-09-09 23:31:09,314 - httpx - INFO - HTTP Request: POST https://api.telegram.org/bot8942164862:AAEGbX-FW5J1ymTcNQQalAv8C6ak4UyB_q8/getUpdates "HTTP/1.1 200 OK"
2026-09-09 23:31:19,431 - httpx - INFO - HTTP Request: POST https://api.telegram.org/bot8942164862:AAEGbX-FW5J1ymTcNQQalAv8C6ak4UyB_q8/getUpdates "HTTP/1.1 200 OK"
2026-09-09 23:31:29,543 - httpx - INFO - HTTP Request: POST https://api.telegram.org/bot8942164862:AAEGbX-FW5J1ymTcNQQalAv8C6ak4UyB_q8/getUpdates "HTTP/1.1 200 OK"
2026-09-09 23:31:39,754 - httpx - INFO - HTTP Request: POST https://api.telegram.org/bot8942164862:AAEGbX-FW5J1ymTcNQQalAv8C6ak4UyB_q8/getUpdates "HTTP/1.1 200 OK"
2026-09-09 23:31:49,877 - httpx - INFO - HTTP Request: POST https://api.telegram.org/bot8942164862:AAEGbX-FW5J1ymTcNQQalAv8C6ak4UyB_q8/getUpdates "HTTP/1.1 200 OK"
2026-09-09 23:32:00,019 - httpx - INFO - HTTP Request: POST https://api.telegram.org/bot8942164862:AAEGbX-FW5J1ymTcNQQalAv8C6ak4UyB_q8/getUpdates "HTTP/1.1 200 OK"
2026-09-09 23:32:10,156 - httpx - INFO - HTTP Request: POST https://api.telegram.org/bot8942164862:AAEGbX-FW5J1ymTcNQQalAv8C6ak4UyB_q8/getUpdates "HTTP/1.1 200 OK"
2026-09-09 23:32:20,399 - httpx - INFO - HTTP Request: POST https://api.telegram.org/bot8942164862:AAEGbX-FW5J1ymTcNQQalAv8C6ak4UyB_q8/getUpdates "HTTP/1.1 200 OK"
2026-09-09 23:32:30,535 - httpx - INFO - HTTP Request: POST https://api.telegram.org/bot8942164862:AAEGbX-FW5J1ymTcNQQalAv8C6ak4UyB_q8/getUpdates "HTTP/1.1 200 OK"
2026-09-09 23:32:40,642 - httpx - INFO - HTTP Request: POST https://api.telegram.org/bot8942164862:AAEGbX-FW5J1ymTcNQQalAv8C6ak4UyB_q8/getUpdates "HTTP/1.1 200 OK"
2026-09-09 23:32:50,811 - httpx - INFO - HTTP Request: POST https://api.telegram.org/bot8942164862:AAEGbX-FW5J1ymTcNQQalAv8C6ak4UyB_q8/getUpdates "HTTP/1.1 200 OK"
2026-09-09 23:33:00,923 - httpx - INFO - HTTP Request: POST https://api.telegram.org/bot8942164862:AAEGbX-FW5J1ymTcNQQalAv8C6ak4UyB_q8/getUpdates "HTTP/1.1 200 OK"
2026-09-09 23:33:11,025 - httpx - INFO - HTTP Request: POST https://api.telegram.org/bot8942164862:AAEGbX-FW5J1ymTcNQQalAv8C6ak4UyB_q8/getUpdates "HTTP/1.1 200 OK"
2026-09-09 23:33:21,224 - httpx - INFO - HTTP Request: POST https://api.telegram.org/bot8942164862:AAEGbX-FW5J1ymTcNQQalAv8C6ak4UyB_q8/getUpdates "HTTP/1.1 200 OK"
2026-09-09 23:33:31,367 - httpx - INFO - HTTP Request: POST https://api.telegram.org/bot8942164862:AAEGbX-FW5J1ymTcNQQalAv8C6ak4UyB_q8/getUpdates "HTTP/1.1 200 OK"
2026-09-09 23:33:41,471 - httpx - INFO - HTTP Request: POST https://api.telegram.org/bot8942164862:AAEGbX-FW5J1ymTcNQQalAv8C6ak4UyB_q8/getUpdates "HTTP/1.1 200 OK"
2026-09-09 23:33:51,639 - httpx - INFO - HTTP Request: POST https://api.telegram.org/bot8942164862:AAEGbX-FW5J1ymTcNQQalAv8C6ak4UyB_q8/getUpdates "HTTP/1.1 200 OK"
2026-09-09 23:34:01,773 - httpx - INFO - HTTP Request: POST https://api.telegram.org/bot8942164862:AAEGbX-FW5J1ymTcNQQalAv8C6ak4UyB_q8/getUpdates "HTTP/1.1 200 OK"
2026-09-09 23:34:11,911 - httpx - INFO - HTTP Request: POST https://api.telegram.org/bot8942164862:AAEGbX-FW5J1ymTcNQQalAv8C6ak4UyB_q8/getUpdates "HTTP/1.1 200 OK"
2026-09-09 23:34:22,025 - httpx - INFO - HTTP Request: POST https://api.telegram.org/bot8942164862:AAEGbX-FW5J1ymTcNQQalAv8C6ak4UyB_q8/getUpdates "HTTP/1.1 200 OK"
2026-09-09 23:34:32,128 - httpx - INFO - HTTP Request: POST https://api.telegram.org/bot8942164862:AAEGbX-FW5J1ymTcNQQalAv8C6ak4UyB_q8/getUpdates "HTTP/1.1 200 OK"
2026-09-09 23:34:42,324 - httpx - INFO - HTTP Request: POST https://api.telegram.org/bot8942164862:AAEGbX-FW5J1ymTcNQQalAv8C6ak4UyB_q8/getUpdates "HTTP/1.1 200 OK"
2026-09-09 23:34:52,462 - httpx - INFO - HTTP Request: POST https://api.telegram.org/bot8942164862:AAEGbX-FW5J1ymTcNQQalAv8C6ak4UyB_q8/getUpdates "HTTP/1.1 200 OK"
2026-09-09 23:35:02,575 - httpx - INFO - HTTP Request: POST https://api.telegram.org/bot8942164862:AAEGbX-FW5J1ymTcNQQalAv8C6ak4UyB_q8/getUpdates "HTTP/1.1 200 OK"
2026-09-09 23:35:12,739 - httpx - INFO - HTTP Request: POST https://api.telegram.org/bot8942164862:AAEGbX-FW5J1ymTcNQQalAv8C6ak4UyB_q8/getUpdates "HTTP/1.1 200 OK"
2026-09-09 23:35:22,874 - httpx - INFO - HTTP Request: POST https://api.telegram.org/bot8942164862:AAEGbX-FW5J1ymTcNQQalAv8C6ak4UyB_q8/getUpdates "HTTP/1.1 200 OK"
2026-09-09 23:35:33,012 - httpx - INFO - HTTP Request: POST https://api.telegram.org/bot8942164862:AAEGbX-FW5J1ymTcNQQalAv8C6ak4UyB_q8/getUpdates "HTTP/1.1 200 OK"
2026-09-09 23:35:43,129 - httpx - INFO - HTTP Request: POST https://api.telegram.org/bot8942164862:AAEGbX-FW5J1ymTcNQQalAv8C6ak4UyB_q8/getUpdates "HTTP/1.1 200 OK"
2026-09-09 23:35:53,293 - httpx - INFO - HTTP Request: POST https://api.telegram.org/bot8942164862:AAEGbX-FW5J1ymTcNQQalAv8C6ak4UyB_q8/getUpdates "HTTP/1.1 200 OK"
2026-09-09 23:36:03,427 - httpx - INFO - HTTP Request: POST https://api.telegram.org/bot8942164862:AAEGbX-FW5J1ymTcNQQalAv8C6ak4UyB_q8/getUpdates "HTTP/1.1 200 OK"
2026-09-09 23:36:13,563 - httpx - INFO - HTTP Request: POST https://api.telegram.org/bot8942164862:AAEGbX-FW5J1ymTcNQQalAv8C6ak4UyB_q8/getUpdates "HTTP/1.1 200 OK"
2026-09-09 23:36:23,718 - httpx - INFO - HTTP Request: POST https://api.telegram.org/bot8942164862:AAEGbX-FW5J1ymTcNQQalAv8C6ak4UyB_q8/getUpdates "HTTP/1.1 200 OK"
2026-09-09 23:36:33,840 - httpx - INFO - HTTP Request: POST https://api.telegram.org/bot8942164862:AAEGbX-FW5J1ymTcNQQalAv8C6ak4UyB_q8/getUpdates "HTTP/1.1 200 OK"
2026-09-09 23:36:43,975 - httpx - INFO - HTTP Request: POST https://api.telegram.org/bot8942164862:AAEGbX-FW5J1ymTcNQQalAv8C6ak4UyB_q8/getUpdates "HTTP/1.1 200 OK"
2026-09-09 23:36:54,119 - httpx - INFO - HTTP Request: POST https://api.telegram.org/bot8942164862:AAEGbX-FW5J1ymTcNQQalAv8C6ak4UyB_q8/getUpdates "HTTP/1.1 200 OK"
2026-09-09 23:37:04,256 - httpx - INFO - HTTP Request: POST https://api.telegram.org/bot8942164862:AAEGbX-FW5J1ymTcNQQalAv8C6ak4UyB_q8/getUpdates "HTTP/1.1 200 OK"
2026-09-09 23:37:14,390 - httpx - INFO - HTTP Request: POST https://api.telegram.org/bot8942164862:AAEGbX-FW5J1ymTcNQQalAv8C6ak4UyB_q8/getUpdates "HTTP/1.1 200 OK"
2026-09-09 23:37:24,532 - httpx - INFO - HTTP Request: POST https://api.telegram.org/bot8942164862:AAEGbX-FW5J1ymTcNQQalAv8C6ak4UyB_q8/getUpdates "HTTP/1.1 200 OK"
2026-09-09 23:37:34,634 - httpx - INFO - HTTP Request: POST https://api.telegram.org/bot8942164862:AAEGbX-FW5J1ymTcNQQalAv8C6ak4UyB_q8/getUpdates "HTTP/1.1 200 OK"
2026-09-09 23:37:44,804 - httpx - INFO - HTTP Request: POST https://api.telegram.org/bot8942164862:AAEGbX-FW5J1ymTcNQQalAv8C6ak4UyB_q8/getUpdates "HTTP/1.1 200 OK"
2026-09-09 23:37:54,909 - httpx - INFO - HTTP Request: POST https://api.telegram.org/bot8942164862:AAEGbX-FW5J1ymTcNQQalAv8C6ak4UyB_q8/getUpdates "HTTP/1.1 200 OK"
2026-09-09 23:38:05,014 - httpx - INFO - HTTP Request: POST https://api.telegram.org/bot8942164862:AAEGbX-FW5J1ymTcNQQalAv8C6ak4UyB_q8/getUpdates "HTTP/1.1 200 OK"
2026-09-09 23:38:15,123 - httpx - INFO - HTTP Request: POST https://api.telegram.org/bot8942164862:AAEGbX-FW5J1ymTcNQQalAv8C6ak4UyB_q8/getUpdates "HTTP/1.1 200 OK"
2026-09-09 23:38:25,234 - httpx - INFO - HTTP Request: POST https://api.telegram.org/bot8942164862:AAEGbX-FW5J1ymTcNQQalAv8C6ak4UyB_q8/getUpdates "HTTP/1.1 200 OK"
2026-09-09 23:38:35,389 - httpx - INFO - HTTP Request: POST https://api.telegram.org/bot8942164862:AAEGbX-FW5J1ymTcNQQalAv8C6ak4UyB_q8/getUpdates "HTTP/1.1 200 OK"
2026-09-09 23:38:45,527 - httpx - INFO - HTTP Request: POST https://api.telegram.org/bot8942164862:AAEGbX-FW5J1ymTcNQQalAv8C6ak4UyB_q8/getUpdates "HTTP/1.1 200 OK"
2026-09-09 23:38:55,670 - httpx - INFO - HTTP Request: POST https://api.telegram.org/bot8942164862:AAEGbX-FW5J1ymTcNQQalAv8C6ak4UyB_q8/getUpdates "HTTP/1.1 200 OK"
2026-09-09 23:39:05,801 - httpx - INFO - HTTP Request: POST https://api.telegram.org/bot8942164862:AAEGbX-FW5J1ymTcNQQalAv8C6ak4UyB_q8/getUpdates "HTTP/1.1 200 OK"
2026-09-09 23:39:15,940 - httpx - INFO - HTTP Request: POST https://api.telegram.org/bot8942164862:AAEGbX-FW5J1ymTcNQQalAv8C6ak4UyB_q8/getUpdates "HTTP/1.1 200 OK"
2026-09-09 23:39:26,082 - httpx - INFO - HTTP Request: POST https://api.telegram.org/bot8942164862:AAEGbX-FW5J1ymTcNQQalAv8C6ak4UyB_q8/getUpdates "HTTP/1.1 200 OK"
2026-09-09 23:39:36,192 - httpx - INFO - HTTP Request: POST https://api.telegram.org/bot8942164862:AAEGbX-FW5J1ymTcNQQalAv8C6ak4UyB_q8/getUpdates "HTTP/1.1 200 OK"
2026-09-09 23:39:46,295 - httpx - INFO - HTTP Request: POST https://api.telegram.org/bot8942164862:AAEGbX-FW5J1ymTcNQQalAv8C6ak4UyB_q8/getUpdates "HTTP/1.1 200 OK"
2026-09-09 23:39:56,395 - httpx - INFO - HTTP Request: POST https://api.telegram.org/bot8942164862:AAEGbX-FW5J1ymTcNQQalAv8C6ak4UyB_q8/getUpdates "HTTP/1.1 200 OK"
2026-09-09 23:40:06,528 - httpx - INFO - HTTP Request: POST https://api.telegram.org/bot8942164862:AAEGbX-FW5J1ymTcNQQalAv8C6ak4UyB_q8/getUpdates "HTTP/1.1 200 OK"
2026-09-09 23:40:16,665 - httpx - INFO - HTTP Request: POST https://api.telegram.org/bot8942164862:AAEGbX-FW5J1ymTcNQQalAv8C6ak4UyB_q8/getUpdates "HTTP/1.1 200 OK"
2026-09-09 23:40:26,777 - httpx - INFO - HTTP Request: POST https://api.telegram.org/bot8942164862:AAEGbX-FW5J1ymTcNQQalAv8C6ak4UyB_q8/getUpdates "HTTP/1.1 200 OK"
2026-09-09 23:40:36,941 - httpx - INFO - HTTP Request: POST https://api.telegram.org/bot8942164862:AAEGbX-FW5J1ymTcNQQalAv8C6ak4UyB_q8/getUpdates "HTTP/1.1 200 OK"
2026-09-09 23:40:47,046 - httpx - INFO - HTTP Request: POST https://api.telegram.org/bot8942164862:AAEGbX-FW5J1ymTcNQQalAv8C6ak4UyB_q8/getUpdates "HTTP/1.1 200 OK"
2026-09-09 23:40:57,161 - httpx - INFO - HTTP Request: POST https://api.telegram.org/bot8942164862:AAEGbX-FW5J1ymTcNQQalAv8C6ak4UyB_q8/getUpdates "HTTP/1.1 200 OK"
2026-09-09 23:41:07,355 - httpx - INFO - HTTP Request: POST https://api.telegram.org/bot8942164862:AAEGbX-FW5J1ymTcNQQalAv8C6ak4UyB_q8/getUpdates "HTTP/1.1 200 OK"
2026-09-09 23:41:17,455 - httpx - INFO - HTTP Request: POST https://api.telegram.org/bot8942164862:AAEGbX-FW5J1ymTcNQQalAv8C6ak4UyB_q8/getUpdates "HTTP/1.1 200 OK"
2026-09-09 23:41:27,563 - httpx - INFO - HTTP Request: POST https://api.telegram.org/bot8942164862:AAEGbX-FW5J1ymTcNQQalAv8C6ak4UyB_q8/getUpdates "HTTP/1.1 200 OK"
2026-09-09 23:41:37,766 - httpx - INFO - HTTP Request: POST https://api.telegram.org/bot8942164862:AAEGbX-FW5J1ymTcNQQalAv8C6ak4UyB_q8/getUpdates "HTTP/1.1 200 OK"
2026-09-09 23:41:47,903 - httpx - INFO - HTTP Request: POST https://api.telegram.org/bot8942164862:AAEGbX-FW5J1ymTcNQQalAv8C6ak4UyB_q8/getUpdates "HTTP/1.1 200 OK"
2026-09-09 23:41:58,003 - httpx - INFO - HTTP Request: POST https://api.telegram.org/bot8942164862:AAEGbX-FW5J1ymTcNQQalAv8C6ak4UyB_q8/getUpdates "HTTP/1.1 200 OK"
2026-09-09 23:42:08,118 - httpx - INFO - HTTP Request: POST https://api.telegram.org/bot8942164862:AAEGbX-FW5J1ymTcNQQalAv8C6ak4UyB_q8/getUpdates "HTTP/1.1 200 OK"
2026-09-09 23:42:18,239 - httpx - INFO - HTTP Request: POST https://api.telegram.org/bot8942164862:AAEGbX-FW5J1ymTcNQQalAv8C6ak4UyB_q8/getUpdates "HTTP/1.1 200 OK"
2026-09-09 23:42:28,556 - httpx - INFO - HTTP Request: POST https://api.telegram.org/bot8942164862:AAEGbX-FW5J1ymTcNQQalAv8C6ak4UyB_q8/getUpdates "HTTP/1.1 200 OK"
2026-09-09 23:42:38,695 - httpx - INFO - HTTP Request: POST https://api.telegram.org/bot8942164862:AAEGbX-FW5J1ymTcNQQalAv8C6ak4UyB_q8/getUpdates "HTTP/1.1 200 OK"
2026-09-09 23:42:48,801 - httpx - INFO - HTTP Request: POST https://api.telegram.org/bot8942164862:AAEGbX-FW5J1ymTcNQQalAv8C6ak4UyB_q8/getUpdates "HTTP/1.1 200 OK"
2026-09-09 23:42:58,972 - httpx - INFO - HTTP Request: POST https://api.telegram.org/bot8942164862:AAEGbX-FW5J1ymTcNQQalAv8C6ak4UyB_q8/getUpdates "HTTP/1.1 200 OK"
2026-09-09 23:43:09,083 - httpx - INFO - HTTP Request: POST https://api.telegram.org/bot8942164862:AAEGbX-FW5J1ymTcNQQalAv8C6ak4UyB_q8/getUpdates "HTTP/1.1 200 OK"
2026-09-09 23:43:19,242 - httpx - INFO - HTTP Request: POST https://api.telegram.org/bot8942164862:AAEGbX-FW5J1ymTcNQQalAv8C6ak4UyB_q8/getUpdates "HTTP/1.1 200 OK"
2026-09-09 23:43:29,346 - httpx - INFO - HTTP Request: POST https://api.telegram.org/bot8942164862:AAEGbX-FW5J1ymTcNQQalAv8C6ak4UyB_q8/getUpdates "HTTP/1.1 200 OK"
2026-09-09 23:43:39,459 - httpx - INFO - HTTP Request: POST https://api.telegram.org/bot8942164862:AAEGbX-FW5J1ymTcNQQalAv8C6ak4UyB_q8/getUpdates "HTTP/1.1 200 OK"
2026-09-09 23:43:49,660 - httpx - INFO - HTTP Request: POST https://api.telegram.org/bot8942164862:AAEGbX-FW5J1ymTcNQQalAv8C6ak4UyB_q8/getUpdates "HTTP/1.1 200 OK"
2026-09-09 23:43:59,793 - httpx - INFO - HTTP Request: POST https://api.telegram.org/bot8942164862:AAEGbX-FW5J1ymTcNQQalAv8C6ak4UyB_q8/getUpdates "HTTP/1.1 200 OK"
2026-09-09 23:44:09,899 - httpx - INFO - HTTP Request: POST https://api.telegram.org/bot8942164862:AAEGbX-FW5J1ymTcNQQalAv8C6ak4UyB_q8/getUpdates "HTTP/1.1 200 OK"
2026-09-09 23:44:20,068 - httpx - INFO - HTTP Request: POST https://api.telegram.org/bot8942164862:AAEGbX-FW5J1ymTcNQQalAv8C6ak4UyB_q8/getUpdates "HTTP/1.1 200 OK"
2026-09-09 23:44:30,175 - httpx - INFO - HTTP Request: POST https://api.telegram.org/bot8942164862:AAEGbX-FW5J1ymTcNQQalAv8C6ak4UyB_q8/getUpdates "HTTP/1.1 200 OK"
2026-09-09 23:44:40,343 - httpx - INFO - HTTP Request: POST https://api.telegram.org/bot8942164862:AAEGbX-FW5J1ymTcNQQalAv8C6ak4UyB_q8/getUpdates "HTTP/1.1 200 OK"
2026-09-09 23:44:50,447 - httpx - INFO - HTTP Request: POST https://api.telegram.org/bot8942164862:AAEGbX-FW5J1ymTcNQQalAv8C6ak4UyB_q8/getUpdates "HTTP/1.1 200 OK"
2026-09-09 23:45:00,619 - httpx - INFO - HTTP Request: POST https://api.telegram.org/bot8942164862:AAEGbX-FW5J1ymTcNQQalAv8C6ak4UyB_q8/getUpdates "HTTP/1.1 200 OK"
2026-09-09 23:45:10,730 - httpx - INFO - HTTP Request: POST https://api.telegram.org/bot8942164862:AAEGbX-FW5J1ymTcNQQalAv8C6ak4UyB_q8/getUpdates "HTTP/1.1 200 OK"
2026-09-09 23:45:20,859 - httpx - INFO - HTTP Request: POST https://api.telegram.org/bot8942164862:AAEGbX-FW5J1ymTcNQQalAv8C6ak4UyB_q8/getUpdates "HTTP/1.1 200 OK"
2026-09-09 23:45:30,980 - httpx - INFO - HTTP Request: POST https://api.telegram.org/bot8942164862:AAEGbX-FW5J1ymTcNQQalAv8C6ak4UyB_q8/getUpdates "HTTP/1.1 200 OK"
2026-09-09 23:45:41,086 - httpx - INFO - HTTP Request: POST https://api.telegram.org/bot8942164862:AAEGbX-FW5J1ymTcNQQalAv8C6ak4UyB_q8/getUpdates "HTTP/1.1 200 OK"
2026-09-09 23:45:51,307 - httpx - INFO - HTTP Request: POST https://api.telegram.org/bot8942164862:AAEGbX-FW5J1ymTcNQQalAv8C6ak4UyB_q8/getUpdates "HTTP/1.1 200 OK"
2026-09-09 23:46:01,417 - httpx - INFO - HTTP Request: POST https://api.telegram.org/bot8942164862:AAEGbX-FW5J1ymTcNQQalAv8C6ak4UyB_q8/getUpdates "HTTP/1.1 200 OK"
2026-09-09 23:46:11,536 - httpx - INFO - HTTP Request: POST https://api.telegram.org/bot8942164862:AAEGbX-FW5J1ymTcNQQalAv8C6ak4UyB_q8/getUpdates "HTTP/1.1 200 OK"
2026-09-09 23:46:21,722 - httpx - INFO - HTTP Request: POST https://api.telegram.org/bot8942164862:AAEGbX-FW5J1ymTcNQQalAv8C6ak4UyB_q8/getUpdates "HTTP/1.1 200 OK"
2026-09-09 23:46:31,858 - httpx - INFO - HTTP Request: POST https://api.telegram.org/bot8942164862:AAEGbX-FW5J1ymTcNQQalAv8C6ak4UyB_q8/getUpdates "HTTP/1.1 200 OK"
2026-09-09 23:46:41,967 - httpx - INFO - HTTP Request: POST https://api.telegram.org/bot8942164862:AAEGbX-FW5J1ymTcNQQalAv8C6ak4UyB_q8/getUpdates "HTTP/1.1 200 OK"
2026-09-09 23:46:52,081 - httpx - INFO - HTTP Request: POST https://api.telegram.org/bot8942164862:AAEGbX-FW5J1ymTcNQQalAv8C6ak4UyB_q8/getUpdates "HTTP/1.1 200 OK"
2026-09-09 23:47:02,271 - httpx - INFO - HTTP Request: POST https://api.telegram.org/bot8942164862:AAEGbX-FW5J1ymTcNQQalAv8C6ak4UyB_q8/getUpdates "HTTP/1.1 200 OK"
2026-09-09 23:47:12,410 - httpx - INFO - HTTP Request: POST https://api.telegram.org/bot8942164862:AAEGbX-FW5J1ymTcNQQalAv8C6ak4UyB_q8/getUpdates "HTTP/1.1 200 OK"
2026-09-09 23:47:22,546 - httpx - INFO - HTTP Request: POST https://api.telegram.org/bot8942164862:AAEGbX-FW5J1ymTcNQQalAv8C6ak4UyB_q8/getUpdates "HTTP/1.1 200 OK"
2026-09-09 23:47:32,648 - httpx - INFO - HTTP Request: POST https://api.telegram.org/bot8942164862:AAEGbX-FW5J1ymTcNQQalAv8C6ak4UyB_q8/getUpdates "HTTP/1.1 200 OK"
2026-09-09 23:47:42,765 - httpx - INFO - HTTP Request: POST https://api.telegram.org/bot8942164862:AAEGbX-FW5J1ymTcNQQalAv8C6ak4UyB_q8/getUpdates "HTTP/1.1 200 OK"
2026-09-09 23:47:52,873 - httpx - INFO - HTTP Request: POST https://api.telegram.org/bot8942164862:AAEGbX-FW5J1ymTcNQQalAv8C6ak4UyB_q8/getUpdates "HTTP/1.1 200 OK"
2026-09-09 23:48:02,983 - httpx - INFO - HTTP Request: POST https://api.telegram.org/bot8942164862:AAEGbX-FW5J1ymTcNQQalAv8C6ak4UyB_q8/getUpdates "HTTP/1.1 200 OK"
2026-09-09 23:48:13,132 - httpx - INFO - HTTP Request: POST https://api.telegram.org/bot8942164862:AAEGbX-FW5J1ymTcNQQalAv8C6ak4UyB_q8/getUpdates "HTTP/1.1 200 OK"
2026-09-09 23:48:23,233 - httpx - INFO - HTTP Request: POST https://api.telegram.org/bot8942164862:AAEGbX-FW5J1ymTcNQQalAv8C6ak4UyB_q8/getUpdates "HTTP/1.1 200 OK"
2026-09-09 23:48:33,407 - httpx - INFO - HTTP Request: POST https://api.telegram.org/bot8942164862:AAEGbX-FW5J1ymTcNQQalAv8C6ak4UyB_q8/getUpdates "HTTP/1.1 200 OK"
2026-09-09 23:48:43,513 - httpx - INFO - HTTP Request: POST https://api.telegram.org/bot8942164862:AAEGbX-FW5J1ymTcNQQalAv8C6ak4UyB_q8/getUpdates "HTTP/1.1 200 OK"
2026-09-09 23:48:53,615 - httpx - INFO - HTTP Request: POST https://api.telegram.org/bot8942164862:AAEGbX-FW5J1ymTcNQQalAv8C6ak4UyB_q8/getUpdates "HTTP/1.1 200 OK"
2026-09-09 23:49:03,721 - httpx - INFO - HTTP Request: POST https://api.telegram.org/bot8942164862:AAEGbX-FW5J1ymTcNQQalAv8C6ak4UyB_q8/getUpdates "HTTP/1.1 200 OK"
2026-09-09 23:49:13,826 - httpx - INFO - HTTP Request: POST https://api.telegram.org/bot8942164862:AAEGbX-FW5J1ymTcNQQalAv8C6ak4UyB_q8/getUpdates "HTTP/1.1 200 OK"
2026-09-09 23:49:23,937 - httpx - INFO - HTTP Request: POST https://api.telegram.org/bot8942164862:AAEGbX-FW5J1ymTcNQQalAv8C6ak4UyB_q8/getUpdates "HTTP/1.1 200 OK"
2026-09-09 23:49:34,131 - httpx - INFO - HTTP Request: POST https://api.telegram.org/bot8942164862:AAEGbX-FW5J1ymTcNQQalAv8C6ak4UyB_q8/getUpdates "HTTP/1.1 200 OK"
2026-09-09 23:49:44,245 - httpx - INFO - HTTP Request: POST https://api.telegram.org/bot8942164862:AAEGbX-FW5J1ymTcNQQalAv8C6ak4UyB_q8/getUpdates "HTTP/1.1 200 OK"
2026-09-09 23:49:54,408 - httpx - INFO - HTTP Request: POST https://api.telegram.org/bot8942164862:AAEGbX-FW5J1ymTcNQQalAv8C6ak4UyB_q8/getUpdates "HTTP/1.1 200 OK"
2026-09-09 23:50:04,544 - httpx - INFO - HTTP Request: POST https://api.telegram.org/bot8942164862:AAEGbX-FW5J1ymTcNQQalAv8C6ak4UyB_q8/getUpdates "HTTP/1.1 200 OK"
2026-09-09 23:50:14,645 - httpx - INFO - HTTP Request: POST https://api.telegram.org/bot8942164862:AAEGbX-FW5J1ymTcNQQalAv8C6ak4UyB_q8/getUpdates "HTTP/1.1 200 OK"
2026-09-09 23:50:24,752 - httpx - INFO - HTTP Request: POST https://api.telegram.org/bot8942164862:AAEGbX-FW5J1ymTcNQQalAv8C6ak4UyB_q8/getUpdates "HTTP/1.1 200 OK"
2026-09-09 23:50:34,961 - httpx - INFO - HTTP Request: POST https://api.telegram.org/bot8942164862:AAEGbX-FW5J1ymTcNQQalAv8C6ak4UyB_q8/getUpdates "HTTP/1.1 200 OK"
2026-09-09 23:50:45,070 - httpx - INFO - HTTP Request: POST https://api.telegram.org/bot8942164862:AAEGbX-FW5J1ymTcNQQalAv8C6ak4UyB_q8/getUpdates "HTTP/1.1 200 OK"
2026-09-09 23:50:55,188 - httpx - INFO - HTTP Request: POST https://api.telegram.org/bot8942164862:AAEGbX-FW5J1ymTcNQQalAv8C6ak4UyB_q8/getUpdates "HTTP/1.1 200 OK"
2026-09-09 23:51:05,370 - httpx - INFO - HTTP Request: POST https://api.telegram.org/bot8942164862:AAEGbX-FW5J1ymTcNQQalAv8C6ak4UyB_q8/getUpdates "HTTP/1.1 200 OK"
2026-09-09 23:51:15,479 - httpx - INFO - HTTP Request: POST https://api.telegram.org/bot8942164862:AAEGbX-FW5J1ymTcNQQalAv8C6ak4UyB_q8/getUpdates "HTTP/1.1 200 OK"
2026-09-09 23:51:25,594 - httpx - INFO - HTTP Request: POST https://api.telegram.org/bot8942164862:AAEGbX-FW5J1ymTcNQQalAv8C6ak4UyB_q8/getUpdates "HTTP/1.1 200 OK"
2026-09-09 23:51:35,702 - httpx - INFO - HTTP Request: POST https://api.telegram.org/bot8942164862:AAEGbX-FW5J1ymTcNQQalAv8C6ak4UyB_q8/getUpdates "HTTP/1.1 200 OK"
2026-09-09 23:51:45,818 - httpx - INFO - HTTP Request: POST https://api.telegram.org/bot8942164862:AAEGbX-FW5J1ymTcNQQalAv8C6ak4UyB_q8/getUpdates "HTTP/1.1 200 OK"
2026-09-09 23:51:55,929 - httpx - INFO - HTTP Request: POST https://api.telegram.org/bot8942164862:AAEGbX-FW5J1ymTcNQQalAv8C6ak4UyB_q8/getUpdates "HTTP/1.1 200 OK"
2026-09-09 23:52:06,051 - httpx - INFO - HTTP Request: POST https://api.telegram.org/bot8942164862:AAEGbX-FW5J1ymTcNQQalAv8C6ak4UyB_q8/getUpdates "HTTP/1.1 200 OK"
2026-09-09 23:52:16,153 - httpx - INFO - HTTP Request: POST https://api.telegram.org/bot8942164862:AAEGbX-FW5J1ymTcNQQalAv8C6ak4UyB_q8/getUpdates "HTTP/1.1 200 OK"
2026-09-09 23:52:26,559 - httpx - INFO - HTTP Request: POST https://api.telegram.org/bot8942164862:AAEGbX-FW5J1ymTcNQQalAv8C6ak4UyB_q8/getUpdates "HTTP/1.1 200 OK"
2026-09-09 23:52:36,661 - httpx - INFO - HTTP Request: POST https://api.telegram.org/bot8942164862:AAEGbX-FW5J1ymTcNQQalAv8C6ak4UyB_q8/getUpdates "HTTP/1.1 200 OK"
2026-09-09 23:52:46,855 - httpx - INFO - HTTP Request: POST https://api.telegram.org/bot8942164862:AAEGbX-FW5J1ymTcNQQalAv8C6ak4UyB_q8/getUpdates "HTTP/1.1 200 OK"
2026-09-09 23:52:56,964 - httpx - INFO - HTTP Request: POST https://api.telegram.org/bot8942164862:AAEGbX-FW5J1ymTcNQQalAv8C6ak4UyB_q8/getUpdates "HTTP/1.1 200 OK"
2026-09-09 23:53:07,073 - httpx - INFO - HTTP Request: POST https://api.telegram.org/bot8942164862:AAEGbX-FW5J1ymTcNQQalAv8C6ak4UyB_q8/getUpdates "HTTP/1.1 200 OK"
2026-09-09 23:53:17,196 - httpx - INFO - HTTP Request: POST https://api.telegram.org/bot8942164862:AAEGbX-FW5J1ymTcNQQalAv8C6ak4UyB_q8/getUpdates "HTTP/1.1 200 OK"
2026-09-09 23:53:27,297 - httpx - INFO - HTTP Request: POST https://api.telegram.org/bot8942164862:AAEGbX-FW5J1ymTcNQQalAv8C6ak4UyB_q8/getUpdates "HTTP/1.1 200 OK"
2026-09-09 23:53:37,434 - httpx - INFO - HTTP Request: POST https://api.telegram.org/bot8942164862:AAEGbX-FW5J1ymTcNQQalAv8C6ak4UyB_q8/getUpdates "HTTP/1.1 200 OK"
2026-09-09 23:53:47,573 - httpx - INFO - HTTP Request: POST https://api.telegram.org/bot8942164862:AAEGbX-FW5J1ymTcNQQalAv8C6ak4UyB_q8/getUpdates "HTTP/1.1 200 OK"
2026-09-09 23:53:57,710 - httpx - INFO - HTTP Request: POST https://api.telegram.org/bot8942164862:AAEGbX-FW5J1ymTcNQQalAv8C6ak4UyB_q8/getUpdates "HTTP/1.1 200 OK"
2026-09-09 23:54:07,817 - httpx - INFO - HTTP Request: POST https://api.telegram.org/bot8942164862:AAEGbX-FW5J1ymTcNQQalAv8C6ak4UyB_q8/getUpdates "HTTP/1.1 200 OK"
2026-09-09 23:54:17,929 - httpx - INFO - HTTP Request: POST https://api.telegram.org/bot8942164862:AAEGbX-FW5J1ymTcNQQalAv8C6ak4UyB_q8/getUpdates "HTTP/1.1 200 OK"
2026-09-09 23:54:28,252 - httpx - INFO - HTTP Request: POST https://api.telegram.org/bot8942164862:AAEGbX-FW5J1ymTcNQQalAv8C6ak4UyB_q8/getUpdates "HTTP/1.1 200 OK"
2026-09-09 23:54:38,359 - httpx - INFO - HTTP Request: POST https://api.telegram.org/bot8942164862:AAEGbX-FW5J1ymTcNQQalAv8C6ak4UyB_q8/getUpdates "HTTP/1.1 200 OK"
2026-09-09 23:54:48,501 - httpx - INFO - HTTP Request: POST https://api.telegram.org/bot8942164862:AAEGbX-FW5J1ymTcNQQalAv8C6ak4UyB_q8/getUpdates "HTTP/1.1 200 OK"
2026-09-09 23:54:58,603 - httpx - INFO - HTTP Request: POST https://api.telegram.org/bot8942164862:AAEGbX-FW5J1ymTcNQQalAv8C6ak4UyB_q8/getUpdates "HTTP/1.1 200 OK"
2026-09-09 23:55:00,002 - apscheduler.executors.default - INFO - Running job "daily_post:@N_DEV_HUB (trigger: cron[day_of_week='sun,mon,tue,wed,thu,fri,sat', hour='18', minute='55', second='0'], next run at: 2026-09-10 18:55:00 UTC)" (scheduled at 2026-09-09 18:55:00+00:00)
2026-09-09 23:55:00,858 - google_genai.models - INFO - AFC is enabled with max remote calls: 10.
2026-09-09 23:55:00,858 - google_genai.models - WARNING - Direct use of automatic function calling (AFC) in Models.generate_content is not recommended. Instead, we recommend to use AFC in Chat.send_message. Similarly, direct use of AFC in Models.generate_content_stream is not recommended. Instead, we recommend to use AFC in Chat.send_message_stream.
2026-09-09 23:55:30,178 - httpx - INFO - HTTP Request: POST https://generativelanguage.googleapis.com/v1beta/models/gemini-3.5-flash:generateContent "HTTP/1.1 503 Service Unavailable"
2026-09-09 23:55:30,179 - content - WARNING - Gemini xato (model=gemini-3.5-flash, urinish 1/2): 503 UNAVAILABLE. {'error': {'code': 503, 'message': 'This model is currently experiencing high demand. Spikes in demand are usually temporary. Please try again later.', 'status': 'UNAVAILABLE'}}
2026-09-09 23:55:32,180 - google_genai.models - INFO - AFC is enabled with max remote calls: 10.
2026-09-09 23:55:45,235 - httpx - INFO - HTTP Request: POST https://generativelanguage.googleapis.com/v1beta/models/gemini-3.5-flash:generateContent "HTTP/1.1 200 OK"
2026-09-09 23:55:45,238 - content - INFO - Muvaffaqiyatli: model=gemini-3.5-flash, urinish=2
2026-09-09 23:55:45,266 - google_genai.models - INFO - AFC is enabled with max remote calls: 10.
2026-09-09 23:55:53,934 - httpx - INFO - HTTP Request: POST https://generativelanguage.googleapis.com/v1beta/models/gemini-3.5-flash-lite:generateContent "HTTP/1.1 200 OK"
2026-09-09 23:56:16,511 - httpx - INFO - HTTP Request: POST https://api.telegram.org/bot8942164862:AAEGbX-FW5J1ymTcNQQalAv8C6ak4UyB_q8/getUpdates "HTTP/1.1 200 OK"
2026-09-09 23:56:17,492 - httpx - INFO - HTTP Request: POST https://api.telegram.org/bot8942164862:AAEGbX-FW5J1ymTcNQQalAv8C6ak4UyB_q8/sendVideo "HTTP/1.1 200 OK"
2026-09-09 23:56:17,779 - httpx - INFO - HTTP Request: POST https://api.telegram.org/bot8942164862:AAEGbX-FW5J1ymTcNQQalAv8C6ak4UyB_q8/sendMessage "HTTP/1.1 200 OK"
2026-09-09 23:56:17,780 - __main__ - INFO - Kunlik post joylandi (@N_DEV_HUB): SQL indekslar
2026-09-09 23:56:17,780 - apscheduler.executors.default - INFO - Job "daily_post:@N_DEV_HUB (trigger: cron[day_of_week='sun,mon,tue,wed,thu,fri,sat', hour='18', minute='55', second='0'], next run at: 2026-09-10 18:55:00 UTC)" executed successfully
2026-09-09 23:56:26,618 - httpx - INFO - HTTP Request: POST https://api.telegram.org/bot8942164862:AAEGbX-FW5J1ymTcNQQalAv8C6ak4UyB_q8/getUpdates "HTTP/1.1 200 OK"
2026-09-09 23:56:36,724 - httpx - INFO - HTTP Request: POST https://api.telegram.org/bot8942164862:AAEGbX-FW5J1ymTcNQQalAv8C6ak4UyB_q8/getUpdates "HTTP/1.1 200 OK"
2026-09-09 23:56:46,831 - httpx - INFO - HTTP Request: POST https://api.telegram.org/bot8942164862:AAEGbX-FW5J1ymTcNQQalAv8C6ak4UyB_q8/getUpdates "HTTP/1.1 200 OK"
2026-09-09 23:56:56,939 - httpx - INFO - HTTP Request: POST https://api.telegram.org/bot8942164862:AAEGbX-FW5J1ymTcNQQalAv8C6ak4UyB_q8/getUpdates "HTTP/1.1 200 OK"
2026-09-09 23:57:07,041 - httpx - INFO - HTTP Request: POST https://api.telegram.org/bot8942164862:AAEGbX-FW5J1ymTcNQQalAv8C6ak4UyB_q8/getUpdates "HTTP/1.1 200 OK"
2026-09-09 23:57:17,189 - httpx - INFO - HTTP Request: POST https://api.telegram.org/bot8942164862:AAEGbX-FW5J1ymTcNQQalAv8C6ak4UyB_q8/getUpdates "HTTP/1.1 200 OK"
2026-09-09 23:57:27,431 - httpx - INFO - HTTP Request: POST https://api.telegram.org/bot8942164862:AAEGbX-FW5J1ymTcNQQalAv8C6ak4UyB_q8/getUpdates "HTTP/1.1 200 OK"
2026-09-09 23:57:37,564 - httpx - INFO - HTTP Request: POST https://api.telegram.org/bot8942164862:AAEGbX-FW5J1ymTcNQQalAv8C6ak4UyB_q8/getUpdates "HTTP/1.1 200 OK"
2026-09-09 23:57:47,666 - httpx - INFO - HTTP Request: POST https://api.telegram.org/bot8942164862:AAEGbX-FW5J1ymTcNQQalAv8C6ak4UyB_q8/getUpdates "HTTP/1.1 200 OK"
2026-09-09 23:57:57,773 - httpx - INFO - HTTP Request: POST https://api.telegram.org/bot8942164862:AAEGbX-FW5J1ymTcNQQalAv8C6ak4UyB_q8/getUpdates "HTTP/1.1 200 OK"
2026-09-09 23:58:07,877 - httpx - INFO - HTTP Request: POST https://api.telegram.org/bot8942164862:AAEGbX-FW5J1ymTcNQQalAv8C6ak4UyB_q8/getUpdates "HTTP/1.1 200 OK"
2026-09-09 23:58:18,013 - httpx - INFO - HTTP Request: POST https://api.telegram.org/bot8942164862:AAEGbX-FW5J1ymTcNQQalAv8C6ak4UyB_q8/getUpdates "HTTP/1.1 200 OK"
2026-09-09 23:58:28,120 - httpx - INFO - HTTP Request: POST https://api.telegram.org/bot8942164862:AAEGbX-FW5J1ymTcNQQalAv8C6ak4UyB_q8/getUpdates "HTTP/1.1 200 OK"
2026-09-09 23:58:38,222 - httpx - INFO - HTTP Request: POST https://api.telegram.org/bot8942164862:AAEGbX-FW5J1ymTcNQQalAv8C6ak4UyB_q8/getUpdates "HTTP/1.1 200 OK"
2026-09-09 23:58:48,325 - httpx - INFO - HTTP Request: POST https://api.telegram.org/bot8942164862:AAEGbX-FW5J1ymTcNQQalAv8C6ak4UyB_q8/getUpdates "HTTP/1.1 200 OK"
2026-09-09 23:58:58,432 - httpx - INFO - HTTP Request: POST https://api.telegram.org/bot8942164862:AAEGbX-FW5J1ymTcNQQalAv8C6ak4UyB_q8/getUpdates "HTTP/1.1 200 OK"
2026-09-09 23:59:08,598 - httpx - INFO - HTTP Request: POST https://api.telegram.org/bot8942164862:AAEGbX-FW5J1ymTcNQQalAv8C6ak4UyB_q8/getUpdates "HTTP/1.1 200 OK"
2026-09-09 23:59:18,702 - httpx - INFO - HTTP Request: POST https://api.telegram.org/bot8942164862:AAEGbX-FW5J1ymTcNQQalAv8C6ak4UyB_q8/getUpdates "HTTP/1.1 200 OK"
2026-09-09 23:59:28,839 - httpx - INFO - HTTP Request: POST https://api.telegram.org/bot8942164862:AAEGbX-FW5J1ymTcNQQalAv8C6ak4UyB_q8/getUpdates "HTTP/1.1 200 OK"
2026-09-09 23:59:39,011 - httpx - INFO - HTTP Request: POST https://api.telegram.org/bot8942164862:AAEGbX-FW5J1ymTcNQQalAv8C6ak4UyB_q8/getUpdates "HTTP/1.1 200 OK"
2026-09-09 23:59:49,120 - httpx - INFO - HTTP Request: POST https://api.telegram.org/bot8942164862:AAEGbX-FW5J1ymTcNQQalAv8C6ak4UyB_q8/getUpdates "HTTP/1.1 200 OK"
2026-09-09 23:59:59,227 - httpx - INFO - HTTP Request: POST https://api.telegram.org/bot8942164862:AAEGbX-FW5J1ymTcNQQalAv8C6ak4UyB_q8/getUpdates "HTTP/1.1 200 OK"
2026-09-10 00:00:09,424 - httpx - INFO - HTTP Request: POST https://api.telegram.org/bot8942164862:AAEGbX-FW5J1ymTcNQQalAv8C6ak4UyB_q8/getUpdates "HTTP/1.1 200 OK"
2026-09-10 00:00:19,536 - httpx - INFO - HTTP Request: POST https://api.telegram.org/bot8942164862:AAEGbX-FW5J1ymTcNQQalAv8C6ak4UyB_q8/getUpdates "HTTP/1.1 200 OK"
2026-09-10 00:00:29,637 - httpx - INFO - HTTP Request: POST https://api.telegram.org/bot8942164862:AAEGbX-FW5J1ymTcNQQalAv8C6ak4UyB_q8/getUpdates "HTTP/1.1 200 OK"
2026-09-10 00:00:39,740 - httpx - INFO - HTTP Request: POST https://api.telegram.org/bot8942164862:AAEGbX-FW5J1ymTcNQQalAv8C6ak4UyB_q8/getUpdates "HTTP/1.1 200 OK"
2026-09-10 00:00:49,872 - httpx - INFO - HTTP Request: POST https://api.telegram.org/bot8942164862:AAEGbX-FW5J1ymTcNQQalAv8C6ak4UyB_q8/getUpdates "HTTP/1.1 200 OK"
2026-09-10 00:01:00,011 - httpx - INFO - HTTP Request: POST https://api.telegram.org/bot8942164862:AAEGbX-FW5J1ymTcNQQalAv8C6ak4UyB_q8/getUpdates "HTTP/1.1 200 OK"
2026-09-10 00:01:10,118 - httpx - INFO - HTTP Request: POST https://api.telegram.org/bot8942164862:AAEGbX-FW5J1ymTcNQQalAv8C6ak4UyB_q8/getUpdates "HTTP/1.1 200 OK"
2026-09-10 00:01:20,285 - httpx - INFO - HTTP Request: POST https://api.telegram.org/bot8942164862:AAEGbX-FW5J1ymTcNQQalAv8C6ak4UyB_q8/getUpdates "HTTP/1.1 200 OK"
2026-09-10 00:01:30,423 - httpx - INFO - HTTP Request: POST https://api.telegram.org/bot8942164862:AAEGbX-FW5J1ymTcNQQalAv8C6ak4UyB_q8/getUpdates "HTTP/1.1 200 OK"
2026-09-10 00:01:40,532 - httpx - INFO - HTTP Request: POST https://api.telegram.org/bot8942164862:AAEGbX-FW5J1ymTcNQQalAv8C6ak4UyB_q8/getUpdates "HTTP/1.1 200 OK"
2026-09-10 00:01:50,654 - httpx - INFO - HTTP Request: POST https://api.telegram.org/bot8942164862:AAEGbX-FW5J1ymTcNQQalAv8C6ak4UyB_q8/getUpdates "HTTP/1.1 200 OK"
2026-09-10 00:02:00,764 - httpx - INFO - HTTP Request: POST https://api.telegram.org/bot8942164862:AAEGbX-FW5J1ymTcNQQalAv8C6ak4UyB_q8/getUpdates "HTTP/1.1 200 OK"
2026-09-10 00:02:10,872 - httpx - INFO - HTTP Request: POST https://api.telegram.org/bot8942164862:AAEGbX-FW5J1ymTcNQQalAv8C6ak4UyB_q8/getUpdates "HTTP/1.1 200 OK"
2026-09-10 00:02:21,011 - httpx - INFO - HTTP Request: POST https://api.telegram.org/bot8942164862:AAEGbX-FW5J1ymTcNQQalAv8C6ak4UyB_q8/getUpdates "HTTP/1.1 200 OK"
2026-09-10 00:02:31,114 - httpx - INFO - HTTP Request: POST https://api.telegram.org/bot8942164862:AAEGbX-FW5J1ymTcNQQalAv8C6ak4UyB_q8/getUpdates "HTTP/1.1 200 OK"
2026-09-10 00:02:41,223 - httpx - INFO - HTTP Request: POST https://api.telegram.org/bot8942164862:AAEGbX-FW5J1ymTcNQQalAv8C6ak4UyB_q8/getUpdates "HTTP/1.1 200 OK"
2026-09-10 00:02:51,326 - httpx - INFO - HTTP Request: POST https://api.telegram.org/bot8942164862:AAEGbX-FW5J1ymTcNQQalAv8C6ak4UyB_q8/getUpdates "HTTP/1.1 200 OK"
2026-09-10 00:03:01,457 - httpx - INFO - HTTP Request: POST https://api.telegram.org/bot8942164862:AAEGbX-FW5J1ymTcNQQalAv8C6ak4UyB_q8/getUpdates "HTTP/1.1 200 OK"
2026-09-10 00:03:11,596 - httpx - INFO - HTTP Request: POST https://api.telegram.org/bot8942164862:AAEGbX-FW5J1ymTcNQQalAv8C6ak4UyB_q8/getUpdates "HTTP/1.1 200 OK"
2026-09-10 00:03:21,715 - httpx - INFO - HTTP Request: POST https://api.telegram.org/bot8942164862:AAEGbX-FW5J1ymTcNQQalAv8C6ak4UyB_q8/getUpdates "HTTP/1.1 200 OK"
2026-09-10 00:03:31,870 - httpx - INFO - HTTP Request: POST https://api.telegram.org/bot8942164862:AAEGbX-FW5J1ymTcNQQalAv8C6ak4UyB_q8/getUpdates "HTTP/1.1 200 OK"
2026-09-10 00:03:42,007 - httpx - INFO - HTTP Request: POST https://api.telegram.org/bot8942164862:AAEGbX-FW5J1ymTcNQQalAv8C6ak4UyB_q8/getUpdates "HTTP/1.1 200 OK"
2026-09-10 00:03:52,116 - httpx - INFO - HTTP Request: POST https://api.telegram.org/bot8942164862:AAEGbX-FW5J1ymTcNQQalAv8C6ak4UyB_q8/getUpdates "HTTP/1.1 200 OK"
2026-09-10 00:04:02,285 - httpx - INFO - HTTP Request: POST https://api.telegram.org/bot8942164862:AAEGbX-FW5J1ymTcNQQalAv8C6ak4UyB_q8/getUpdates "HTTP/1.1 200 OK"
2026-09-10 00:04:12,421 - httpx - INFO - HTTP Request: POST https://api.telegram.org/bot8942164862:AAEGbX-FW5J1ymTcNQQalAv8C6ak4UyB_q8/getUpdates "HTTP/1.1 200 OK"
2026-09-10 00:04:22,529 - httpx - INFO - HTTP Request: POST https://api.telegram.org/bot8942164862:AAEGbX-FW5J1ymTcNQQalAv8C6ak4UyB_q8/getUpdates "HTTP/1.1 200 OK"
2026-09-10 00:04:32,695 - httpx - INFO - HTTP Request: POST https://api.telegram.org/bot8942164862:AAEGbX-FW5J1ymTcNQQalAv8C6ak4UyB_q8/getUpdates "HTTP/1.1 200 OK"
2026-09-10 00:04:42,797 - httpx - INFO - HTTP Request: POST https://api.telegram.org/bot8942164862:AAEGbX-FW5J1ymTcNQQalAv8C6ak4UyB_q8/getUpdates "HTTP/1.1 200 OK"
2026-09-10 00:04:52,978 - httpx - INFO - HTTP Request: POST https://api.telegram.org/bot8942164862:AAEGbX-FW5J1ymTcNQQalAv8C6ak4UyB_q8/getUpdates "HTTP/1.1 200 OK"
2026-09-10 00:05:03,109 - httpx - INFO - HTTP Request: POST https://api.telegram.org/bot8942164862:AAEGbX-FW5J1ymTcNQQalAv8C6ak4UyB_q8/getUpdates "HTTP/1.1 200 OK"
2026-09-10 00:05:13,261 - httpx - INFO - HTTP Request: POST https://api.telegram.org/bot8942164862:AAEGbX-FW5J1ymTcNQQalAv8C6ak4UyB_q8/getUpdates "HTTP/1.1 200 OK"
2026-09-10 00:05:23,363 - httpx - INFO - HTTP Request: POST https://api.telegram.org/bot8942164862:AAEGbX-FW5J1ymTcNQQalAv8C6ak4UyB_q8/getUpdates "HTTP/1.1 200 OK"
2026-09-10 00:05:33,471 - httpx - INFO - HTTP Request: POST https://api.telegram.org/bot8942164862:AAEGbX-FW5J1ymTcNQQalAv8C6ak4UyB_q8/getUpdates "HTTP/1.1 200 OK"
2026-09-10 00:05:43,579 - httpx - INFO - HTTP Request: POST https://api.telegram.org/bot8942164862:AAEGbX-FW5J1ymTcNQQalAv8C6ak4UyB_q8/getUpdates "HTTP/1.1 200 OK"
2026-09-10 00:05:53,690 - httpx - INFO - HTTP Request: POST https://api.telegram.org/bot8942164862:AAEGbX-FW5J1ymTcNQQalAv8C6ak4UyB_q8/getUpdates "HTTP/1.1 200 OK"
2026-09-10 00:06:03,793 - httpx - INFO - HTTP Request: POST https://api.telegram.org/bot8942164862:AAEGbX-FW5J1ymTcNQQalAv8C6ak4UyB_q8/getUpdates "HTTP/1.1 200 OK"
2026-09-10 00:06:13,980 - httpx - INFO - HTTP Request: POST https://api.telegram.org/bot8942164862:AAEGbX-FW5J1ymTcNQQalAv8C6ak4UyB_q8/getUpdates "HTTP/1.1 200 OK"
2026-09-10 00:06:24,100 - httpx - INFO - HTTP Request: POST https://api.telegram.org/bot8942164862:AAEGbX-FW5J1ymTcNQQalAv8C6ak4UyB_q8/getUpdates "HTTP/1.1 200 OK"
2026-09-10 00:06:34,212 - httpx - INFO - HTTP Request: POST https://api.telegram.org/bot8942164862:AAEGbX-FW5J1ymTcNQQalAv8C6ak4UyB_q8/getUpdates "HTTP/1.1 200 OK"
2026-09-10 00:06:44,320 - httpx - INFO - HTTP Request: POST https://api.telegram.org/bot8942164862:AAEGbX-FW5J1ymTcNQQalAv8C6ak4UyB_q8/getUpdates "HTTP/1.1 200 OK"
2026-09-10 00:06:54,426 - httpx - INFO - HTTP Request: POST https://api.telegram.org/bot8942164862:AAEGbX-FW5J1ymTcNQQalAv8C6ak4UyB_q8/getUpdates "HTTP/1.1 200 OK"
2026-09-10 00:07:04,556 - httpx - INFO - HTTP Request: POST https://api.telegram.org/bot8942164862:AAEGbX-FW5J1ymTcNQQalAv8C6ak4UyB_q8/getUpdates "HTTP/1.1 200 OK"
2026-09-10 00:07:14,693 - httpx - INFO - HTTP Request: POST https://api.telegram.org/bot8942164862:AAEGbX-FW5J1ymTcNQQalAv8C6ak4UyB_q8/getUpdates "HTTP/1.1 200 OK"
2026-09-10 00:07:24,811 - httpx - INFO - HTTP Request: POST https://api.telegram.org/bot8942164862:AAEGbX-FW5J1ymTcNQQalAv8C6ak4UyB_q8/getUpdates "HTTP/1.1 200 OK"
2026-09-10 00:07:34,969 - httpx - INFO - HTTP Request: POST https://api.telegram.org/bot8942164862:AAEGbX-FW5J1ymTcNQQalAv8C6ak4UyB_q8/getUpdates "HTTP/1.1 200 OK"
2026-09-10 00:07:45,079 - httpx - INFO - HTTP Request: POST https://api.telegram.org/bot8942164862:AAEGbX-FW5J1ymTcNQQalAv8C6ak4UyB_q8/getUpdates "HTTP/1.1 200 OK"
2026-09-10 00:07:55,186 - httpx - INFO - HTTP Request: POST https://api.telegram.org/bot8942164862:AAEGbX-FW5J1ymTcNQQalAv8C6ak4UyB_q8/getUpdates "HTTP/1.1 200 OK"
2026-09-10 00:08:05,383 - httpx - INFO - HTTP Request: POST https://api.telegram.org/bot8942164862:AAEGbX-FW5J1ymTcNQQalAv8C6ak4UyB_q8/getUpdates "HTTP/1.1 200 OK"
2026-09-10 00:08:15,520 - httpx - INFO - HTTP Request: POST https://api.telegram.org/bot8942164862:AAEGbX-FW5J1ymTcNQQalAv8C6ak4UyB_q8/getUpdates "HTTP/1.1 200 OK"
2026-09-10 00:08:25,657 - httpx - INFO - HTTP Request: POST https://api.telegram.org/bot8942164862:AAEGbX-FW5J1ymTcNQQalAv8C6ak4UyB_q8/getUpdates "HTTP/1.1 200 OK"
2026-09-10 00:08:35,762 - httpx - INFO - HTTP Request: POST https://api.telegram.org/bot8942164862:AAEGbX-FW5J1ymTcNQQalAv8C6ak4UyB_q8/getUpdates "HTTP/1.1 200 OK"
2026-09-10 00:08:45,934 - httpx - INFO - HTTP Request: POST https://api.telegram.org/bot8942164862:AAEGbX-FW5J1ymTcNQQalAv8C6ak4UyB_q8/getUpdates "HTTP/1.1 200 OK"
2026-09-10 00:08:56,046 - httpx - INFO - HTTP Request: POST https://api.telegram.org/bot8942164862:AAEGbX-FW5J1ymTcNQQalAv8C6ak4UyB_q8/getUpdates "HTTP/1.1 200 OK"
2026-09-10 00:09:06,148 - httpx - INFO - HTTP Request: POST https://api.telegram.org/bot8942164862:AAEGbX-FW5J1ymTcNQQalAv8C6ak4UyB_q8/getUpdates "HTTP/1.1 200 OK"
2026-09-10 00:09:16,345 - httpx - INFO - HTTP Request: POST https://api.telegram.org/bot8942164862:AAEGbX-FW5J1ymTcNQQalAv8C6ak4UyB_q8/getUpdates "HTTP/1.1 200 OK"
2026-09-10 00:09:26,483 - httpx - INFO - HTTP Request: POST https://api.telegram.org/bot8942164862:AAEGbX-FW5J1ymTcNQQalAv8C6ak4UyB_q8/getUpdates "HTTP/1.1 200 OK"
2026-09-10 00:09:36,735 - httpx - INFO - HTTP Request: POST https://api.telegram.org/bot8942164862:AAEGbX-FW5J1ymTcNQQalAv8C6ak4UyB_q8/getUpdates "HTTP/1.1 200 OK"
2026-09-10 00:09:46,838 - httpx - INFO - HTTP Request: POST https://api.telegram.org/bot8942164862:AAEGbX-FW5J1ymTcNQQalAv8C6ak4UyB_q8/getUpdates "HTTP/1.1 200 OK"
2026-09-10 00:09:56,952 - httpx - INFO - HTTP Request: POST https://api.telegram.org/bot8942164862:AAEGbX-FW5J1ymTcNQQalAv8C6ak4UyB_q8/getUpdates "HTTP/1.1 200 OK"
2026-09-10 00:10:07,142 - httpx - INFO - HTTP Request: POST https://api.telegram.org/bot8942164862:AAEGbX-FW5J1ymTcNQQalAv8C6ak4UyB_q8/getUpdates "HTTP/1.1 200 OK"
2026-09-10 00:10:17,274 - httpx - INFO - HTTP Request: POST https://api.telegram.org/bot8942164862:AAEGbX-FW5J1ymTcNQQalAv8C6ak4UyB_q8/getUpdates "HTTP/1.1 200 OK"
2026-09-10 00:10:27,380 - httpx - INFO - HTTP Request: POST https://api.telegram.org/bot8942164862:AAEGbX-FW5J1ymTcNQQalAv8C6ak4UyB_q8/getUpdates "HTTP/1.1 200 OK"
2026-09-10 00:10:37,549 - httpx - INFO - HTTP Request: POST https://api.telegram.org/bot8942164862:AAEGbX-FW5J1ymTcNQQalAv8C6ak4UyB_q8/getUpdates "HTTP/1.1 200 OK"
2026-09-10 00:10:47,656 - httpx - INFO - HTTP Request: POST https://api.telegram.org/bot8942164862:AAEGbX-FW5J1ymTcNQQalAv8C6ak4UyB_q8/getUpdates "HTTP/1.1 200 OK"
2026-09-10 00:10:57,824 - httpx - INFO - HTTP Request: POST https://api.telegram.org/bot8942164862:AAEGbX-FW5J1ymTcNQQalAv8C6ak4UyB_q8/getUpdates "HTTP/1.1 200 OK"
2026-09-10 00:11:07,963 - httpx - INFO - HTTP Request: POST https://api.telegram.org/bot8942164862:AAEGbX-FW5J1ymTcNQQalAv8C6ak4UyB_q8/getUpdates "HTTP/1.1 200 OK"
2026-09-10 00:11:18,069 - httpx - INFO - HTTP Request: POST https://api.telegram.org/bot8942164862:AAEGbX-FW5J1ymTcNQQalAv8C6ak4UyB_q8/getUpdates "HTTP/1.1 200 OK"
2026-09-10 00:11:28,177 - httpx - INFO - HTTP Request: POST https://api.telegram.org/bot8942164862:AAEGbX-FW5J1ymTcNQQalAv8C6ak4UyB_q8/getUpdates "HTTP/1.1 200 OK"
2026-09-10 00:11:38,290 - httpx - INFO - HTTP Request: POST https://api.telegram.org/bot8942164862:AAEGbX-FW5J1ymTcNQQalAv8C6ak4UyB_q8/getUpdates "HTTP/1.1 200 OK"
2026-09-10 00:11:48,394 - httpx - INFO - HTTP Request: POST https://api.telegram.org/bot8942164862:AAEGbX-FW5J1ymTcNQQalAv8C6ak4UyB_q8/getUpdates "HTTP/1.1 200 OK"
2026-09-10 00:11:58,553 - httpx - INFO - HTTP Request: POST https://api.telegram.org/bot8942164862:AAEGbX-FW5J1ymTcNQQalAv8C6ak4UyB_q8/getUpdates "HTTP/1.1 200 OK"
2026-09-10 00:12:08,727 - httpx - INFO - HTTP Request: POST https://api.telegram.org/bot8942164862:AAEGbX-FW5J1ymTcNQQalAv8C6ak4UyB_q8/getUpdates "HTTP/1.1 200 OK"
2026-09-10 00:12:18,926 - httpx - INFO - HTTP Request: POST https://api.telegram.org/bot8942164862:AAEGbX-FW5J1ymTcNQQalAv8C6ak4UyB_q8/getUpdates "HTTP/1.1 200 OK"
2026-09-10 00:12:29,029 - httpx - INFO - HTTP Request: POST https://api.telegram.org/bot8942164862:AAEGbX-FW5J1ymTcNQQalAv8C6ak4UyB_q8/getUpdates "HTTP/1.1 200 OK"
2026-09-10 00:12:39,138 - httpx - INFO - HTTP Request: POST https://api.telegram.org/bot8942164862:AAEGbX-FW5J1ymTcNQQalAv8C6ak4UyB_q8/getUpdates "HTTP/1.1 200 OK"
2026-09-10 00:12:49,338 - httpx - INFO - HTTP Request: POST https://api.telegram.org/bot8942164862:AAEGbX-FW5J1ymTcNQQalAv8C6ak4UyB_q8/getUpdates "HTTP/1.1 200 OK"
2026-09-10 00:12:59,452 - httpx - INFO - HTTP Request: POST https://api.telegram.org/bot8942164862:AAEGbX-FW5J1ymTcNQQalAv8C6ak4UyB_q8/getUpdates "HTTP/1.1 200 OK"
2026-09-10 00:13:09,616 - httpx - INFO - HTTP Request: POST https://api.telegram.org/bot8942164862:AAEGbX-FW5J1ymTcNQQalAv8C6ak4UyB_q8/getUpdates "HTTP/1.1 200 OK"
2026-09-10 00:13:19,754 - httpx - INFO - HTTP Request: POST https://api.telegram.org/bot8942164862:AAEGbX-FW5J1ymTcNQQalAv8C6ak4UyB_q8/getUpdates "HTTP/1.1 200 OK"
2026-09-10 00:13:29,860 - httpx - INFO - HTTP Request: POST https://api.telegram.org/bot8942164862:AAEGbX-FW5J1ymTcNQQalAv8C6ak4UyB_q8/getUpdates "HTTP/1.1 200 OK"
2026-09-10 00:13:39,964 - httpx - INFO - HTTP Request: POST https://api.telegram.org/bot8942164862:AAEGbX-FW5J1ymTcNQQalAv8C6ak4UyB_q8/getUpdates "HTTP/1.1 200 OK"
2026-09-10 00:13:50,165 - httpx - INFO - HTTP Request: POST https://api.telegram.org/bot8942164862:AAEGbX-FW5J1ymTcNQQalAv8C6ak4UyB_q8/getUpdates "HTTP/1.1 200 OK"
2026-09-10 00:14:00,303 - httpx - INFO - HTTP Request: POST https://api.telegram.org/bot8942164862:AAEGbX-FW5J1ymTcNQQalAv8C6ak4UyB_q8/getUpdates "HTTP/1.1 200 OK"
2026-09-10 00:14:10,414 - httpx - INFO - HTTP Request: POST https://api.telegram.org/bot8942164862:AAEGbX-FW5J1ymTcNQQalAv8C6ak4UyB_q8/getUpdates "HTTP/1.1 200 OK"
2026-09-10 00:14:20,578 - httpx - INFO - HTTP Request: POST https://api.telegram.org/bot8942164862:AAEGbX-FW5J1ymTcNQQalAv8C6ak4UyB_q8/getUpdates "HTTP/1.1 200 OK"
2026-09-10 00:14:30,716 - httpx - INFO - HTTP Request: POST https://api.telegram.org/bot8942164862:AAEGbX-FW5J1ymTcNQQalAv8C6ak4UyB_q8/getUpdates "HTTP/1.1 200 OK"
2026-09-10 00:14:40,824 - httpx - INFO - HTTP Request: POST https://api.telegram.org/bot8942164862:AAEGbX-FW5J1ymTcNQQalAv8C6ak4UyB_q8/getUpdates "HTTP/1.1 200 OK"
2026-09-10 00:14:50,933 - httpx - INFO - HTTP Request: POST https://api.telegram.org/bot8942164862:AAEGbX-FW5J1ymTcNQQalAv8C6ak4UyB_q8/getUpdates "HTTP/1.1 200 OK"
2026-09-10 00:15:01,036 - httpx - INFO - HTTP Request: POST https://api.telegram.org/bot8942164862:AAEGbX-FW5J1ymTcNQQalAv8C6ak4UyB_q8/getUpdates "HTTP/1.1 200 OK"
2026-09-10 00:15:11,164 - httpx - INFO - HTTP Request: POST https://api.telegram.org/bot8942164862:AAEGbX-FW5J1ymTcNQQalAv8C6ak4UyB_q8/getUpdates "HTTP/1.1 200 OK"
2026-09-10 00:15:21,301 - httpx - INFO - HTTP Request: POST https://api.telegram.org/bot8942164862:AAEGbX-FW5J1ymTcNQQalAv8C6ak4UyB_q8/getUpdates "HTTP/1.1 200 OK"
2026-09-10 00:15:31,407 - httpx - INFO - HTTP Request: POST https://api.telegram.org/bot8942164862:AAEGbX-FW5J1ymTcNQQalAv8C6ak4UyB_q8/getUpdates "HTTP/1.1 200 OK"
2026-09-10 00:15:46,429 - telegram.ext.Application - ERROR - No error handlers are registered, logging exception.
Traceback (most recent call last):
  File "/home/nozimbek/Downloads/files (2)/.venv/lib/python3.14/site-packages/httpx/_transports/default.py", line 101, in map_httpcore_exceptions
    yield
  File "/home/nozimbek/Downloads/files (2)/.venv/lib/python3.14/site-packages/httpx/_transports/default.py", line 394, in handle_async_request
    resp = await self._pool.handle_async_request(req)
           ^^^^^^^^^^^^^^^^^^^^^^^^^^^^^^^^^^^^^^^^^^
  File "/home/nozimbek/Downloads/files (2)/.venv/lib/python3.14/site-packages/httpcore/_async/connection_pool.py", line 256, in handle_async_request
    raise exc from None
  File "/home/nozimbek/Downloads/files (2)/.venv/lib/python3.14/site-packages/httpcore/_async/connection_pool.py", line 236, in handle_async_request
    response = await connection.handle_async_request(
               ^^^^^^^^^^^^^^^^^^^^^^^^^^^^^^^^^^^^^^
        pool_request.request
        ^^^^^^^^^^^^^^^^^^^^
    )
    ^
  File "/home/nozimbek/Downloads/files (2)/.venv/lib/python3.14/site-packages/httpcore/_async/connection.py", line 101, in handle_async_request
    raise exc
  File "/home/nozimbek/Downloads/files (2)/.venv/lib/python3.14/site-packages/httpcore/_async/connection.py", line 78, in handle_async_request
    stream = await self._connect(request)
             ^^^^^^^^^^^^^^^^^^^^^^^^^^^^
  File "/home/nozimbek/Downloads/files (2)/.venv/lib/python3.14/site-packages/httpcore/_async/connection.py", line 124, in _connect
    stream = await self._network_backend.connect_tcp(**kwargs)
             ^^^^^^^^^^^^^^^^^^^^^^^^^^^^^^^^^^^^^^^^^^^^^^^^^
  File "/home/nozimbek/Downloads/files (2)/.venv/lib/python3.14/site-packages/httpcore/_backends/auto.py", line 31, in connect_tcp
    return await self._backend.connect_tcp(
           ^^^^^^^^^^^^^^^^^^^^^^^^^^^^^^^^
    ...<5 lines>...
    )
    ^
  File "/home/nozimbek/Downloads/files (2)/.venv/lib/python3.14/site-packages/httpcore/_backends/anyio.py", line 113, in connect_tcp
    with map_exceptions(exc_map):
         ~~~~~~~~~~~~~~^^^^^^^^^
  File "/usr/lib/python3.14/contextlib.py", line 162, in __exit__
    self.gen.throw(value)
    ~~~~~~~~~~~~~~^^^^^^^
  File "/home/nozimbek/Downloads/files (2)/.venv/lib/python3.14/site-packages/httpcore/_exceptions.py", line 14, in map_exceptions
    raise to_exc(exc) from exc
httpcore.ConnectError: [Errno -3] Temporary failure in name resolution

The above exception was the direct cause of the following exception:

Traceback (most recent call last):
  File "/home/nozimbek/Downloads/files (2)/.venv/lib/python3.14/site-packages/telegram/request/_httpxrequest.py", line 279, in do_request
    res = await self._client.request(
          ^^^^^^^^^^^^^^^^^^^^^^^^^^^
    ...<6 lines>...
    )
    ^
  File "/home/nozimbek/Downloads/files (2)/.venv/lib/python3.14/site-packages/httpx/_client.py", line 1540, in request
    return await self.send(request, auth=auth, follow_redirects=follow_redirects)
           ^^^^^^^^^^^^^^^^^^^^^^^^^^^^^^^^^^^^^^^^^^^^^^^^^^^^^^^^^^^^^^^^^^^^^^
  File "/home/nozimbek/Downloads/files (2)/.venv/lib/python3.14/site-packages/httpx/_client.py", line 1629, in send
    response = await self._send_handling_auth(
               ^^^^^^^^^^^^^^^^^^^^^^^^^^^^^^^
    ...<4 lines>...
    )
    ^
  File "/home/nozimbek/Downloads/files (2)/.venv/lib/python3.14/site-packages/httpx/_client.py", line 1657, in _send_handling_auth
    response = await self._send_handling_redirects(
               ^^^^^^^^^^^^^^^^^^^^^^^^^^^^^^^^^^^^
    ...<3 lines>...
    )
    ^
  File "/home/nozimbek/Downloads/files (2)/.venv/lib/python3.14/site-packages/httpx/_client.py", line 1694, in _send_handling_redirects
    response = await self._send_single_request(request)
               ^^^^^^^^^^^^^^^^^^^^^^^^^^^^^^^^^^^^^^^^
  File "/home/nozimbek/Downloads/files (2)/.venv/lib/python3.14/site-packages/httpx/_client.py", line 1730, in _send_single_request
    response = await transport.handle_async_request(request)
               ^^^^^^^^^^^^^^^^^^^^^^^^^^^^^^^^^^^^^^^^^^^^^
  File "/home/nozimbek/Downloads/files (2)/.venv/lib/python3.14/site-packages/httpx/_transports/default.py", line 393, in handle_async_request
    with map_httpcore_exceptions():
         ~~~~~~~~~~~~~~~~~~~~~~~^^
  File "/usr/lib/python3.14/contextlib.py", line 162, in __exit__
    self.gen.throw(value)
    ~~~~~~~~~~~~~~^^^^^^^
  File "/home/nozimbek/Downloads/files (2)/.venv/lib/python3.14/site-packages/httpx/_transports/default.py", line 118, in map_httpcore_exceptions
    raise mapped_exc(message) from exc
httpx.ConnectError: [Errno -3] Temporary failure in name resolution

The above exception was the direct cause of the following exception:

Traceback (most recent call last):
  File "/home/nozimbek/Downloads/files (2)/.venv/lib/python3.14/site-packages/telegram/ext/_utils/networkloop.py", line 161, in network_retry_loop
    await do_action()
  File "/home/nozimbek/Downloads/files (2)/.venv/lib/python3.14/site-packages/telegram/ext/_utils/networkloop.py", line 154, in do_action
    action_cb_task.result()
    ~~~~~~~~~~~~~~~~~~~~~^^
  File "/home/nozimbek/Downloads/files (2)/.venv/lib/python3.14/site-packages/telegram/ext/_updater.py", line 340, in polling_action_cb
    updates = await self.bot.get_updates(
              ^^^^^^^^^^^^^^^^^^^^^^^^^^^
    ...<3 lines>...
    )
    ^
  File "/home/nozimbek/Downloads/files (2)/.venv/lib/python3.14/site-packages/telegram/ext/_extbot.py", line 680, in get_updates
    updates = await super().get_updates(
              ^^^^^^^^^^^^^^^^^^^^^^^^^^
    ...<9 lines>...
    )
    ^
  File "/home/nozimbek/Downloads/files (2)/.venv/lib/python3.14/site-packages/telegram/_bot.py", line 4767, in get_updates
    await self._post(
    ^^^^^^^^^^^^^^^^^
    ...<7 lines>...
    ),
    ^
  File "/home/nozimbek/Downloads/files (2)/.venv/lib/python3.14/site-packages/telegram/_bot.py", line 712, in _post
    return await self._do_post(
           ^^^^^^^^^^^^^^^^^^^^
    ...<6 lines>...
    )
    ^
  File "/home/nozimbek/Downloads/files (2)/.venv/lib/python3.14/site-packages/telegram/ext/_extbot.py", line 378, in _do_post
    return await super()._do_post(
           ^^^^^^^^^^^^^^^^^^^^^^^
    ...<6 lines>...
    )
    ^
  File "/home/nozimbek/Downloads/files (2)/.venv/lib/python3.14/site-packages/telegram/_bot.py", line 741, in _do_post
    result = await request.post(
             ^^^^^^^^^^^^^^^^^^^
    ...<6 lines>...
    )
    ^
  File "/home/nozimbek/Downloads/files (2)/.venv/lib/python3.14/site-packages/telegram/request/_baserequest.py", line 198, in post
    result = await self._request_wrapper(
             ^^^^^^^^^^^^^^^^^^^^^^^^^^^^
    ...<7 lines>...
    )
    ^
  File "/home/nozimbek/Downloads/files (2)/.venv/lib/python3.14/site-packages/telegram/request/_baserequest.py", line 305, in _request_wrapper
    code, payload = await self.do_request(
                    ^^^^^^^^^^^^^^^^^^^^^^
    ...<7 lines>...
    )
    ^
  File "/home/nozimbek/Downloads/files (2)/.venv/lib/python3.14/site-packages/telegram/request/_httpxrequest.py", line 303, in do_request
    raise NetworkError(f"httpx.{err.__class__.__name__}: {err}") from err
telegram.error.NetworkError: httpx.ConnectError: [Errno -3] Temporary failure in name resolution
2026-09-10 00:15:47,433 - telegram.ext.Application - ERROR - No error handlers are registered, logging exception.
Traceback (most recent call last):
  File "/home/nozimbek/Downloads/files (2)/.venv/lib/python3.14/site-packages/httpx/_transports/default.py", line 101, in map_httpcore_exceptions
    yield
  File "/home/nozimbek/Downloads/files (2)/.venv/lib/python3.14/site-packages/httpx/_transports/default.py", line 394, in handle_async_request
    resp = await self._pool.handle_async_request(req)
           ^^^^^^^^^^^^^^^^^^^^^^^^^^^^^^^^^^^^^^^^^^
  File "/home/nozimbek/Downloads/files (2)/.venv/lib/python3.14/site-packages/httpcore/_async/connection_pool.py", line 256, in handle_async_request
    raise exc from None
  File "/home/nozimbek/Downloads/files (2)/.venv/lib/python3.14/site-packages/httpcore/_async/connection_pool.py", line 236, in handle_async_request
    response = await connection.handle_async_request(
               ^^^^^^^^^^^^^^^^^^^^^^^^^^^^^^^^^^^^^^
        pool_request.request
        ^^^^^^^^^^^^^^^^^^^^
    )
    ^
  File "/home/nozimbek/Downloads/files (2)/.venv/lib/python3.14/site-packages/httpcore/_async/connection.py", line 101, in handle_async_request
    raise exc
  File "/home/nozimbek/Downloads/files (2)/.venv/lib/python3.14/site-packages/httpcore/_async/connection.py", line 78, in handle_async_request
    stream = await self._connect(request)
             ^^^^^^^^^^^^^^^^^^^^^^^^^^^^
  File "/home/nozimbek/Downloads/files (2)/.venv/lib/python3.14/site-packages/httpcore/_async/connection.py", line 124, in _connect
    stream = await self._network_backend.connect_tcp(**kwargs)
             ^^^^^^^^^^^^^^^^^^^^^^^^^^^^^^^^^^^^^^^^^^^^^^^^^
  File "/home/nozimbek/Downloads/files (2)/.venv/lib/python3.14/site-packages/httpcore/_backends/auto.py", line 31, in connect_tcp
    return await self._backend.connect_tcp(
           ^^^^^^^^^^^^^^^^^^^^^^^^^^^^^^^^
    ...<5 lines>...
    )
    ^
  File "/home/nozimbek/Downloads/files (2)/.venv/lib/python3.14/site-packages/httpcore/_backends/anyio.py", line 113, in connect_tcp
    with map_exceptions(exc_map):
         ~~~~~~~~~~~~~~^^^^^^^^^
  File "/usr/lib/python3.14/contextlib.py", line 162, in __exit__
    self.gen.throw(value)
    ~~~~~~~~~~~~~~^^^^^^^
  File "/home/nozimbek/Downloads/files (2)/.venv/lib/python3.14/site-packages/httpcore/_exceptions.py", line 14, in map_exceptions
    raise to_exc(exc) from exc
httpcore.ConnectError: [Errno -3] Temporary failure in name resolution

The above exception was the direct cause of the following exception:

Traceback (most recent call last):
  File "/home/nozimbek/Downloads/files (2)/.venv/lib/python3.14/site-packages/telegram/request/_httpxrequest.py", line 279, in do_request
    res = await self._client.request(
          ^^^^^^^^^^^^^^^^^^^^^^^^^^^
    ...<6 lines>...
    )
    ^
  File "/home/nozimbek/Downloads/files (2)/.venv/lib/python3.14/site-packages/httpx/_client.py", line 1540, in request
    return await self.send(request, auth=auth, follow_redirects=follow_redirects)
           ^^^^^^^^^^^^^^^^^^^^^^^^^^^^^^^^^^^^^^^^^^^^^^^^^^^^^^^^^^^^^^^^^^^^^^
  File "/home/nozimbek/Downloads/files (2)/.venv/lib/python3.14/site-packages/httpx/_client.py", line 1629, in send
    response = await self._send_handling_auth(
               ^^^^^^^^^^^^^^^^^^^^^^^^^^^^^^^
    ...<4 lines>...
    )
    ^
  File "/home/nozimbek/Downloads/files (2)/.venv/lib/python3.14/site-packages/httpx/_client.py", line 1657, in _send_handling_auth
    response = await self._send_handling_redirects(
               ^^^^^^^^^^^^^^^^^^^^^^^^^^^^^^^^^^^^
    ...<3 lines>...
    )
    ^
  File "/home/nozimbek/Downloads/files (2)/.venv/lib/python3.14/site-packages/httpx/_client.py", line 1694, in _send_handling_redirects
    response = await self._send_single_request(request)
               ^^^^^^^^^^^^^^^^^^^^^^^^^^^^^^^^^^^^^^^^
  File "/home/nozimbek/Downloads/files (2)/.venv/lib/python3.14/site-packages/httpx/_client.py", line 1730, in _send_single_request
    response = await transport.handle_async_request(request)
               ^^^^^^^^^^^^^^^^^^^^^^^^^^^^^^^^^^^^^^^^^^^^^
  File "/home/nozimbek/Downloads/files (2)/.venv/lib/python3.14/site-packages/httpx/_transports/default.py", line 393, in handle_async_request
    with map_httpcore_exceptions():
         ~~~~~~~~~~~~~~~~~~~~~~~^^
  File "/usr/lib/python3.14/contextlib.py", line 162, in __exit__
    self.gen.throw(value)
    ~~~~~~~~~~~~~~^^^^^^^
  File "/home/nozimbek/Downloads/files (2)/.venv/lib/python3.14/site-packages/httpx/_transports/default.py", line 118, in map_httpcore_exceptions
    raise mapped_exc(message) from exc
httpx.ConnectError: [Errno -3] Temporary failure in name resolution

The above exception was the direct cause of the following exception:

Traceback (most recent call last):
  File "/home/nozimbek/Downloads/files (2)/.venv/lib/python3.14/site-packages/telegram/ext/_utils/networkloop.py", line 161, in network_retry_loop
    await do_action()
  File "/home/nozimbek/Downloads/files (2)/.venv/lib/python3.14/site-packages/telegram/ext/_utils/networkloop.py", line 154, in do_action
    action_cb_task.result()
    ~~~~~~~~~~~~~~~~~~~~~^^
  File "/home/nozimbek/Downloads/files (2)/.venv/lib/python3.14/site-packages/telegram/ext/_updater.py", line 340, in polling_action_cb
    updates = await self.bot.get_updates(
              ^^^^^^^^^^^^^^^^^^^^^^^^^^^
    ...<3 lines>...
    )
    ^
  File "/home/nozimbek/Downloads/files (2)/.venv/lib/python3.14/site-packages/telegram/ext/_extbot.py", line 680, in get_updates
    updates = await super().get_updates(
              ^^^^^^^^^^^^^^^^^^^^^^^^^^
    ...<9 lines>...
    )
    ^
  File "/home/nozimbek/Downloads/files (2)/.venv/lib/python3.14/site-packages/telegram/_bot.py", line 4767, in get_updates
    await self._post(
    ^^^^^^^^^^^^^^^^^
    ...<7 lines>...
    ),
    ^
  File "/home/nozimbek/Downloads/files (2)/.venv/lib/python3.14/site-packages/telegram/_bot.py", line 712, in _post
    return await self._do_post(
           ^^^^^^^^^^^^^^^^^^^^
    ...<6 lines>...
    )
    ^
  File "/home/nozimbek/Downloads/files (2)/.venv/lib/python3.14/site-packages/telegram/ext/_extbot.py", line 378, in _do_post
    return await super()._do_post(
           ^^^^^^^^^^^^^^^^^^^^^^^
    ...<6 lines>...
    )
    ^
  File "/home/nozimbek/Downloads/files (2)/.venv/lib/python3.14/site-packages/telegram/_bot.py", line 741, in _do_post
    result = await request.post(
             ^^^^^^^^^^^^^^^^^^^
    ...<6 lines>...
    )
    ^
  File "/home/nozimbek/Downloads/files (2)/.venv/lib/python3.14/site-packages/telegram/request/_baserequest.py", line 198, in post
    result = await self._request_wrapper(
             ^^^^^^^^^^^^^^^^^^^^^^^^^^^^
    ...<7 lines>...
    )
    ^
  File "/home/nozimbek/Downloads/files (2)/.venv/lib/python3.14/site-packages/telegram/request/_baserequest.py", line 305, in _request_wrapper
    code, payload = await self.do_request(
                    ^^^^^^^^^^^^^^^^^^^^^^
    ...<7 lines>...
    )
    ^
  File "/home/nozimbek/Downloads/files (2)/.venv/lib/python3.14/site-packages/telegram/request/_httpxrequest.py", line 303, in do_request
    raise NetworkError(f"httpx.{err.__class__.__name__}: {err}") from err
telegram.error.NetworkError: httpx.ConnectError: [Errno -3] Temporary failure in name resolution
2026-09-10 00:15:48,939 - telegram.ext.Application - ERROR - No error handlers are registered, logging exception.
Traceback (most recent call last):
  File "/home/nozimbek/Downloads/files (2)/.venv/lib/python3.14/site-packages/httpx/_transports/default.py", line 101, in map_httpcore_exceptions
    yield
  File "/home/nozimbek/Downloads/files (2)/.venv/lib/python3.14/site-packages/httpx/_transports/default.py", line 394, in handle_async_request
    resp = await self._pool.handle_async_request(req)
           ^^^^^^^^^^^^^^^^^^^^^^^^^^^^^^^^^^^^^^^^^^
  File "/home/nozimbek/Downloads/files (2)/.venv/lib/python3.14/site-packages/httpcore/_async/connection_pool.py", line 256, in handle_async_request
    raise exc from None
  File "/home/nozimbek/Downloads/files (2)/.venv/lib/python3.14/site-packages/httpcore/_async/connection_pool.py", line 236, in handle_async_request
    response = await connection.handle_async_request(
               ^^^^^^^^^^^^^^^^^^^^^^^^^^^^^^^^^^^^^^
        pool_request.request
        ^^^^^^^^^^^^^^^^^^^^
    )
    ^
  File "/home/nozimbek/Downloads/files (2)/.venv/lib/python3.14/site-packages/httpcore/_async/connection.py", line 101, in handle_async_request
    raise exc
  File "/home/nozimbek/Downloads/files (2)/.venv/lib/python3.14/site-packages/httpcore/_async/connection.py", line 78, in handle_async_request
    stream = await self._connect(request)
             ^^^^^^^^^^^^^^^^^^^^^^^^^^^^
  File "/home/nozimbek/Downloads/files (2)/.venv/lib/python3.14/site-packages/httpcore/_async/connection.py", line 124, in _connect
    stream = await self._network_backend.connect_tcp(**kwargs)
             ^^^^^^^^^^^^^^^^^^^^^^^^^^^^^^^^^^^^^^^^^^^^^^^^^
  File "/home/nozimbek/Downloads/files (2)/.venv/lib/python3.14/site-packages/httpcore/_backends/auto.py", line 31, in connect_tcp
    return await self._backend.connect_tcp(
           ^^^^^^^^^^^^^^^^^^^^^^^^^^^^^^^^
    ...<5 lines>...
    )
    ^
  File "/home/nozimbek/Downloads/files (2)/.venv/lib/python3.14/site-packages/httpcore/_backends/anyio.py", line 113, in connect_tcp
    with map_exceptions(exc_map):
         ~~~~~~~~~~~~~~^^^^^^^^^
  File "/usr/lib/python3.14/contextlib.py", line 162, in __exit__
    self.gen.throw(value)
    ~~~~~~~~~~~~~~^^^^^^^
  File "/home/nozimbek/Downloads/files (2)/.venv/lib/python3.14/site-packages/httpcore/_exceptions.py", line 14, in map_exceptions
    raise to_exc(exc) from exc
httpcore.ConnectError: [Errno -3] Temporary failure in name resolution

The above exception was the direct cause of the following exception:

Traceback (most recent call last):
  File "/home/nozimbek/Downloads/files (2)/.venv/lib/python3.14/site-packages/telegram/request/_httpxrequest.py", line 279, in do_request
    res = await self._client.request(
          ^^^^^^^^^^^^^^^^^^^^^^^^^^^
    ...<6 lines>...
    )
    ^
  File "/home/nozimbek/Downloads/files (2)/.venv/lib/python3.14/site-packages/httpx/_client.py", line 1540, in request
    return await self.send(request, auth=auth, follow_redirects=follow_redirects)
           ^^^^^^^^^^^^^^^^^^^^^^^^^^^^^^^^^^^^^^^^^^^^^^^^^^^^^^^^^^^^^^^^^^^^^^
  File "/home/nozimbek/Downloads/files (2)/.venv/lib/python3.14/site-packages/httpx/_client.py", line 1629, in send
    response = await self._send_handling_auth(
               ^^^^^^^^^^^^^^^^^^^^^^^^^^^^^^^
    ...<4 lines>...
    )
    ^
  File "/home/nozimbek/Downloads/files (2)/.venv/lib/python3.14/site-packages/httpx/_client.py", line 1657, in _send_handling_auth
    response = await self._send_handling_redirects(
               ^^^^^^^^^^^^^^^^^^^^^^^^^^^^^^^^^^^^
    ...<3 lines>...
    )
    ^
  File "/home/nozimbek/Downloads/files (2)/.venv/lib/python3.14/site-packages/httpx/_client.py", line 1694, in _send_handling_redirects
    response = await self._send_single_request(request)
               ^^^^^^^^^^^^^^^^^^^^^^^^^^^^^^^^^^^^^^^^
  File "/home/nozimbek/Downloads/files (2)/.venv/lib/python3.14/site-packages/httpx/_client.py", line 1730, in _send_single_request
    response = await transport.handle_async_request(request)
               ^^^^^^^^^^^^^^^^^^^^^^^^^^^^^^^^^^^^^^^^^^^^^
  File "/home/nozimbek/Downloads/files (2)/.venv/lib/python3.14/site-packages/httpx/_transports/default.py", line 393, in handle_async_request
    with map_httpcore_exceptions():
         ~~~~~~~~~~~~~~~~~~~~~~~^^
  File "/usr/lib/python3.14/contextlib.py", line 162, in __exit__
    self.gen.throw(value)
    ~~~~~~~~~~~~~~^^^^^^^
  File "/home/nozimbek/Downloads/files (2)/.venv/lib/python3.14/site-packages/httpx/_transports/default.py", line 118, in map_httpcore_exceptions
    raise mapped_exc(message) from exc
httpx.ConnectError: [Errno -3] Temporary failure in name resolution

The above exception was the direct cause of the following exception:

Traceback (most recent call last):
  File "/home/nozimbek/Downloads/files (2)/.venv/lib/python3.14/site-packages/telegram/ext/_utils/networkloop.py", line 161, in network_retry_loop
    await do_action()
  File "/home/nozimbek/Downloads/files (2)/.venv/lib/python3.14/site-packages/telegram/ext/_utils/networkloop.py", line 154, in do_action
    action_cb_task.result()
    ~~~~~~~~~~~~~~~~~~~~~^^
  File "/home/nozimbek/Downloads/files (2)/.venv/lib/python3.14/site-packages/telegram/ext/_updater.py", line 340, in polling_action_cb
    updates = await self.bot.get_updates(
              ^^^^^^^^^^^^^^^^^^^^^^^^^^^
    ...<3 lines>...
    )
    ^
  File "/home/nozimbek/Downloads/files (2)/.venv/lib/python3.14/site-packages/telegram/ext/_extbot.py", line 680, in get_updates
    updates = await super().get_updates(
              ^^^^^^^^^^^^^^^^^^^^^^^^^^
    ...<9 lines>...
    )
    ^
  File "/home/nozimbek/Downloads/files (2)/.venv/lib/python3.14/site-packages/telegram/_bot.py", line 4767, in get_updates
    await self._post(
    ^^^^^^^^^^^^^^^^^
    ...<7 lines>...
    ),
    ^
  File "/home/nozimbek/Downloads/files (2)/.venv/lib/python3.14/site-packages/telegram/_bot.py", line 712, in _post
    return await self._do_post(
           ^^^^^^^^^^^^^^^^^^^^
    ...<6 lines>...
    )
    ^
  File "/home/nozimbek/Downloads/files (2)/.venv/lib/python3.14/site-packages/telegram/ext/_extbot.py", line 378, in _do_post
    return await super()._do_post(
           ^^^^^^^^^^^^^^^^^^^^^^^
    ...<6 lines>...
    )
    ^
  File "/home/nozimbek/Downloads/files (2)/.venv/lib/python3.14/site-packages/telegram/_bot.py", line 741, in _do_post
    result = await request.post(
             ^^^^^^^^^^^^^^^^^^^
    ...<6 lines>...
    )
    ^
  File "/home/nozimbek/Downloads/files (2)/.venv/lib/python3.14/site-packages/telegram/request/_baserequest.py", line 198, in post
    result = await self._request_wrapper(
             ^^^^^^^^^^^^^^^^^^^^^^^^^^^^
    ...<7 lines>...
    )
    ^
  File "/home/nozimbek/Downloads/files (2)/.venv/lib/python3.14/site-packages/telegram/request/_baserequest.py", line 305, in _request_wrapper
    code, payload = await self.do_request(
                    ^^^^^^^^^^^^^^^^^^^^^^
    ...<7 lines>...
    )
    ^
  File "/home/nozimbek/Downloads/files (2)/.venv/lib/python3.14/site-packages/telegram/request/_httpxrequest.py", line 303, in do_request
    raise NetworkError(f"httpx.{err.__class__.__name__}: {err}") from err
telegram.error.NetworkError: httpx.ConnectError: [Errno -3] Temporary failure in name resolution
2026-09-10 00:15:51,194 - telegram.ext.Application - ERROR - No error handlers are registered, logging exception.
Traceback (most recent call last):
  File "/home/nozimbek/Downloads/files (2)/.venv/lib/python3.14/site-packages/httpx/_transports/default.py", line 101, in map_httpcore_exceptions
    yield
  File "/home/nozimbek/Downloads/files (2)/.venv/lib/python3.14/site-packages/httpx/_transports/default.py", line 394, in handle_async_request
    resp = await self._pool.handle_async_request(req)
           ^^^^^^^^^^^^^^^^^^^^^^^^^^^^^^^^^^^^^^^^^^
  File "/home/nozimbek/Downloads/files (2)/.venv/lib/python3.14/site-packages/httpcore/_async/connection_pool.py", line 256, in handle_async_request
    raise exc from None
  File "/home/nozimbek/Downloads/files (2)/.venv/lib/python3.14/site-packages/httpcore/_async/connection_pool.py", line 236, in handle_async_request
    response = await connection.handle_async_request(
               ^^^^^^^^^^^^^^^^^^^^^^^^^^^^^^^^^^^^^^
        pool_request.request
        ^^^^^^^^^^^^^^^^^^^^
    )
    ^
  File "/home/nozimbek/Downloads/files (2)/.venv/lib/python3.14/site-packages/httpcore/_async/connection.py", line 101, in handle_async_request
    raise exc
  File "/home/nozimbek/Downloads/files (2)/.venv/lib/python3.14/site-packages/httpcore/_async/connection.py", line 78, in handle_async_request
    stream = await self._connect(request)
             ^^^^^^^^^^^^^^^^^^^^^^^^^^^^
  File "/home/nozimbek/Downloads/files (2)/.venv/lib/python3.14/site-packages/httpcore/_async/connection.py", line 124, in _connect
    stream = await self._network_backend.connect_tcp(**kwargs)
             ^^^^^^^^^^^^^^^^^^^^^^^^^^^^^^^^^^^^^^^^^^^^^^^^^
  File "/home/nozimbek/Downloads/files (2)/.venv/lib/python3.14/site-packages/httpcore/_backends/auto.py", line 31, in connect_tcp
    return await self._backend.connect_tcp(
           ^^^^^^^^^^^^^^^^^^^^^^^^^^^^^^^^
    ...<5 lines>...
    )
    ^
  File "/home/nozimbek/Downloads/files (2)/.venv/lib/python3.14/site-packages/httpcore/_backends/anyio.py", line 113, in connect_tcp
    with map_exceptions(exc_map):
         ~~~~~~~~~~~~~~^^^^^^^^^
  File "/usr/lib/python3.14/contextlib.py", line 162, in __exit__
    self.gen.throw(value)
    ~~~~~~~~~~~~~~^^^^^^^
  File "/home/nozimbek/Downloads/files (2)/.venv/lib/python3.14/site-packages/httpcore/_exceptions.py", line 14, in map_exceptions
    raise to_exc(exc) from exc
httpcore.ConnectError: [Errno -3] Temporary failure in name resolution

The above exception was the direct cause of the following exception:

Traceback (most recent call last):
  File "/home/nozimbek/Downloads/files (2)/.venv/lib/python3.14/site-packages/telegram/request/_httpxrequest.py", line 279, in do_request
    res = await self._client.request(
          ^^^^^^^^^^^^^^^^^^^^^^^^^^^
    ...<6 lines>...
    )
    ^
  File "/home/nozimbek/Downloads/files (2)/.venv/lib/python3.14/site-packages/httpx/_client.py", line 1540, in request
    return await self.send(request, auth=auth, follow_redirects=follow_redirects)
           ^^^^^^^^^^^^^^^^^^^^^^^^^^^^^^^^^^^^^^^^^^^^^^^^^^^^^^^^^^^^^^^^^^^^^^
  File "/home/nozimbek/Downloads/files (2)/.venv/lib/python3.14/site-packages/httpx/_client.py", line 1629, in send
    response = await self._send_handling_auth(
               ^^^^^^^^^^^^^^^^^^^^^^^^^^^^^^^
    ...<4 lines>...
    )
    ^
  File "/home/nozimbek/Downloads/files (2)/.venv/lib/python3.14/site-packages/httpx/_client.py", line 1657, in _send_handling_auth
    response = await self._send_handling_redirects(
               ^^^^^^^^^^^^^^^^^^^^^^^^^^^^^^^^^^^^
    ...<3 lines>...
    )
    ^
  File "/home/nozimbek/Downloads/files (2)/.venv/lib/python3.14/site-packages/httpx/_client.py", line 1694, in _send_handling_redirects
    response = await self._send_single_request(request)
               ^^^^^^^^^^^^^^^^^^^^^^^^^^^^^^^^^^^^^^^^
  File "/home/nozimbek/Downloads/files (2)/.venv/lib/python3.14/site-packages/httpx/_client.py", line 1730, in _send_single_request
    response = await transport.handle_async_request(request)
               ^^^^^^^^^^^^^^^^^^^^^^^^^^^^^^^^^^^^^^^^^^^^^
  File "/home/nozimbek/Downloads/files (2)/.venv/lib/python3.14/site-packages/httpx/_transports/default.py", line 393, in handle_async_request
    with map_httpcore_exceptions():
         ~~~~~~~~~~~~~~~~~~~~~~~^^
  File "/usr/lib/python3.14/contextlib.py", line 162, in __exit__
    self.gen.throw(value)
    ~~~~~~~~~~~~~~^^^^^^^
  File "/home/nozimbek/Downloads/files (2)/.venv/lib/python3.14/site-packages/httpx/_transports/default.py", line 118, in map_httpcore_exceptions
    raise mapped_exc(message) from exc
httpx.ConnectError: [Errno -3] Temporary failure in name resolution

The above exception was the direct cause of the following exception:

Traceback (most recent call last):
  File "/home/nozimbek/Downloads/files (2)/.venv/lib/python3.14/site-packages/telegram/ext/_utils/networkloop.py", line 161, in network_retry_loop
    await do_action()
  File "/home/nozimbek/Downloads/files (2)/.venv/lib/python3.14/site-packages/telegram/ext/_utils/networkloop.py", line 154, in do_action
    action_cb_task.result()
    ~~~~~~~~~~~~~~~~~~~~~^^
  File "/home/nozimbek/Downloads/files (2)/.venv/lib/python3.14/site-packages/telegram/ext/_updater.py", line 340, in polling_action_cb
    updates = await self.bot.get_updates(
              ^^^^^^^^^^^^^^^^^^^^^^^^^^^
    ...<3 lines>...
    )
    ^
  File "/home/nozimbek/Downloads/files (2)/.venv/lib/python3.14/site-packages/telegram/ext/_extbot.py", line 680, in get_updates
    updates = await super().get_updates(
              ^^^^^^^^^^^^^^^^^^^^^^^^^^
    ...<9 lines>...
    )
    ^
  File "/home/nozimbek/Downloads/files (2)/.venv/lib/python3.14/site-packages/telegram/_bot.py", line 4767, in get_updates
    await self._post(
    ^^^^^^^^^^^^^^^^^
    ...<7 lines>...
    ),
    ^
  File "/home/nozimbek/Downloads/files (2)/.venv/lib/python3.14/site-packages/telegram/_bot.py", line 712, in _post
    return await self._do_post(
           ^^^^^^^^^^^^^^^^^^^^
    ...<6 lines>...
    )
    ^
  File "/home/nozimbek/Downloads/files (2)/.venv/lib/python3.14/site-packages/telegram/ext/_extbot.py", line 378, in _do_post
    return await super()._do_post(
           ^^^^^^^^^^^^^^^^^^^^^^^
    ...<6 lines>...
    )
    ^
  File "/home/nozimbek/Downloads/files (2)/.venv/lib/python3.14/site-packages/telegram/_bot.py", line 741, in _do_post
    result = await request.post(
             ^^^^^^^^^^^^^^^^^^^
    ...<6 lines>...
    )
    ^
  File "/home/nozimbek/Downloads/files (2)/.venv/lib/python3.14/site-packages/telegram/request/_baserequest.py", line 198, in post
    result = await self._request_wrapper(
             ^^^^^^^^^^^^^^^^^^^^^^^^^^^^
    ...<7 lines>...
    )
    ^
  File "/home/nozimbek/Downloads/files (2)/.venv/lib/python3.14/site-packages/telegram/request/_baserequest.py", line 305, in _request_wrapper
    code, payload = await self.do_request(
                    ^^^^^^^^^^^^^^^^^^^^^^
    ...<7 lines>...
    )
    ^
  File "/home/nozimbek/Downloads/files (2)/.venv/lib/python3.14/site-packages/telegram/request/_httpxrequest.py", line 303, in do_request
    raise NetworkError(f"httpx.{err.__class__.__name__}: {err}") from err
telegram.error.NetworkError: httpx.ConnectError: [Errno -3] Temporary failure in name resolution
2026-09-10 00:15:54,576 - telegram.ext.Application - ERROR - No error handlers are registered, logging exception.
Traceback (most recent call last):
  File "/home/nozimbek/Downloads/files (2)/.venv/lib/python3.14/site-packages/httpx/_transports/default.py", line 101, in map_httpcore_exceptions
    yield
  File "/home/nozimbek/Downloads/files (2)/.venv/lib/python3.14/site-packages/httpx/_transports/default.py", line 394, in handle_async_request
    resp = await self._pool.handle_async_request(req)
           ^^^^^^^^^^^^^^^^^^^^^^^^^^^^^^^^^^^^^^^^^^
  File "/home/nozimbek/Downloads/files (2)/.venv/lib/python3.14/site-packages/httpcore/_async/connection_pool.py", line 256, in handle_async_request
    raise exc from None
  File "/home/nozimbek/Downloads/files (2)/.venv/lib/python3.14/site-packages/httpcore/_async/connection_pool.py", line 236, in handle_async_request
    response = await connection.handle_async_request(
               ^^^^^^^^^^^^^^^^^^^^^^^^^^^^^^^^^^^^^^
        pool_request.request
        ^^^^^^^^^^^^^^^^^^^^
    )
    ^
  File "/home/nozimbek/Downloads/files (2)/.venv/lib/python3.14/site-packages/httpcore/_async/connection.py", line 101, in handle_async_request
    raise exc
  File "/home/nozimbek/Downloads/files (2)/.venv/lib/python3.14/site-packages/httpcore/_async/connection.py", line 78, in handle_async_request
    stream = await self._connect(request)
             ^^^^^^^^^^^^^^^^^^^^^^^^^^^^
  File "/home/nozimbek/Downloads/files (2)/.venv/lib/python3.14/site-packages/httpcore/_async/connection.py", line 124, in _connect
    stream = await self._network_backend.connect_tcp(**kwargs)
             ^^^^^^^^^^^^^^^^^^^^^^^^^^^^^^^^^^^^^^^^^^^^^^^^^
  File "/home/nozimbek/Downloads/files (2)/.venv/lib/python3.14/site-packages/httpcore/_backends/auto.py", line 31, in connect_tcp
    return await self._backend.connect_tcp(
           ^^^^^^^^^^^^^^^^^^^^^^^^^^^^^^^^
    ...<5 lines>...
    )
    ^
  File "/home/nozimbek/Downloads/files (2)/.venv/lib/python3.14/site-packages/httpcore/_backends/anyio.py", line 113, in connect_tcp
    with map_exceptions(exc_map):
         ~~~~~~~~~~~~~~^^^^^^^^^
  File "/usr/lib/python3.14/contextlib.py", line 162, in __exit__
    self.gen.throw(value)
    ~~~~~~~~~~~~~~^^^^^^^
  File "/home/nozimbek/Downloads/files (2)/.venv/lib/python3.14/site-packages/httpcore/_exceptions.py", line 14, in map_exceptions
    raise to_exc(exc) from exc
httpcore.ConnectError: [Errno -3] Temporary failure in name resolution

The above exception was the direct cause of the following exception:

Traceback (most recent call last):
  File "/home/nozimbek/Downloads/files (2)/.venv/lib/python3.14/site-packages/telegram/request/_httpxrequest.py", line 279, in do_request
    res = await self._client.request(
          ^^^^^^^^^^^^^^^^^^^^^^^^^^^
    ...<6 lines>...
    )
    ^
  File "/home/nozimbek/Downloads/files (2)/.venv/lib/python3.14/site-packages/httpx/_client.py", line 1540, in request
    return await self.send(request, auth=auth, follow_redirects=follow_redirects)
           ^^^^^^^^^^^^^^^^^^^^^^^^^^^^^^^^^^^^^^^^^^^^^^^^^^^^^^^^^^^^^^^^^^^^^^
  File "/home/nozimbek/Downloads/files (2)/.venv/lib/python3.14/site-packages/httpx/_client.py", line 1629, in send
    response = await self._send_handling_auth(
               ^^^^^^^^^^^^^^^^^^^^^^^^^^^^^^^
    ...<4 lines>...
    )
    ^
  File "/home/nozimbek/Downloads/files (2)/.venv/lib/python3.14/site-packages/httpx/_client.py", line 1657, in _send_handling_auth
    response = await self._send_handling_redirects(
               ^^^^^^^^^^^^^^^^^^^^^^^^^^^^^^^^^^^^
    ...<3 lines>...
    )
    ^
  File "/home/nozimbek/Downloads/files (2)/.venv/lib/python3.14/site-packages/httpx/_client.py", line 1694, in _send_handling_redirects
    response = await self._send_single_request(request)
               ^^^^^^^^^^^^^^^^^^^^^^^^^^^^^^^^^^^^^^^^
  File "/home/nozimbek/Downloads/files (2)/.venv/lib/python3.14/site-packages/httpx/_client.py", line 1730, in _send_single_request
    response = await transport.handle_async_request(request)
               ^^^^^^^^^^^^^^^^^^^^^^^^^^^^^^^^^^^^^^^^^^^^^
  File "/home/nozimbek/Downloads/files (2)/.venv/lib/python3.14/site-packages/httpx/_transports/default.py", line 393, in handle_async_request
    with map_httpcore_exceptions():
         ~~~~~~~~~~~~~~~~~~~~~~~^^
  File "/usr/lib/python3.14/contextlib.py", line 162, in __exit__
    self.gen.throw(value)
    ~~~~~~~~~~~~~~^^^^^^^
  File "/home/nozimbek/Downloads/files (2)/.venv/lib/python3.14/site-packages/httpx/_transports/default.py", line 118, in map_httpcore_exceptions
    raise mapped_exc(message) from exc
httpx.ConnectError: [Errno -3] Temporary failure in name resolution

The above exception was the direct cause of the following exception:

Traceback (most recent call last):
  File "/home/nozimbek/Downloads/files (2)/.venv/lib/python3.14/site-packages/telegram/ext/_utils/networkloop.py", line 161, in network_retry_loop
    await do_action()
  File "/home/nozimbek/Downloads/files (2)/.venv/lib/python3.14/site-packages/telegram/ext/_utils/networkloop.py", line 154, in do_action
    action_cb_task.result()
    ~~~~~~~~~~~~~~~~~~~~~^^
  File "/home/nozimbek/Downloads/files (2)/.venv/lib/python3.14/site-packages/telegram/ext/_updater.py", line 340, in polling_action_cb
    updates = await self.bot.get_updates(
              ^^^^^^^^^^^^^^^^^^^^^^^^^^^
    ...<3 lines>...
    )
    ^
  File "/home/nozimbek/Downloads/files (2)/.venv/lib/python3.14/site-packages/telegram/ext/_extbot.py", line 680, in get_updates
    updates = await super().get_updates(
              ^^^^^^^^^^^^^^^^^^^^^^^^^^
    ...<9 lines>...
    )
    ^
  File "/home/nozimbek/Downloads/files (2)/.venv/lib/python3.14/site-packages/telegram/_bot.py", line 4767, in get_updates
    await self._post(
    ^^^^^^^^^^^^^^^^^
    ...<7 lines>...
    ),
    ^
  File "/home/nozimbek/Downloads/files (2)/.venv/lib/python3.14/site-packages/telegram/_bot.py", line 712, in _post
    return await self._do_post(
           ^^^^^^^^^^^^^^^^^^^^
    ...<6 lines>...
    )
    ^
  File "/home/nozimbek/Downloads/files (2)/.venv/lib/python3.14/site-packages/telegram/ext/_extbot.py", line 378, in _do_post
    return await super()._do_post(
           ^^^^^^^^^^^^^^^^^^^^^^^
    ...<6 lines>...
    )
    ^
  File "/home/nozimbek/Downloads/files (2)/.venv/lib/python3.14/site-packages/telegram/_bot.py", line 741, in _do_post
    result = await request.post(
             ^^^^^^^^^^^^^^^^^^^
    ...<6 lines>...
    )
    ^
  File "/home/nozimbek/Downloads/files (2)/.venv/lib/python3.14/site-packages/telegram/request/_baserequest.py", line 198, in post
    result = await self._request_wrapper(
             ^^^^^^^^^^^^^^^^^^^^^^^^^^^^
    ...<7 lines>...
    )
    ^
  File "/home/nozimbek/Downloads/files (2)/.venv/lib/python3.14/site-packages/telegram/request/_baserequest.py", line 305, in _request_wrapper
    code, payload = await self.do_request(
                    ^^^^^^^^^^^^^^^^^^^^^^
    ...<7 lines>...
    )
    ^
  File "/home/nozimbek/Downloads/files (2)/.venv/lib/python3.14/site-packages/telegram/request/_httpxrequest.py", line 303, in do_request
    raise NetworkError(f"httpx.{err.__class__.__name__}: {err}") from err
telegram.error.NetworkError: httpx.ConnectError: [Errno -3] Temporary failure in name resolution
2026-09-10 00:15:59,647 - telegram.ext.Application - ERROR - No error handlers are registered, logging exception.
Traceback (most recent call last):
  File "/home/nozimbek/Downloads/files (2)/.venv/lib/python3.14/site-packages/httpx/_transports/default.py", line 101, in map_httpcore_exceptions
    yield
  File "/home/nozimbek/Downloads/files (2)/.venv/lib/python3.14/site-packages/httpx/_transports/default.py", line 394, in handle_async_request
    resp = await self._pool.handle_async_request(req)
           ^^^^^^^^^^^^^^^^^^^^^^^^^^^^^^^^^^^^^^^^^^
  File "/home/nozimbek/Downloads/files (2)/.venv/lib/python3.14/site-packages/httpcore/_async/connection_pool.py", line 256, in handle_async_request
    raise exc from None
  File "/home/nozimbek/Downloads/files (2)/.venv/lib/python3.14/site-packages/httpcore/_async/connection_pool.py", line 236, in handle_async_request
    response = await connection.handle_async_request(
               ^^^^^^^^^^^^^^^^^^^^^^^^^^^^^^^^^^^^^^
        pool_request.request
        ^^^^^^^^^^^^^^^^^^^^
    )
    ^
  File "/home/nozimbek/Downloads/files (2)/.venv/lib/python3.14/site-packages/httpcore/_async/connection.py", line 101, in handle_async_request
    raise exc
  File "/home/nozimbek/Downloads/files (2)/.venv/lib/python3.14/site-packages/httpcore/_async/connection.py", line 78, in handle_async_request
    stream = await self._connect(request)
             ^^^^^^^^^^^^^^^^^^^^^^^^^^^^
  File "/home/nozimbek/Downloads/files (2)/.venv/lib/python3.14/site-packages/httpcore/_async/connection.py", line 124, in _connect
    stream = await self._network_backend.connect_tcp(**kwargs)
             ^^^^^^^^^^^^^^^^^^^^^^^^^^^^^^^^^^^^^^^^^^^^^^^^^
  File "/home/nozimbek/Downloads/files (2)/.venv/lib/python3.14/site-packages/httpcore/_backends/auto.py", line 31, in connect_tcp
    return await self._backend.connect_tcp(
           ^^^^^^^^^^^^^^^^^^^^^^^^^^^^^^^^
    ...<5 lines>...
    )
    ^
  File "/home/nozimbek/Downloads/files (2)/.venv/lib/python3.14/site-packages/httpcore/_backends/anyio.py", line 113, in connect_tcp
    with map_exceptions(exc_map):
         ~~~~~~~~~~~~~~^^^^^^^^^
  File "/usr/lib/python3.14/contextlib.py", line 162, in __exit__
    self.gen.throw(value)
    ~~~~~~~~~~~~~~^^^^^^^
  File "/home/nozimbek/Downloads/files (2)/.venv/lib/python3.14/site-packages/httpcore/_exceptions.py", line 14, in map_exceptions
    raise to_exc(exc) from exc
httpcore.ConnectError: [Errno -3] Temporary failure in name resolution

The above exception was the direct cause of the following exception:

Traceback (most recent call last):
  File "/home/nozimbek/Downloads/files (2)/.venv/lib/python3.14/site-packages/telegram/request/_httpxrequest.py", line 279, in do_request
    res = await self._client.request(
          ^^^^^^^^^^^^^^^^^^^^^^^^^^^
    ...<6 lines>...
    )
    ^
  File "/home/nozimbek/Downloads/files (2)/.venv/lib/python3.14/site-packages/httpx/_client.py", line 1540, in request
    return await self.send(request, auth=auth, follow_redirects=follow_redirects)
           ^^^^^^^^^^^^^^^^^^^^^^^^^^^^^^^^^^^^^^^^^^^^^^^^^^^^^^^^^^^^^^^^^^^^^^
  File "/home/nozimbek/Downloads/files (2)/.venv/lib/python3.14/site-packages/httpx/_client.py", line 1629, in send
    response = await self._send_handling_auth(
               ^^^^^^^^^^^^^^^^^^^^^^^^^^^^^^^
    ...<4 lines>...
    )
    ^
  File "/home/nozimbek/Downloads/files (2)/.venv/lib/python3.14/site-packages/httpx/_client.py", line 1657, in _send_handling_auth
    response = await self._send_handling_redirects(
               ^^^^^^^^^^^^^^^^^^^^^^^^^^^^^^^^^^^^
    ...<3 lines>...
    )
    ^
  File "/home/nozimbek/Downloads/files (2)/.venv/lib/python3.14/site-packages/httpx/_client.py", line 1694, in _send_handling_redirects
    response = await self._send_single_request(request)
               ^^^^^^^^^^^^^^^^^^^^^^^^^^^^^^^^^^^^^^^^
  File "/home/nozimbek/Downloads/files (2)/.venv/lib/python3.14/site-packages/httpx/_client.py", line 1730, in _send_single_request
    response = await transport.handle_async_request(request)
               ^^^^^^^^^^^^^^^^^^^^^^^^^^^^^^^^^^^^^^^^^^^^^
  File "/home/nozimbek/Downloads/files (2)/.venv/lib/python3.14/site-packages/httpx/_transports/default.py", line 393, in handle_async_request
    with map_httpcore_exceptions():
         ~~~~~~~~~~~~~~~~~~~~~~~^^
  File "/usr/lib/python3.14/contextlib.py", line 162, in __exit__
    self.gen.throw(value)
    ~~~~~~~~~~~~~~^^^^^^^
  File "/home/nozimbek/Downloads/files (2)/.venv/lib/python3.14/site-packages/httpx/_transports/default.py", line 118, in map_httpcore_exceptions
    raise mapped_exc(message) from exc
httpx.ConnectError: [Errno -3] Temporary failure in name resolution

The above exception was the direct cause of the following exception:

Traceback (most recent call last):
  File "/home/nozimbek/Downloads/files (2)/.venv/lib/python3.14/site-packages/telegram/ext/_utils/networkloop.py", line 161, in network_retry_loop
    await do_action()
  File "/home/nozimbek/Downloads/files (2)/.venv/lib/python3.14/site-packages/telegram/ext/_utils/networkloop.py", line 154, in do_action
    action_cb_task.result()
    ~~~~~~~~~~~~~~~~~~~~~^^
  File "/home/nozimbek/Downloads/files (2)/.venv/lib/python3.14/site-packages/telegram/ext/_updater.py", line 340, in polling_action_cb
    updates = await self.bot.get_updates(
              ^^^^^^^^^^^^^^^^^^^^^^^^^^^
    ...<3 lines>...
    )
    ^
  File "/home/nozimbek/Downloads/files (2)/.venv/lib/python3.14/site-packages/telegram/ext/_extbot.py", line 680, in get_updates
    updates = await super().get_updates(
              ^^^^^^^^^^^^^^^^^^^^^^^^^^
    ...<9 lines>...
    )
    ^
  File "/home/nozimbek/Downloads/files (2)/.venv/lib/python3.14/site-packages/telegram/_bot.py", line 4767, in get_updates
    await self._post(
    ^^^^^^^^^^^^^^^^^
    ...<7 lines>...
    ),
    ^
  File "/home/nozimbek/Downloads/files (2)/.venv/lib/python3.14/site-packages/telegram/_bot.py", line 712, in _post
    return await self._do_post(
           ^^^^^^^^^^^^^^^^^^^^
    ...<6 lines>...
    )
    ^
  File "/home/nozimbek/Downloads/files (2)/.venv/lib/python3.14/site-packages/telegram/ext/_extbot.py", line 378, in _do_post
    return await super()._do_post(
           ^^^^^^^^^^^^^^^^^^^^^^^
    ...<6 lines>...
    )
    ^
  File "/home/nozimbek/Downloads/files (2)/.venv/lib/python3.14/site-packages/telegram/_bot.py", line 741, in _do_post
    result = await request.post(
             ^^^^^^^^^^^^^^^^^^^
    ...<6 lines>...
    )
    ^
  File "/home/nozimbek/Downloads/files (2)/.venv/lib/python3.14/site-packages/telegram/request/_baserequest.py", line 198, in post
    result = await self._request_wrapper(
             ^^^^^^^^^^^^^^^^^^^^^^^^^^^^
    ...<7 lines>...
    )
    ^
  File "/home/nozimbek/Downloads/files (2)/.venv/lib/python3.14/site-packages/telegram/request/_baserequest.py", line 305, in _request_wrapper
    code, payload = await self.do_request(
                    ^^^^^^^^^^^^^^^^^^^^^^
    ...<7 lines>...
    )
    ^
  File "/home/nozimbek/Downloads/files (2)/.venv/lib/python3.14/site-packages/telegram/request/_httpxrequest.py", line 303, in do_request
    raise NetworkError(f"httpx.{err.__class__.__name__}: {err}") from err
telegram.error.NetworkError: httpx.ConnectError: [Errno -3] Temporary failure in name resolution
2026-09-10 00:16:07,253 - telegram.ext.Application - ERROR - No error handlers are registered, logging exception.
Traceback (most recent call last):
  File "/home/nozimbek/Downloads/files (2)/.venv/lib/python3.14/site-packages/httpx/_transports/default.py", line 101, in map_httpcore_exceptions
    yield
  File "/home/nozimbek/Downloads/files (2)/.venv/lib/python3.14/site-packages/httpx/_transports/default.py", line 394, in handle_async_request
    resp = await self._pool.handle_async_request(req)
           ^^^^^^^^^^^^^^^^^^^^^^^^^^^^^^^^^^^^^^^^^^
  File "/home/nozimbek/Downloads/files (2)/.venv/lib/python3.14/site-packages/httpcore/_async/connection_pool.py", line 256, in handle_async_request
    raise exc from None
  File "/home/nozimbek/Downloads/files (2)/.venv/lib/python3.14/site-packages/httpcore/_async/connection_pool.py", line 236, in handle_async_request
    response = await connection.handle_async_request(
               ^^^^^^^^^^^^^^^^^^^^^^^^^^^^^^^^^^^^^^
        pool_request.request
        ^^^^^^^^^^^^^^^^^^^^
    )
    ^
  File "/home/nozimbek/Downloads/files (2)/.venv/lib/python3.14/site-packages/httpcore/_async/connection.py", line 101, in handle_async_request
    raise exc
  File "/home/nozimbek/Downloads/files (2)/.venv/lib/python3.14/site-packages/httpcore/_async/connection.py", line 78, in handle_async_request
    stream = await self._connect(request)
             ^^^^^^^^^^^^^^^^^^^^^^^^^^^^
  File "/home/nozimbek/Downloads/files (2)/.venv/lib/python3.14/site-packages/httpcore/_async/connection.py", line 124, in _connect
    stream = await self._network_backend.connect_tcp(**kwargs)
             ^^^^^^^^^^^^^^^^^^^^^^^^^^^^^^^^^^^^^^^^^^^^^^^^^
  File "/home/nozimbek/Downloads/files (2)/.venv/lib/python3.14/site-packages/httpcore/_backends/auto.py", line 31, in connect_tcp
    return await self._backend.connect_tcp(
           ^^^^^^^^^^^^^^^^^^^^^^^^^^^^^^^^
    ...<5 lines>...
    )
    ^
  File "/home/nozimbek/Downloads/files (2)/.venv/lib/python3.14/site-packages/httpcore/_backends/anyio.py", line 113, in connect_tcp
    with map_exceptions(exc_map):
         ~~~~~~~~~~~~~~^^^^^^^^^
  File "/usr/lib/python3.14/contextlib.py", line 162, in __exit__
    self.gen.throw(value)
    ~~~~~~~~~~~~~~^^^^^^^
  File "/home/nozimbek/Downloads/files (2)/.venv/lib/python3.14/site-packages/httpcore/_exceptions.py", line 14, in map_exceptions
    raise to_exc(exc) from exc
httpcore.ConnectError: [Errno -3] Temporary failure in name resolution

The above exception was the direct cause of the following exception:

Traceback (most recent call last):
  File "/home/nozimbek/Downloads/files (2)/.venv/lib/python3.14/site-packages/telegram/request/_httpxrequest.py", line 279, in do_request
    res = await self._client.request(
          ^^^^^^^^^^^^^^^^^^^^^^^^^^^
    ...<6 lines>...
    )
    ^
  File "/home/nozimbek/Downloads/files (2)/.venv/lib/python3.14/site-packages/httpx/_client.py", line 1540, in request
    return await self.send(request, auth=auth, follow_redirects=follow_redirects)
           ^^^^^^^^^^^^^^^^^^^^^^^^^^^^^^^^^^^^^^^^^^^^^^^^^^^^^^^^^^^^^^^^^^^^^^
  File "/home/nozimbek/Downloads/files (2)/.venv/lib/python3.14/site-packages/httpx/_client.py", line 1629, in send
    response = await self._send_handling_auth(
               ^^^^^^^^^^^^^^^^^^^^^^^^^^^^^^^
    ...<4 lines>...
    )
    ^
  File "/home/nozimbek/Downloads/files (2)/.venv/lib/python3.14/site-packages/httpx/_client.py", line 1657, in _send_handling_auth
    response = await self._send_handling_redirects(
               ^^^^^^^^^^^^^^^^^^^^^^^^^^^^^^^^^^^^
    ...<3 lines>...
    )
    ^
  File "/home/nozimbek/Downloads/files (2)/.venv/lib/python3.14/site-packages/httpx/_client.py", line 1694, in _send_handling_redirects
    response = await self._send_single_request(request)
               ^^^^^^^^^^^^^^^^^^^^^^^^^^^^^^^^^^^^^^^^
  File "/home/nozimbek/Downloads/files (2)/.venv/lib/python3.14/site-packages/httpx/_client.py", line 1730, in _send_single_request
    response = await transport.handle_async_request(request)
               ^^^^^^^^^^^^^^^^^^^^^^^^^^^^^^^^^^^^^^^^^^^^^
  File "/home/nozimbek/Downloads/files (2)/.venv/lib/python3.14/site-packages/httpx/_transports/default.py", line 393, in handle_async_request
    with map_httpcore_exceptions():
         ~~~~~~~~~~~~~~~~~~~~~~~^^
  File "/usr/lib/python3.14/contextlib.py", line 162, in __exit__
    self.gen.throw(value)
    ~~~~~~~~~~~~~~^^^^^^^
  File "/home/nozimbek/Downloads/files (2)/.venv/lib/python3.14/site-packages/httpx/_transports/default.py", line 118, in map_httpcore_exceptions
    raise mapped_exc(message) from exc
httpx.ConnectError: [Errno -3] Temporary failure in name resolution

The above exception was the direct cause of the following exception:

Traceback (most recent call last):
  File "/home/nozimbek/Downloads/files (2)/.venv/lib/python3.14/site-packages/telegram/ext/_utils/networkloop.py", line 161, in network_retry_loop
    await do_action()
  File "/home/nozimbek/Downloads/files (2)/.venv/lib/python3.14/site-packages/telegram/ext/_utils/networkloop.py", line 154, in do_action
    action_cb_task.result()
    ~~~~~~~~~~~~~~~~~~~~~^^
  File "/home/nozimbek/Downloads/files (2)/.venv/lib/python3.14/site-packages/telegram/ext/_updater.py", line 340, in polling_action_cb
    updates = await self.bot.get_updates(
              ^^^^^^^^^^^^^^^^^^^^^^^^^^^
    ...<3 lines>...
    )
    ^
  File "/home/nozimbek/Downloads/files (2)/.venv/lib/python3.14/site-packages/telegram/ext/_extbot.py", line 680, in get_updates
    updates = await super().get_updates(
              ^^^^^^^^^^^^^^^^^^^^^^^^^^
    ...<9 lines>...
    )
    ^
  File "/home/nozimbek/Downloads/files (2)/.venv/lib/python3.14/site-packages/telegram/_bot.py", line 4767, in get_updates
    await self._post(
    ^^^^^^^^^^^^^^^^^
    ...<7 lines>...
    ),
    ^
  File "/home/nozimbek/Downloads/files (2)/.venv/lib/python3.14/site-packages/telegram/_bot.py", line 712, in _post
    return await self._do_post(
           ^^^^^^^^^^^^^^^^^^^^
    ...<6 lines>...
    )
    ^
  File "/home/nozimbek/Downloads/files (2)/.venv/lib/python3.14/site-packages/telegram/ext/_extbot.py", line 378, in _do_post
    return await super()._do_post(
           ^^^^^^^^^^^^^^^^^^^^^^^
    ...<6 lines>...
    )
    ^
  File "/home/nozimbek/Downloads/files (2)/.venv/lib/python3.14/site-packages/telegram/_bot.py", line 741, in _do_post
    result = await request.post(
             ^^^^^^^^^^^^^^^^^^^
    ...<6 lines>...
    )
    ^
  File "/home/nozimbek/Downloads/files (2)/.venv/lib/python3.14/site-packages/telegram/request/_baserequest.py", line 198, in post
    result = await self._request_wrapper(
             ^^^^^^^^^^^^^^^^^^^^^^^^^^^^
    ...<7 lines>...
    )
    ^
  File "/home/nozimbek/Downloads/files (2)/.venv/lib/python3.14/site-packages/telegram/request/_baserequest.py", line 305, in _request_wrapper
    code, payload = await self.do_request(
                    ^^^^^^^^^^^^^^^^^^^^^^
    ...<7 lines>...
    )
    ^
  File "/home/nozimbek/Downloads/files (2)/.venv/lib/python3.14/site-packages/telegram/request/_httpxrequest.py", line 303, in do_request
    raise NetworkError(f"httpx.{err.__class__.__name__}: {err}") from err
telegram.error.NetworkError: httpx.ConnectError: [Errno -3] Temporary failure in name resolution
2026-09-10 00:16:18,658 - telegram.ext.Application - ERROR - No error handlers are registered, logging exception.
Traceback (most recent call last):
  File "/home/nozimbek/Downloads/files (2)/.venv/lib/python3.14/site-packages/httpx/_transports/default.py", line 101, in map_httpcore_exceptions
    yield
  File "/home/nozimbek/Downloads/files (2)/.venv/lib/python3.14/site-packages/httpx/_transports/default.py", line 394, in handle_async_request
    resp = await self._pool.handle_async_request(req)
           ^^^^^^^^^^^^^^^^^^^^^^^^^^^^^^^^^^^^^^^^^^
  File "/home/nozimbek/Downloads/files (2)/.venv/lib/python3.14/site-packages/httpcore/_async/connection_pool.py", line 256, in handle_async_request
    raise exc from None
  File "/home/nozimbek/Downloads/files (2)/.venv/lib/python3.14/site-packages/httpcore/_async/connection_pool.py", line 236, in handle_async_request
    response = await connection.handle_async_request(
               ^^^^^^^^^^^^^^^^^^^^^^^^^^^^^^^^^^^^^^
        pool_request.request
        ^^^^^^^^^^^^^^^^^^^^
    )
    ^
  File "/home/nozimbek/Downloads/files (2)/.venv/lib/python3.14/site-packages/httpcore/_async/connection.py", line 101, in handle_async_request
    raise exc
  File "/home/nozimbek/Downloads/files (2)/.venv/lib/python3.14/site-packages/httpcore/_async/connection.py", line 78, in handle_async_request
    stream = await self._connect(request)
             ^^^^^^^^^^^^^^^^^^^^^^^^^^^^
  File "/home/nozimbek/Downloads/files (2)/.venv/lib/python3.14/site-packages/httpcore/_async/connection.py", line 124, in _connect
    stream = await self._network_backend.connect_tcp(**kwargs)
             ^^^^^^^^^^^^^^^^^^^^^^^^^^^^^^^^^^^^^^^^^^^^^^^^^
  File "/home/nozimbek/Downloads/files (2)/.venv/lib/python3.14/site-packages/httpcore/_backends/auto.py", line 31, in connect_tcp
    return await self._backend.connect_tcp(
           ^^^^^^^^^^^^^^^^^^^^^^^^^^^^^^^^
    ...<5 lines>...
    )
    ^
  File "/home/nozimbek/Downloads/files (2)/.venv/lib/python3.14/site-packages/httpcore/_backends/anyio.py", line 113, in connect_tcp
    with map_exceptions(exc_map):
         ~~~~~~~~~~~~~~^^^^^^^^^
  File "/usr/lib/python3.14/contextlib.py", line 162, in __exit__
    self.gen.throw(value)
    ~~~~~~~~~~~~~~^^^^^^^
  File "/home/nozimbek/Downloads/files (2)/.venv/lib/python3.14/site-packages/httpcore/_exceptions.py", line 14, in map_exceptions
    raise to_exc(exc) from exc
httpcore.ConnectError: [Errno -3] Temporary failure in name resolution

The above exception was the direct cause of the following exception:

Traceback (most recent call last):
  File "/home/nozimbek/Downloads/files (2)/.venv/lib/python3.14/site-packages/telegram/request/_httpxrequest.py", line 279, in do_request
    res = await self._client.request(
          ^^^^^^^^^^^^^^^^^^^^^^^^^^^
    ...<6 lines>...
    )
    ^
  File "/home/nozimbek/Downloads/files (2)/.venv/lib/python3.14/site-packages/httpx/_client.py", line 1540, in request
    return await self.send(request, auth=auth, follow_redirects=follow_redirects)
           ^^^^^^^^^^^^^^^^^^^^^^^^^^^^^^^^^^^^^^^^^^^^^^^^^^^^^^^^^^^^^^^^^^^^^^
  File "/home/nozimbek/Downloads/files (2)/.venv/lib/python3.14/site-packages/httpx/_client.py", line 1629, in send
    response = await self._send_handling_auth(
               ^^^^^^^^^^^^^^^^^^^^^^^^^^^^^^^
    ...<4 lines>...
    )
    ^
  File "/home/nozimbek/Downloads/files (2)/.venv/lib/python3.14/site-packages/httpx/_client.py", line 1657, in _send_handling_auth
    response = await self._send_handling_redirects(
               ^^^^^^^^^^^^^^^^^^^^^^^^^^^^^^^^^^^^
    ...<3 lines>...
    )
    ^
  File "/home/nozimbek/Downloads/files (2)/.venv/lib/python3.14/site-packages/httpx/_client.py", line 1694, in _send_handling_redirects
    response = await self._send_single_request(request)
               ^^^^^^^^^^^^^^^^^^^^^^^^^^^^^^^^^^^^^^^^
  File "/home/nozimbek/Downloads/files (2)/.venv/lib/python3.14/site-packages/httpx/_client.py", line 1730, in _send_single_request
    response = await transport.handle_async_request(request)
               ^^^^^^^^^^^^^^^^^^^^^^^^^^^^^^^^^^^^^^^^^^^^^
  File "/home/nozimbek/Downloads/files (2)/.venv/lib/python3.14/site-packages/httpx/_transports/default.py", line 393, in handle_async_request
    with map_httpcore_exceptions():
         ~~~~~~~~~~~~~~~~~~~~~~~^^
  File "/usr/lib/python3.14/contextlib.py", line 162, in __exit__
    self.gen.throw(value)
    ~~~~~~~~~~~~~~^^^^^^^
  File "/home/nozimbek/Downloads/files (2)/.venv/lib/python3.14/site-packages/httpx/_transports/default.py", line 118, in map_httpcore_exceptions
    raise mapped_exc(message) from exc
httpx.ConnectError: [Errno -3] Temporary failure in name resolution

The above exception was the direct cause of the following exception:

Traceback (most recent call last):
  File "/home/nozimbek/Downloads/files (2)/.venv/lib/python3.14/site-packages/telegram/ext/_utils/networkloop.py", line 161, in network_retry_loop
    await do_action()
  File "/home/nozimbek/Downloads/files (2)/.venv/lib/python3.14/site-packages/telegram/ext/_utils/networkloop.py", line 154, in do_action
    action_cb_task.result()
    ~~~~~~~~~~~~~~~~~~~~~^^
  File "/home/nozimbek/Downloads/files (2)/.venv/lib/python3.14/site-packages/telegram/ext/_updater.py", line 340, in polling_action_cb
    updates = await self.bot.get_updates(
              ^^^^^^^^^^^^^^^^^^^^^^^^^^^
    ...<3 lines>...
    )
    ^
  File "/home/nozimbek/Downloads/files (2)/.venv/lib/python3.14/site-packages/telegram/ext/_extbot.py", line 680, in get_updates
    updates = await super().get_updates(
              ^^^^^^^^^^^^^^^^^^^^^^^^^^
    ...<9 lines>...
    )
    ^
  File "/home/nozimbek/Downloads/files (2)/.venv/lib/python3.14/site-packages/telegram/_bot.py", line 4767, in get_updates
    await self._post(
    ^^^^^^^^^^^^^^^^^
    ...<7 lines>...
    ),
    ^
  File "/home/nozimbek/Downloads/files (2)/.venv/lib/python3.14/site-packages/telegram/_bot.py", line 712, in _post
    return await self._do_post(
           ^^^^^^^^^^^^^^^^^^^^
    ...<6 lines>...
    )
    ^
  File "/home/nozimbek/Downloads/files (2)/.venv/lib/python3.14/site-packages/telegram/ext/_extbot.py", line 378, in _do_post
    return await super()._do_post(
           ^^^^^^^^^^^^^^^^^^^^^^^
    ...<6 lines>...
    )
    ^
  File "/home/nozimbek/Downloads/files (2)/.venv/lib/python3.14/site-packages/telegram/_bot.py", line 741, in _do_post
    result = await request.post(
             ^^^^^^^^^^^^^^^^^^^
    ...<6 lines>...
    )
    ^
  File "/home/nozimbek/Downloads/files (2)/.venv/lib/python3.14/site-packages/telegram/request/_baserequest.py", line 198, in post
    result = await self._request_wrapper(
             ^^^^^^^^^^^^^^^^^^^^^^^^^^^^
    ...<7 lines>...
    )
    ^
  File "/home/nozimbek/Downloads/files (2)/.venv/lib/python3.14/site-packages/telegram/request/_baserequest.py", line 305, in _request_wrapper
    code, payload = await self.do_request(
                    ^^^^^^^^^^^^^^^^^^^^^^
    ...<7 lines>...
    )
    ^
  File "/home/nozimbek/Downloads/files (2)/.venv/lib/python3.14/site-packages/telegram/request/_httpxrequest.py", line 303, in do_request
    raise NetworkError(f"httpx.{err.__class__.__name__}: {err}") from err
telegram.error.NetworkError: httpx.ConnectError: [Errno -3] Temporary failure in name resolution
2026-09-10 00:16:35,765 - telegram.ext.Application - ERROR - No error handlers are registered, logging exception.
Traceback (most recent call last):
  File "/home/nozimbek/Downloads/files (2)/.venv/lib/python3.14/site-packages/httpx/_transports/default.py", line 101, in map_httpcore_exceptions
    yield
  File "/home/nozimbek/Downloads/files (2)/.venv/lib/python3.14/site-packages/httpx/_transports/default.py", line 394, in handle_async_request
    resp = await self._pool.handle_async_request(req)
           ^^^^^^^^^^^^^^^^^^^^^^^^^^^^^^^^^^^^^^^^^^
  File "/home/nozimbek/Downloads/files (2)/.venv/lib/python3.14/site-packages/httpcore/_async/connection_pool.py", line 256, in handle_async_request
    raise exc from None
  File "/home/nozimbek/Downloads/files (2)/.venv/lib/python3.14/site-packages/httpcore/_async/connection_pool.py", line 236, in handle_async_request
    response = await connection.handle_async_request(
               ^^^^^^^^^^^^^^^^^^^^^^^^^^^^^^^^^^^^^^
        pool_request.request
        ^^^^^^^^^^^^^^^^^^^^
    )
    ^
  File "/home/nozimbek/Downloads/files (2)/.venv/lib/python3.14/site-packages/httpcore/_async/connection.py", line 101, in handle_async_request
    raise exc
  File "/home/nozimbek/Downloads/files (2)/.venv/lib/python3.14/site-packages/httpcore/_async/connection.py", line 78, in handle_async_request
    stream = await self._connect(request)
             ^^^^^^^^^^^^^^^^^^^^^^^^^^^^
  File "/home/nozimbek/Downloads/files (2)/.venv/lib/python3.14/site-packages/httpcore/_async/connection.py", line 124, in _connect
    stream = await self._network_backend.connect_tcp(**kwargs)
             ^^^^^^^^^^^^^^^^^^^^^^^^^^^^^^^^^^^^^^^^^^^^^^^^^
  File "/home/nozimbek/Downloads/files (2)/.venv/lib/python3.14/site-packages/httpcore/_backends/auto.py", line 31, in connect_tcp
    return await self._backend.connect_tcp(
           ^^^^^^^^^^^^^^^^^^^^^^^^^^^^^^^^
    ...<5 lines>...
    )
    ^
  File "/home/nozimbek/Downloads/files (2)/.venv/lib/python3.14/site-packages/httpcore/_backends/anyio.py", line 113, in connect_tcp
    with map_exceptions(exc_map):
         ~~~~~~~~~~~~~~^^^^^^^^^
  File "/usr/lib/python3.14/contextlib.py", line 162, in __exit__
    self.gen.throw(value)
    ~~~~~~~~~~~~~~^^^^^^^
  File "/home/nozimbek/Downloads/files (2)/.venv/lib/python3.14/site-packages/httpcore/_exceptions.py", line 14, in map_exceptions
    raise to_exc(exc) from exc
httpcore.ConnectError: [Errno -3] Temporary failure in name resolution

The above exception was the direct cause of the following exception:

Traceback (most recent call last):
  File "/home/nozimbek/Downloads/files (2)/.venv/lib/python3.14/site-packages/telegram/request/_httpxrequest.py", line 279, in do_request
    res = await self._client.request(
          ^^^^^^^^^^^^^^^^^^^^^^^^^^^
    ...<6 lines>...
    )
    ^
  File "/home/nozimbek/Downloads/files (2)/.venv/lib/python3.14/site-packages/httpx/_client.py", line 1540, in request
    return await self.send(request, auth=auth, follow_redirects=follow_redirects)
           ^^^^^^^^^^^^^^^^^^^^^^^^^^^^^^^^^^^^^^^^^^^^^^^^^^^^^^^^^^^^^^^^^^^^^^
  File "/home/nozimbek/Downloads/files (2)/.venv/lib/python3.14/site-packages/httpx/_client.py", line 1629, in send
    response = await self._send_handling_auth(
               ^^^^^^^^^^^^^^^^^^^^^^^^^^^^^^^
    ...<4 lines>...
    )
    ^
  File "/home/nozimbek/Downloads/files (2)/.venv/lib/python3.14/site-packages/httpx/_client.py", line 1657, in _send_handling_auth
    response = await self._send_handling_redirects(
               ^^^^^^^^^^^^^^^^^^^^^^^^^^^^^^^^^^^^
    ...<3 lines>...
    )
    ^
  File "/home/nozimbek/Downloads/files (2)/.venv/lib/python3.14/site-packages/httpx/_client.py", line 1694, in _send_handling_redirects
    response = await self._send_single_request(request)
               ^^^^^^^^^^^^^^^^^^^^^^^^^^^^^^^^^^^^^^^^
  File "/home/nozimbek/Downloads/files (2)/.venv/lib/python3.14/site-packages/httpx/_client.py", line 1730, in _send_single_request
    response = await transport.handle_async_request(request)
               ^^^^^^^^^^^^^^^^^^^^^^^^^^^^^^^^^^^^^^^^^^^^^
  File "/home/nozimbek/Downloads/files (2)/.venv/lib/python3.14/site-packages/httpx/_transports/default.py", line 393, in handle_async_request
    with map_httpcore_exceptions():
         ~~~~~~~~~~~~~~~~~~~~~~~^^
  File "/usr/lib/python3.14/contextlib.py", line 162, in __exit__
    self.gen.throw(value)
    ~~~~~~~~~~~~~~^^^^^^^
  File "/home/nozimbek/Downloads/files (2)/.venv/lib/python3.14/site-packages/httpx/_transports/default.py", line 118, in map_httpcore_exceptions
    raise mapped_exc(message) from exc
httpx.ConnectError: [Errno -3] Temporary failure in name resolution

The above exception was the direct cause of the following exception:

Traceback (most recent call last):
  File "/home/nozimbek/Downloads/files (2)/.venv/lib/python3.14/site-packages/telegram/ext/_utils/networkloop.py", line 161, in network_retry_loop
    await do_action()
  File "/home/nozimbek/Downloads/files (2)/.venv/lib/python3.14/site-packages/telegram/ext/_utils/networkloop.py", line 154, in do_action
    action_cb_task.result()
    ~~~~~~~~~~~~~~~~~~~~~^^
  File "/home/nozimbek/Downloads/files (2)/.venv/lib/python3.14/site-packages/telegram/ext/_updater.py", line 340, in polling_action_cb
    updates = await self.bot.get_updates(
              ^^^^^^^^^^^^^^^^^^^^^^^^^^^
    ...<3 lines>...
    )
    ^
  File "/home/nozimbek/Downloads/files (2)/.venv/lib/python3.14/site-packages/telegram/ext/_extbot.py", line 680, in get_updates
    updates = await super().get_updates(
              ^^^^^^^^^^^^^^^^^^^^^^^^^^
    ...<9 lines>...
    )
    ^
  File "/home/nozimbek/Downloads/files (2)/.venv/lib/python3.14/site-packages/telegram/_bot.py", line 4767, in get_updates
    await self._post(
    ^^^^^^^^^^^^^^^^^
    ...<7 lines>...
    ),
    ^
  File "/home/nozimbek/Downloads/files (2)/.venv/lib/python3.14/site-packages/telegram/_bot.py", line 712, in _post
    return await self._do_post(
           ^^^^^^^^^^^^^^^^^^^^
    ...<6 lines>...
    )
    ^
  File "/home/nozimbek/Downloads/files (2)/.venv/lib/python3.14/site-packages/telegram/ext/_extbot.py", line 378, in _do_post
    return await super()._do_post(
           ^^^^^^^^^^^^^^^^^^^^^^^
    ...<6 lines>...
    )
    ^
  File "/home/nozimbek/Downloads/files (2)/.venv/lib/python3.14/site-packages/telegram/_bot.py", line 741, in _do_post
    result = await request.post(
             ^^^^^^^^^^^^^^^^^^^
    ...<6 lines>...
    )
    ^
  File "/home/nozimbek/Downloads/files (2)/.venv/lib/python3.14/site-packages/telegram/request/_baserequest.py", line 198, in post
    result = await self._request_wrapper(
             ^^^^^^^^^^^^^^^^^^^^^^^^^^^^
    ...<7 lines>...
    )
    ^
  File "/home/nozimbek/Downloads/files (2)/.venv/lib/python3.14/site-packages/telegram/request/_baserequest.py", line 305, in _request_wrapper
    code, payload = await self.do_request(
                    ^^^^^^^^^^^^^^^^^^^^^^
    ...<7 lines>...
    )
    ^
  File "/home/nozimbek/Downloads/files (2)/.venv/lib/python3.14/site-packages/telegram/request/_httpxrequest.py", line 303, in do_request
    raise NetworkError(f"httpx.{err.__class__.__name__}: {err}") from err
telegram.error.NetworkError: httpx.ConnectError: [Errno -3] Temporary failure in name resolution
2026-09-10 00:17:01,423 - telegram.ext.Application - ERROR - No error handlers are registered, logging exception.
Traceback (most recent call last):
  File "/home/nozimbek/Downloads/files (2)/.venv/lib/python3.14/site-packages/httpx/_transports/default.py", line 101, in map_httpcore_exceptions
    yield
  File "/home/nozimbek/Downloads/files (2)/.venv/lib/python3.14/site-packages/httpx/_transports/default.py", line 394, in handle_async_request
    resp = await self._pool.handle_async_request(req)
           ^^^^^^^^^^^^^^^^^^^^^^^^^^^^^^^^^^^^^^^^^^
  File "/home/nozimbek/Downloads/files (2)/.venv/lib/python3.14/site-packages/httpcore/_async/connection_pool.py", line 256, in handle_async_request
    raise exc from None
  File "/home/nozimbek/Downloads/files (2)/.venv/lib/python3.14/site-packages/httpcore/_async/connection_pool.py", line 236, in handle_async_request
    response = await connection.handle_async_request(
               ^^^^^^^^^^^^^^^^^^^^^^^^^^^^^^^^^^^^^^
        pool_request.request
        ^^^^^^^^^^^^^^^^^^^^
    )
    ^
  File "/home/nozimbek/Downloads/files (2)/.venv/lib/python3.14/site-packages/httpcore/_async/connection.py", line 101, in handle_async_request
    raise exc
  File "/home/nozimbek/Downloads/files (2)/.venv/lib/python3.14/site-packages/httpcore/_async/connection.py", line 78, in handle_async_request
    stream = await self._connect(request)
             ^^^^^^^^^^^^^^^^^^^^^^^^^^^^
  File "/home/nozimbek/Downloads/files (2)/.venv/lib/python3.14/site-packages/httpcore/_async/connection.py", line 124, in _connect
    stream = await self._network_backend.connect_tcp(**kwargs)
             ^^^^^^^^^^^^^^^^^^^^^^^^^^^^^^^^^^^^^^^^^^^^^^^^^
  File "/home/nozimbek/Downloads/files (2)/.venv/lib/python3.14/site-packages/httpcore/_backends/auto.py", line 31, in connect_tcp
    return await self._backend.connect_tcp(
           ^^^^^^^^^^^^^^^^^^^^^^^^^^^^^^^^
    ...<5 lines>...
    )
    ^
  File "/home/nozimbek/Downloads/files (2)/.venv/lib/python3.14/site-packages/httpcore/_backends/anyio.py", line 113, in connect_tcp
    with map_exceptions(exc_map):
         ~~~~~~~~~~~~~~^^^^^^^^^
  File "/usr/lib/python3.14/contextlib.py", line 162, in __exit__
    self.gen.throw(value)
    ~~~~~~~~~~~~~~^^^^^^^
  File "/home/nozimbek/Downloads/files (2)/.venv/lib/python3.14/site-packages/httpcore/_exceptions.py", line 14, in map_exceptions
    raise to_exc(exc) from exc
httpcore.ConnectError: [Errno -3] Temporary failure in name resolution

The above exception was the direct cause of the following exception:

Traceback (most recent call last):
  File "/home/nozimbek/Downloads/files (2)/.venv/lib/python3.14/site-packages/telegram/request/_httpxrequest.py", line 279, in do_request
    res = await self._client.request(
          ^^^^^^^^^^^^^^^^^^^^^^^^^^^
    ...<6 lines>...
    )
    ^
  File "/home/nozimbek/Downloads/files (2)/.venv/lib/python3.14/site-packages/httpx/_client.py", line 1540, in request
    return await self.send(request, auth=auth, follow_redirects=follow_redirects)
           ^^^^^^^^^^^^^^^^^^^^^^^^^^^^^^^^^^^^^^^^^^^^^^^^^^^^^^^^^^^^^^^^^^^^^^
  File "/home/nozimbek/Downloads/files (2)/.venv/lib/python3.14/site-packages/httpx/_client.py", line 1629, in send
    response = await self._send_handling_auth(
               ^^^^^^^^^^^^^^^^^^^^^^^^^^^^^^^
    ...<4 lines>...
    )
    ^
  File "/home/nozimbek/Downloads/files (2)/.venv/lib/python3.14/site-packages/httpx/_client.py", line 1657, in _send_handling_auth
    response = await self._send_handling_redirects(
               ^^^^^^^^^^^^^^^^^^^^^^^^^^^^^^^^^^^^
    ...<3 lines>...
    )
    ^
  File "/home/nozimbek/Downloads/files (2)/.venv/lib/python3.14/site-packages/httpx/_client.py", line 1694, in _send_handling_redirects
    response = await self._send_single_request(request)
               ^^^^^^^^^^^^^^^^^^^^^^^^^^^^^^^^^^^^^^^^
  File "/home/nozimbek/Downloads/files (2)/.venv/lib/python3.14/site-packages/httpx/_client.py", line 1730, in _send_single_request
    response = await transport.handle_async_request(request)
               ^^^^^^^^^^^^^^^^^^^^^^^^^^^^^^^^^^^^^^^^^^^^^
  File "/home/nozimbek/Downloads/files (2)/.venv/lib/python3.14/site-packages/httpx/_transports/default.py", line 393, in handle_async_request
    with map_httpcore_exceptions():
         ~~~~~~~~~~~~~~~~~~~~~~~^^
  File "/usr/lib/python3.14/contextlib.py", line 162, in __exit__
    self.gen.throw(value)
    ~~~~~~~~~~~~~~^^^^^^^
  File "/home/nozimbek/Downloads/files (2)/.venv/lib/python3.14/site-packages/httpx/_transports/default.py", line 118, in map_httpcore_exceptions
    raise mapped_exc(message) from exc
httpx.ConnectError: [Errno -3] Temporary failure in name resolution

The above exception was the direct cause of the following exception:

Traceback (most recent call last):
  File "/home/nozimbek/Downloads/files (2)/.venv/lib/python3.14/site-packages/telegram/ext/_utils/networkloop.py", line 161, in network_retry_loop
    await do_action()
  File "/home/nozimbek/Downloads/files (2)/.venv/lib/python3.14/site-packages/telegram/ext/_utils/networkloop.py", line 154, in do_action
    action_cb_task.result()
    ~~~~~~~~~~~~~~~~~~~~~^^
  File "/home/nozimbek/Downloads/files (2)/.venv/lib/python3.14/site-packages/telegram/ext/_updater.py", line 340, in polling_action_cb
    updates = await self.bot.get_updates(
              ^^^^^^^^^^^^^^^^^^^^^^^^^^^
    ...<3 lines>...
    )
    ^
  File "/home/nozimbek/Downloads/files (2)/.venv/lib/python3.14/site-packages/telegram/ext/_extbot.py", line 680, in get_updates
    updates = await super().get_updates(
              ^^^^^^^^^^^^^^^^^^^^^^^^^^
    ...<9 lines>...
    )
    ^
  File "/home/nozimbek/Downloads/files (2)/.venv/lib/python3.14/site-packages/telegram/_bot.py", line 4767, in get_updates
    await self._post(
    ^^^^^^^^^^^^^^^^^
    ...<7 lines>...
    ),
    ^
  File "/home/nozimbek/Downloads/files (2)/.venv/lib/python3.14/site-packages/telegram/_bot.py", line 712, in _post
    return await self._do_post(
           ^^^^^^^^^^^^^^^^^^^^
    ...<6 lines>...
    )
    ^
  File "/home/nozimbek/Downloads/files (2)/.venv/lib/python3.14/site-packages/telegram/ext/_extbot.py", line 378, in _do_post
    return await super()._do_post(
           ^^^^^^^^^^^^^^^^^^^^^^^
    ...<6 lines>...
    )
    ^
  File "/home/nozimbek/Downloads/files (2)/.venv/lib/python3.14/site-packages/telegram/_bot.py", line 741, in _do_post
    result = await request.post(
             ^^^^^^^^^^^^^^^^^^^
    ...<6 lines>...
    )
    ^
  File "/home/nozimbek/Downloads/files (2)/.venv/lib/python3.14/site-packages/telegram/request/_baserequest.py", line 198, in post
    result = await self._request_wrapper(
             ^^^^^^^^^^^^^^^^^^^^^^^^^^^^
    ...<7 lines>...
    )
    ^
  File "/home/nozimbek/Downloads/files (2)/.venv/lib/python3.14/site-packages/telegram/request/_baserequest.py", line 305, in _request_wrapper
    code, payload = await self.do_request(
                    ^^^^^^^^^^^^^^^^^^^^^^
    ...<7 lines>...
    )
    ^
  File "/home/nozimbek/Downloads/files (2)/.venv/lib/python3.14/site-packages/telegram/request/_httpxrequest.py", line 303, in do_request
    raise NetworkError(f"httpx.{err.__class__.__name__}: {err}") from err
telegram.error.NetworkError: httpx.ConnectError: [Errno -3] Temporary failure in name resolution
2026-09-10 00:17:31,458 - telegram.ext.Application - ERROR - No error handlers are registered, logging exception.
Traceback (most recent call last):
  File "/home/nozimbek/Downloads/files (2)/.venv/lib/python3.14/site-packages/httpx/_transports/default.py", line 101, in map_httpcore_exceptions
    yield
  File "/home/nozimbek/Downloads/files (2)/.venv/lib/python3.14/site-packages/httpx/_transports/default.py", line 394, in handle_async_request
    resp = await self._pool.handle_async_request(req)
           ^^^^^^^^^^^^^^^^^^^^^^^^^^^^^^^^^^^^^^^^^^
  File "/home/nozimbek/Downloads/files (2)/.venv/lib/python3.14/site-packages/httpcore/_async/connection_pool.py", line 256, in handle_async_request
    raise exc from None
  File "/home/nozimbek/Downloads/files (2)/.venv/lib/python3.14/site-packages/httpcore/_async/connection_pool.py", line 236, in handle_async_request
    response = await connection.handle_async_request(
               ^^^^^^^^^^^^^^^^^^^^^^^^^^^^^^^^^^^^^^
        pool_request.request
        ^^^^^^^^^^^^^^^^^^^^
    )
    ^
  File "/home/nozimbek/Downloads/files (2)/.venv/lib/python3.14/site-packages/httpcore/_async/connection.py", line 101, in handle_async_request
    raise exc
  File "/home/nozimbek/Downloads/files (2)/.venv/lib/python3.14/site-packages/httpcore/_async/connection.py", line 78, in handle_async_request
    stream = await self._connect(request)
             ^^^^^^^^^^^^^^^^^^^^^^^^^^^^
  File "/home/nozimbek/Downloads/files (2)/.venv/lib/python3.14/site-packages/httpcore/_async/connection.py", line 124, in _connect
    stream = await self._network_backend.connect_tcp(**kwargs)
             ^^^^^^^^^^^^^^^^^^^^^^^^^^^^^^^^^^^^^^^^^^^^^^^^^
  File "/home/nozimbek/Downloads/files (2)/.venv/lib/python3.14/site-packages/httpcore/_backends/auto.py", line 31, in connect_tcp
    return await self._backend.connect_tcp(
           ^^^^^^^^^^^^^^^^^^^^^^^^^^^^^^^^
    ...<5 lines>...
    )
    ^
  File "/home/nozimbek/Downloads/files (2)/.venv/lib/python3.14/site-packages/httpcore/_backends/anyio.py", line 113, in connect_tcp
    with map_exceptions(exc_map):
         ~~~~~~~~~~~~~~^^^^^^^^^
  File "/usr/lib/python3.14/contextlib.py", line 162, in __exit__
    self.gen.throw(value)
    ~~~~~~~~~~~~~~^^^^^^^
  File "/home/nozimbek/Downloads/files (2)/.venv/lib/python3.14/site-packages/httpcore/_exceptions.py", line 14, in map_exceptions
    raise to_exc(exc) from exc
httpcore.ConnectError: [Errno -3] Temporary failure in name resolution

The above exception was the direct cause of the following exception:

Traceback (most recent call last):
  File "/home/nozimbek/Downloads/files (2)/.venv/lib/python3.14/site-packages/telegram/request/_httpxrequest.py", line 279, in do_request
    res = await self._client.request(
          ^^^^^^^^^^^^^^^^^^^^^^^^^^^
    ...<6 lines>...
    )
    ^
  File "/home/nozimbek/Downloads/files (2)/.venv/lib/python3.14/site-packages/httpx/_client.py", line 1540, in request
    return await self.send(request, auth=auth, follow_redirects=follow_redirects)
           ^^^^^^^^^^^^^^^^^^^^^^^^^^^^^^^^^^^^^^^^^^^^^^^^^^^^^^^^^^^^^^^^^^^^^^
  File "/home/nozimbek/Downloads/files (2)/.venv/lib/python3.14/site-packages/httpx/_client.py", line 1629, in send
    response = await self._send_handling_auth(
               ^^^^^^^^^^^^^^^^^^^^^^^^^^^^^^^
    ...<4 lines>...
    )
    ^
  File "/home/nozimbek/Downloads/files (2)/.venv/lib/python3.14/site-packages/httpx/_client.py", line 1657, in _send_handling_auth
    response = await self._send_handling_redirects(
               ^^^^^^^^^^^^^^^^^^^^^^^^^^^^^^^^^^^^
    ...<3 lines>...
    )
    ^
  File "/home/nozimbek/Downloads/files (2)/.venv/lib/python3.14/site-packages/httpx/_client.py", line 1694, in _send_handling_redirects
    response = await self._send_single_request(request)
               ^^^^^^^^^^^^^^^^^^^^^^^^^^^^^^^^^^^^^^^^
  File "/home/nozimbek/Downloads/files (2)/.venv/lib/python3.14/site-packages/httpx/_client.py", line 1730, in _send_single_request
    response = await transport.handle_async_request(request)
               ^^^^^^^^^^^^^^^^^^^^^^^^^^^^^^^^^^^^^^^^^^^^^
  File "/home/nozimbek/Downloads/files (2)/.venv/lib/python3.14/site-packages/httpx/_transports/default.py", line 393, in handle_async_request
    with map_httpcore_exceptions():
         ~~~~~~~~~~~~~~~~~~~~~~~^^
  File "/usr/lib/python3.14/contextlib.py", line 162, in __exit__
    self.gen.throw(value)
    ~~~~~~~~~~~~~~^^^^^^^
  File "/home/nozimbek/Downloads/files (2)/.venv/lib/python3.14/site-packages/httpx/_transports/default.py", line 118, in map_httpcore_exceptions
    raise mapped_exc(message) from exc
httpx.ConnectError: [Errno -3] Temporary failure in name resolution

The above exception was the direct cause of the following exception:

Traceback (most recent call last):
  File "/home/nozimbek/Downloads/files (2)/.venv/lib/python3.14/site-packages/telegram/ext/_utils/networkloop.py", line 161, in network_retry_loop
    await do_action()
  File "/home/nozimbek/Downloads/files (2)/.venv/lib/python3.14/site-packages/telegram/ext/_utils/networkloop.py", line 154, in do_action
    action_cb_task.result()
    ~~~~~~~~~~~~~~~~~~~~~^^
  File "/home/nozimbek/Downloads/files (2)/.venv/lib/python3.14/site-packages/telegram/ext/_updater.py", line 340, in polling_action_cb
    updates = await self.bot.get_updates(
              ^^^^^^^^^^^^^^^^^^^^^^^^^^^
    ...<3 lines>...
    )
    ^
  File "/home/nozimbek/Downloads/files (2)/.venv/lib/python3.14/site-packages/telegram/ext/_extbot.py", line 680, in get_updates
    updates = await super().get_updates(
              ^^^^^^^^^^^^^^^^^^^^^^^^^^
    ...<9 lines>...
    )
    ^
  File "/home/nozimbek/Downloads/files (2)/.venv/lib/python3.14/site-packages/telegram/_bot.py", line 4767, in get_updates
    await self._post(
    ^^^^^^^^^^^^^^^^^
    ...<7 lines>...
    ),
    ^
  File "/home/nozimbek/Downloads/files (2)/.venv/lib/python3.14/site-packages/telegram/_bot.py", line 712, in _post
    return await self._do_post(
           ^^^^^^^^^^^^^^^^^^^^
    ...<6 lines>...
    )
    ^
  File "/home/nozimbek/Downloads/files (2)/.venv/lib/python3.14/site-packages/telegram/ext/_extbot.py", line 378, in _do_post
    return await super()._do_post(
           ^^^^^^^^^^^^^^^^^^^^^^^
    ...<6 lines>...
    )
    ^
  File "/home/nozimbek/Downloads/files (2)/.venv/lib/python3.14/site-packages/telegram/_bot.py", line 741, in _do_post
    result = await request.post(
             ^^^^^^^^^^^^^^^^^^^
    ...<6 lines>...
    )
    ^
  File "/home/nozimbek/Downloads/files (2)/.venv/lib/python3.14/site-packages/telegram/request/_baserequest.py", line 198, in post
    result = await self._request_wrapper(
             ^^^^^^^^^^^^^^^^^^^^^^^^^^^^
    ...<7 lines>...
    )
    ^
  File "/home/nozimbek/Downloads/files (2)/.venv/lib/python3.14/site-packages/telegram/request/_baserequest.py", line 305, in _request_wrapper
    code, payload = await self.do_request(
                    ^^^^^^^^^^^^^^^^^^^^^^
    ...<7 lines>...
    )
    ^
  File "/home/nozimbek/Downloads/files (2)/.venv/lib/python3.14/site-packages/telegram/request/_httpxrequest.py", line 303, in do_request
    raise NetworkError(f"httpx.{err.__class__.__name__}: {err}") from err
telegram.error.NetworkError: httpx.ConnectError: [Errno -3] Temporary failure in name resolution
2026-09-10 00:18:01,479 - telegram.ext.Application - ERROR - No error handlers are registered, logging exception.
Traceback (most recent call last):
  File "/home/nozimbek/Downloads/files (2)/.venv/lib/python3.14/site-packages/httpx/_transports/default.py", line 101, in map_httpcore_exceptions
    yield
  File "/home/nozimbek/Downloads/files (2)/.venv/lib/python3.14/site-packages/httpx/_transports/default.py", line 394, in handle_async_request
    resp = await self._pool.handle_async_request(req)
           ^^^^^^^^^^^^^^^^^^^^^^^^^^^^^^^^^^^^^^^^^^
  File "/home/nozimbek/Downloads/files (2)/.venv/lib/python3.14/site-packages/httpcore/_async/connection_pool.py", line 256, in handle_async_request
    raise exc from None
  File "/home/nozimbek/Downloads/files (2)/.venv/lib/python3.14/site-packages/httpcore/_async/connection_pool.py", line 236, in handle_async_request
    response = await connection.handle_async_request(
               ^^^^^^^^^^^^^^^^^^^^^^^^^^^^^^^^^^^^^^
        pool_request.request
        ^^^^^^^^^^^^^^^^^^^^
    )
    ^
  File "/home/nozimbek/Downloads/files (2)/.venv/lib/python3.14/site-packages/httpcore/_async/connection.py", line 101, in handle_async_request
    raise exc
  File "/home/nozimbek/Downloads/files (2)/.venv/lib/python3.14/site-packages/httpcore/_async/connection.py", line 78, in handle_async_request
    stream = await self._connect(request)
             ^^^^^^^^^^^^^^^^^^^^^^^^^^^^
  File "/home/nozimbek/Downloads/files (2)/.venv/lib/python3.14/site-packages/httpcore/_async/connection.py", line 124, in _connect
    stream = await self._network_backend.connect_tcp(**kwargs)
             ^^^^^^^^^^^^^^^^^^^^^^^^^^^^^^^^^^^^^^^^^^^^^^^^^
  File "/home/nozimbek/Downloads/files (2)/.venv/lib/python3.14/site-packages/httpcore/_backends/auto.py", line 31, in connect_tcp
    return await self._backend.connect_tcp(
           ^^^^^^^^^^^^^^^^^^^^^^^^^^^^^^^^
    ...<5 lines>...
    )
    ^
  File "/home/nozimbek/Downloads/files (2)/.venv/lib/python3.14/site-packages/httpcore/_backends/anyio.py", line 113, in connect_tcp
    with map_exceptions(exc_map):
         ~~~~~~~~~~~~~~^^^^^^^^^
  File "/usr/lib/python3.14/contextlib.py", line 162, in __exit__
    self.gen.throw(value)
    ~~~~~~~~~~~~~~^^^^^^^
  File "/home/nozimbek/Downloads/files (2)/.venv/lib/python3.14/site-packages/httpcore/_exceptions.py", line 14, in map_exceptions
    raise to_exc(exc) from exc
httpcore.ConnectError: [Errno -3] Temporary failure in name resolution

The above exception was the direct cause of the following exception:

Traceback (most recent call last):
  File "/home/nozimbek/Downloads/files (2)/.venv/lib/python3.14/site-packages/telegram/request/_httpxrequest.py", line 279, in do_request
    res = await self._client.request(
          ^^^^^^^^^^^^^^^^^^^^^^^^^^^
    ...<6 lines>...
    )
    ^
  File "/home/nozimbek/Downloads/files (2)/.venv/lib/python3.14/site-packages/httpx/_client.py", line 1540, in request
    return await self.send(request, auth=auth, follow_redirects=follow_redirects)
           ^^^^^^^^^^^^^^^^^^^^^^^^^^^^^^^^^^^^^^^^^^^^^^^^^^^^^^^^^^^^^^^^^^^^^^
  File "/home/nozimbek/Downloads/files (2)/.venv/lib/python3.14/site-packages/httpx/_client.py", line 1629, in send
    response = await self._send_handling_auth(
               ^^^^^^^^^^^^^^^^^^^^^^^^^^^^^^^
    ...<4 lines>...
    )
    ^
  File "/home/nozimbek/Downloads/files (2)/.venv/lib/python3.14/site-packages/httpx/_client.py", line 1657, in _send_handling_auth
    response = await self._send_handling_redirects(
               ^^^^^^^^^^^^^^^^^^^^^^^^^^^^^^^^^^^^
    ...<3 lines>...
    )
    ^
  File "/home/nozimbek/Downloads/files (2)/.venv/lib/python3.14/site-packages/httpx/_client.py", line 1694, in _send_handling_redirects
    response = await self._send_single_request(request)
               ^^^^^^^^^^^^^^^^^^^^^^^^^^^^^^^^^^^^^^^^
  File "/home/nozimbek/Downloads/files (2)/.venv/lib/python3.14/site-packages/httpx/_client.py", line 1730, in _send_single_request
    response = await transport.handle_async_request(request)
               ^^^^^^^^^^^^^^^^^^^^^^^^^^^^^^^^^^^^^^^^^^^^^
  File "/home/nozimbek/Downloads/files (2)/.venv/lib/python3.14/site-packages/httpx/_transports/default.py", line 393, in handle_async_request
    with map_httpcore_exceptions():
         ~~~~~~~~~~~~~~~~~~~~~~~^^
  File "/usr/lib/python3.14/contextlib.py", line 162, in __exit__
    self.gen.throw(value)
    ~~~~~~~~~~~~~~^^^^^^^
  File "/home/nozimbek/Downloads/files (2)/.venv/lib/python3.14/site-packages/httpx/_transports/default.py", line 118, in map_httpcore_exceptions
    raise mapped_exc(message) from exc
httpx.ConnectError: [Errno -3] Temporary failure in name resolution

The above exception was the direct cause of the following exception:

Traceback (most recent call last):
  File "/home/nozimbek/Downloads/files (2)/.venv/lib/python3.14/site-packages/telegram/ext/_utils/networkloop.py", line 161, in network_retry_loop
    await do_action()
  File "/home/nozimbek/Downloads/files (2)/.venv/lib/python3.14/site-packages/telegram/ext/_utils/networkloop.py", line 154, in do_action
    action_cb_task.result()
    ~~~~~~~~~~~~~~~~~~~~~^^
  File "/home/nozimbek/Downloads/files (2)/.venv/lib/python3.14/site-packages/telegram/ext/_updater.py", line 340, in polling_action_cb
    updates = await self.bot.get_updates(
              ^^^^^^^^^^^^^^^^^^^^^^^^^^^
    ...<3 lines>...
    )
    ^
  File "/home/nozimbek/Downloads/files (2)/.venv/lib/python3.14/site-packages/telegram/ext/_extbot.py", line 680, in get_updates
    updates = await super().get_updates(
              ^^^^^^^^^^^^^^^^^^^^^^^^^^
    ...<9 lines>...
    )
    ^
  File "/home/nozimbek/Downloads/files (2)/.venv/lib/python3.14/site-packages/telegram/_bot.py", line 4767, in get_updates
    await self._post(
    ^^^^^^^^^^^^^^^^^
    ...<7 lines>...
    ),
    ^
  File "/home/nozimbek/Downloads/files (2)/.venv/lib/python3.14/site-packages/telegram/_bot.py", line 712, in _post
    return await self._do_post(
           ^^^^^^^^^^^^^^^^^^^^
    ...<6 lines>...
    )
    ^
  File "/home/nozimbek/Downloads/files (2)/.venv/lib/python3.14/site-packages/telegram/ext/_extbot.py", line 378, in _do_post
    return await super()._do_post(
           ^^^^^^^^^^^^^^^^^^^^^^^
    ...<6 lines>...
    )
    ^
  File "/home/nozimbek/Downloads/files (2)/.venv/lib/python3.14/site-packages/telegram/_bot.py", line 741, in _do_post
    result = await request.post(
             ^^^^^^^^^^^^^^^^^^^
    ...<6 lines>...
    )
    ^
  File "/home/nozimbek/Downloads/files (2)/.venv/lib/python3.14/site-packages/telegram/request/_baserequest.py", line 198, in post
    result = await self._request_wrapper(
             ^^^^^^^^^^^^^^^^^^^^^^^^^^^^
    ...<7 lines>...
    )
    ^
  File "/home/nozimbek/Downloads/files (2)/.venv/lib/python3.14/site-packages/telegram/request/_baserequest.py", line 305, in _request_wrapper
    code, payload = await self.do_request(
                    ^^^^^^^^^^^^^^^^^^^^^^
    ...<7 lines>...
    )
    ^
  File "/home/nozimbek/Downloads/files (2)/.venv/lib/python3.14/site-packages/telegram/request/_httpxrequest.py", line 303, in do_request
    raise NetworkError(f"httpx.{err.__class__.__name__}: {err}") from err
telegram.error.NetworkError: httpx.ConnectError: [Errno -3] Temporary failure in name resolution
2026-09-10 00:18:31,514 - telegram.ext.Application - ERROR - No error handlers are registered, logging exception.
Traceback (most recent call last):
  File "/home/nozimbek/Downloads/files (2)/.venv/lib/python3.14/site-packages/httpx/_transports/default.py", line 101, in map_httpcore_exceptions
    yield
  File "/home/nozimbek/Downloads/files (2)/.venv/lib/python3.14/site-packages/httpx/_transports/default.py", line 394, in handle_async_request
    resp = await self._pool.handle_async_request(req)
           ^^^^^^^^^^^^^^^^^^^^^^^^^^^^^^^^^^^^^^^^^^
  File "/home/nozimbek/Downloads/files (2)/.venv/lib/python3.14/site-packages/httpcore/_async/connection_pool.py", line 256, in handle_async_request
    raise exc from None
  File "/home/nozimbek/Downloads/files (2)/.venv/lib/python3.14/site-packages/httpcore/_async/connection_pool.py", line 236, in handle_async_request
    response = await connection.handle_async_request(
               ^^^^^^^^^^^^^^^^^^^^^^^^^^^^^^^^^^^^^^
        pool_request.request
        ^^^^^^^^^^^^^^^^^^^^
    )
    ^
  File "/home/nozimbek/Downloads/files (2)/.venv/lib/python3.14/site-packages/httpcore/_async/connection.py", line 101, in handle_async_request
    raise exc
  File "/home/nozimbek/Downloads/files (2)/.venv/lib/python3.14/site-packages/httpcore/_async/connection.py", line 78, in handle_async_request
    stream = await self._connect(request)
             ^^^^^^^^^^^^^^^^^^^^^^^^^^^^
  File "/home/nozimbek/Downloads/files (2)/.venv/lib/python3.14/site-packages/httpcore/_async/connection.py", line 124, in _connect
    stream = await self._network_backend.connect_tcp(**kwargs)
             ^^^^^^^^^^^^^^^^^^^^^^^^^^^^^^^^^^^^^^^^^^^^^^^^^
  File "/home/nozimbek/Downloads/files (2)/.venv/lib/python3.14/site-packages/httpcore/_backends/auto.py", line 31, in connect_tcp
    return await self._backend.connect_tcp(
           ^^^^^^^^^^^^^^^^^^^^^^^^^^^^^^^^
    ...<5 lines>...
    )
    ^
  File "/home/nozimbek/Downloads/files (2)/.venv/lib/python3.14/site-packages/httpcore/_backends/anyio.py", line 113, in connect_tcp
    with map_exceptions(exc_map):
         ~~~~~~~~~~~~~~^^^^^^^^^
  File "/usr/lib/python3.14/contextlib.py", line 162, in __exit__
    self.gen.throw(value)
    ~~~~~~~~~~~~~~^^^^^^^
  File "/home/nozimbek/Downloads/files (2)/.venv/lib/python3.14/site-packages/httpcore/_exceptions.py", line 14, in map_exceptions
    raise to_exc(exc) from exc
httpcore.ConnectError: [Errno -3] Temporary failure in name resolution

The above exception was the direct cause of the following exception:

Traceback (most recent call last):
  File "/home/nozimbek/Downloads/files (2)/.venv/lib/python3.14/site-packages/telegram/request/_httpxrequest.py", line 279, in do_request
    res = await self._client.request(
          ^^^^^^^^^^^^^^^^^^^^^^^^^^^
    ...<6 lines>...
    )
    ^
  File "/home/nozimbek/Downloads/files (2)/.venv/lib/python3.14/site-packages/httpx/_client.py", line 1540, in request
    return await self.send(request, auth=auth, follow_redirects=follow_redirects)
           ^^^^^^^^^^^^^^^^^^^^^^^^^^^^^^^^^^^^^^^^^^^^^^^^^^^^^^^^^^^^^^^^^^^^^^
  File "/home/nozimbek/Downloads/files (2)/.venv/lib/python3.14/site-packages/httpx/_client.py", line 1629, in send
    response = await self._send_handling_auth(
               ^^^^^^^^^^^^^^^^^^^^^^^^^^^^^^^
    ...<4 lines>...
    )
    ^
  File "/home/nozimbek/Downloads/files (2)/.venv/lib/python3.14/site-packages/httpx/_client.py", line 1657, in _send_handling_auth
    response = await self._send_handling_redirects(
               ^^^^^^^^^^^^^^^^^^^^^^^^^^^^^^^^^^^^
    ...<3 lines>...
    )
    ^
  File "/home/nozimbek/Downloads/files (2)/.venv/lib/python3.14/site-packages/httpx/_client.py", line 1694, in _send_handling_redirects
    response = await self._send_single_request(request)
               ^^^^^^^^^^^^^^^^^^^^^^^^^^^^^^^^^^^^^^^^
  File "/home/nozimbek/Downloads/files (2)/.venv/lib/python3.14/site-packages/httpx/_client.py", line 1730, in _send_single_request
    response = await transport.handle_async_request(request)
               ^^^^^^^^^^^^^^^^^^^^^^^^^^^^^^^^^^^^^^^^^^^^^
  File "/home/nozimbek/Downloads/files (2)/.venv/lib/python3.14/site-packages/httpx/_transports/default.py", line 393, in handle_async_request
    with map_httpcore_exceptions():
         ~~~~~~~~~~~~~~~~~~~~~~~^^
  File "/usr/lib/python3.14/contextlib.py", line 162, in __exit__
    self.gen.throw(value)
    ~~~~~~~~~~~~~~^^^^^^^
  File "/home/nozimbek/Downloads/files (2)/.venv/lib/python3.14/site-packages/httpx/_transports/default.py", line 118, in map_httpcore_exceptions
    raise mapped_exc(message) from exc
httpx.ConnectError: [Errno -3] Temporary failure in name resolution

The above exception was the direct cause of the following exception:

Traceback (most recent call last):
  File "/home/nozimbek/Downloads/files (2)/.venv/lib/python3.14/site-packages/telegram/ext/_utils/networkloop.py", line 161, in network_retry_loop
    await do_action()
  File "/home/nozimbek/Downloads/files (2)/.venv/lib/python3.14/site-packages/telegram/ext/_utils/networkloop.py", line 154, in do_action
    action_cb_task.result()
    ~~~~~~~~~~~~~~~~~~~~~^^
  File "/home/nozimbek/Downloads/files (2)/.venv/lib/python3.14/site-packages/telegram/ext/_updater.py", line 340, in polling_action_cb
    updates = await self.bot.get_updates(
              ^^^^^^^^^^^^^^^^^^^^^^^^^^^
    ...<3 lines>...
    )
    ^
  File "/home/nozimbek/Downloads/files (2)/.venv/lib/python3.14/site-packages/telegram/ext/_extbot.py", line 680, in get_updates
    updates = await super().get_updates(
              ^^^^^^^^^^^^^^^^^^^^^^^^^^
    ...<9 lines>...
    )
    ^
  File "/home/nozimbek/Downloads/files (2)/.venv/lib/python3.14/site-packages/telegram/_bot.py", line 4767, in get_updates
    await self._post(
    ^^^^^^^^^^^^^^^^^
    ...<7 lines>...
    ),
    ^
  File "/home/nozimbek/Downloads/files (2)/.venv/lib/python3.14/site-packages/telegram/_bot.py", line 712, in _post
    return await self._do_post(
           ^^^^^^^^^^^^^^^^^^^^
    ...<6 lines>...
    )
    ^
  File "/home/nozimbek/Downloads/files (2)/.venv/lib/python3.14/site-packages/telegram/ext/_extbot.py", line 378, in _do_post
    return await super()._do_post(
           ^^^^^^^^^^^^^^^^^^^^^^^
    ...<6 lines>...
    )
    ^
  File "/home/nozimbek/Downloads/files (2)/.venv/lib/python3.14/site-packages/telegram/_bot.py", line 741, in _do_post
    result = await request.post(
             ^^^^^^^^^^^^^^^^^^^
    ...<6 lines>...
    )
    ^
  File "/home/nozimbek/Downloads/files (2)/.venv/lib/python3.14/site-packages/telegram/request/_baserequest.py", line 198, in post
    result = await self._request_wrapper(
             ^^^^^^^^^^^^^^^^^^^^^^^^^^^^
    ...<7 lines>...
    )
    ^
  File "/home/nozimbek/Downloads/files (2)/.venv/lib/python3.14/site-packages/telegram/request/_baserequest.py", line 305, in _request_wrapper
    code, payload = await self.do_request(
                    ^^^^^^^^^^^^^^^^^^^^^^
    ...<7 lines>...
    )
    ^
  File "/home/nozimbek/Downloads/files (2)/.venv/lib/python3.14/site-packages/telegram/request/_httpxrequest.py", line 303, in do_request
    raise NetworkError(f"httpx.{err.__class__.__name__}: {err}") from err
telegram.error.NetworkError: httpx.ConnectError: [Errno -3] Temporary failure in name resolution
2026-09-10 00:19:01,549 - telegram.ext.Application - ERROR - No error handlers are registered, logging exception.
Traceback (most recent call last):
  File "/home/nozimbek/Downloads/files (2)/.venv/lib/python3.14/site-packages/httpx/_transports/default.py", line 101, in map_httpcore_exceptions
    yield
  File "/home/nozimbek/Downloads/files (2)/.venv/lib/python3.14/site-packages/httpx/_transports/default.py", line 394, in handle_async_request
    resp = await self._pool.handle_async_request(req)
           ^^^^^^^^^^^^^^^^^^^^^^^^^^^^^^^^^^^^^^^^^^
  File "/home/nozimbek/Downloads/files (2)/.venv/lib/python3.14/site-packages/httpcore/_async/connection_pool.py", line 256, in handle_async_request
    raise exc from None
  File "/home/nozimbek/Downloads/files (2)/.venv/lib/python3.14/site-packages/httpcore/_async/connection_pool.py", line 236, in handle_async_request
    response = await connection.handle_async_request(
               ^^^^^^^^^^^^^^^^^^^^^^^^^^^^^^^^^^^^^^
        pool_request.request
        ^^^^^^^^^^^^^^^^^^^^
    )
    ^
  File "/home/nozimbek/Downloads/files (2)/.venv/lib/python3.14/site-packages/httpcore/_async/connection.py", line 101, in handle_async_request
    raise exc
  File "/home/nozimbek/Downloads/files (2)/.venv/lib/python3.14/site-packages/httpcore/_async/connection.py", line 78, in handle_async_request
    stream = await self._connect(request)
             ^^^^^^^^^^^^^^^^^^^^^^^^^^^^
  File "/home/nozimbek/Downloads/files (2)/.venv/lib/python3.14/site-packages/httpcore/_async/connection.py", line 124, in _connect
    stream = await self._network_backend.connect_tcp(**kwargs)
             ^^^^^^^^^^^^^^^^^^^^^^^^^^^^^^^^^^^^^^^^^^^^^^^^^
  File "/home/nozimbek/Downloads/files (2)/.venv/lib/python3.14/site-packages/httpcore/_backends/auto.py", line 31, in connect_tcp
    return await self._backend.connect_tcp(
           ^^^^^^^^^^^^^^^^^^^^^^^^^^^^^^^^
    ...<5 lines>...
    )
    ^
  File "/home/nozimbek/Downloads/files (2)/.venv/lib/python3.14/site-packages/httpcore/_backends/anyio.py", line 113, in connect_tcp
    with map_exceptions(exc_map):
         ~~~~~~~~~~~~~~^^^^^^^^^
  File "/usr/lib/python3.14/contextlib.py", line 162, in __exit__
    self.gen.throw(value)
    ~~~~~~~~~~~~~~^^^^^^^
  File "/home/nozimbek/Downloads/files (2)/.venv/lib/python3.14/site-packages/httpcore/_exceptions.py", line 14, in map_exceptions
    raise to_exc(exc) from exc
httpcore.ConnectError: [Errno -3] Temporary failure in name resolution

The above exception was the direct cause of the following exception:

Traceback (most recent call last):
  File "/home/nozimbek/Downloads/files (2)/.venv/lib/python3.14/site-packages/telegram/request/_httpxrequest.py", line 279, in do_request
    res = await self._client.request(
          ^^^^^^^^^^^^^^^^^^^^^^^^^^^
    ...<6 lines>...
    )
    ^
  File "/home/nozimbek/Downloads/files (2)/.venv/lib/python3.14/site-packages/httpx/_client.py", line 1540, in request
    return await self.send(request, auth=auth, follow_redirects=follow_redirects)
           ^^^^^^^^^^^^^^^^^^^^^^^^^^^^^^^^^^^^^^^^^^^^^^^^^^^^^^^^^^^^^^^^^^^^^^
  File "/home/nozimbek/Downloads/files (2)/.venv/lib/python3.14/site-packages/httpx/_client.py", line 1629, in send
    response = await self._send_handling_auth(
               ^^^^^^^^^^^^^^^^^^^^^^^^^^^^^^^
    ...<4 lines>...
    )
    ^
  File "/home/nozimbek/Downloads/files (2)/.venv/lib/python3.14/site-packages/httpx/_client.py", line 1657, in _send_handling_auth
    response = await self._send_handling_redirects(
               ^^^^^^^^^^^^^^^^^^^^^^^^^^^^^^^^^^^^
    ...<3 lines>...
    )
    ^
  File "/home/nozimbek/Downloads/files (2)/.venv/lib/python3.14/site-packages/httpx/_client.py", line 1694, in _send_handling_redirects
    response = await self._send_single_request(request)
               ^^^^^^^^^^^^^^^^^^^^^^^^^^^^^^^^^^^^^^^^
  File "/home/nozimbek/Downloads/files (2)/.venv/lib/python3.14/site-packages/httpx/_client.py", line 1730, in _send_single_request
    response = await transport.handle_async_request(request)
               ^^^^^^^^^^^^^^^^^^^^^^^^^^^^^^^^^^^^^^^^^^^^^
  File "/home/nozimbek/Downloads/files (2)/.venv/lib/python3.14/site-packages/httpx/_transports/default.py", line 393, in handle_async_request
    with map_httpcore_exceptions():
         ~~~~~~~~~~~~~~~~~~~~~~~^^
  File "/usr/lib/python3.14/contextlib.py", line 162, in __exit__
    self.gen.throw(value)
    ~~~~~~~~~~~~~~^^^^^^^
  File "/home/nozimbek/Downloads/files (2)/.venv/lib/python3.14/site-packages/httpx/_transports/default.py", line 118, in map_httpcore_exceptions
    raise mapped_exc(message) from exc
httpx.ConnectError: [Errno -3] Temporary failure in name resolution

The above exception was the direct cause of the following exception:

Traceback (most recent call last):
  File "/home/nozimbek/Downloads/files (2)/.venv/lib/python3.14/site-packages/telegram/ext/_utils/networkloop.py", line 161, in network_retry_loop
    await do_action()
  File "/home/nozimbek/Downloads/files (2)/.venv/lib/python3.14/site-packages/telegram/ext/_utils/networkloop.py", line 154, in do_action
    action_cb_task.result()
    ~~~~~~~~~~~~~~~~~~~~~^^
  File "/home/nozimbek/Downloads/files (2)/.venv/lib/python3.14/site-packages/telegram/ext/_updater.py", line 340, in polling_action_cb
    updates = await self.bot.get_updates(
              ^^^^^^^^^^^^^^^^^^^^^^^^^^^
    ...<3 lines>...
    )
    ^
  File "/home/nozimbek/Downloads/files (2)/.venv/lib/python3.14/site-packages/telegram/ext/_extbot.py", line 680, in get_updates
    updates = await super().get_updates(
              ^^^^^^^^^^^^^^^^^^^^^^^^^^
    ...<9 lines>...
    )
    ^
  File "/home/nozimbek/Downloads/files (2)/.venv/lib/python3.14/site-packages/telegram/_bot.py", line 4767, in get_updates
    await self._post(
    ^^^^^^^^^^^^^^^^^
    ...<7 lines>...
    ),
    ^
  File "/home/nozimbek/Downloads/files (2)/.venv/lib/python3.14/site-packages/telegram/_bot.py", line 712, in _post
    return await self._do_post(
           ^^^^^^^^^^^^^^^^^^^^
    ...<6 lines>...
    )
    ^
  File "/home/nozimbek/Downloads/files (2)/.venv/lib/python3.14/site-packages/telegram/ext/_extbot.py", line 378, in _do_post
    return await super()._do_post(
           ^^^^^^^^^^^^^^^^^^^^^^^
    ...<6 lines>...
    )
    ^
  File "/home/nozimbek/Downloads/files (2)/.venv/lib/python3.14/site-packages/telegram/_bot.py", line 741, in _do_post
    result = await request.post(
             ^^^^^^^^^^^^^^^^^^^
    ...<6 lines>...
    )
    ^
  File "/home/nozimbek/Downloads/files (2)/.venv/lib/python3.14/site-packages/telegram/request/_baserequest.py", line 198, in post
    result = await self._request_wrapper(
             ^^^^^^^^^^^^^^^^^^^^^^^^^^^^
    ...<7 lines>...
    )
    ^
  File "/home/nozimbek/Downloads/files (2)/.venv/lib/python3.14/site-packages/telegram/request/_baserequest.py", line 305, in _request_wrapper
    code, payload = await self.do_request(
                    ^^^^^^^^^^^^^^^^^^^^^^
    ...<7 lines>...
    )
    ^
  File "/home/nozimbek/Downloads/files (2)/.venv/lib/python3.14/site-packages/telegram/request/_httpxrequest.py", line 303, in do_request
    raise NetworkError(f"httpx.{err.__class__.__name__}: {err}") from err
telegram.error.NetworkError: httpx.ConnectError: [Errno -3] Temporary failure in name resolution
2026-09-10 00:19:31,584 - telegram.ext.Application - ERROR - No error handlers are registered, logging exception.
Traceback (most recent call last):
  File "/home/nozimbek/Downloads/files (2)/.venv/lib/python3.14/site-packages/httpx/_transports/default.py", line 101, in map_httpcore_exceptions
    yield
  File "/home/nozimbek/Downloads/files (2)/.venv/lib/python3.14/site-packages/httpx/_transports/default.py", line 394, in handle_async_request
    resp = await self._pool.handle_async_request(req)
           ^^^^^^^^^^^^^^^^^^^^^^^^^^^^^^^^^^^^^^^^^^
  File "/home/nozimbek/Downloads/files (2)/.venv/lib/python3.14/site-packages/httpcore/_async/connection_pool.py", line 256, in handle_async_request
    raise exc from None
  File "/home/nozimbek/Downloads/files (2)/.venv/lib/python3.14/site-packages/httpcore/_async/connection_pool.py", line 236, in handle_async_request
    response = await connection.handle_async_request(
               ^^^^^^^^^^^^^^^^^^^^^^^^^^^^^^^^^^^^^^
        pool_request.request
        ^^^^^^^^^^^^^^^^^^^^
    )
    ^
  File "/home/nozimbek/Downloads/files (2)/.venv/lib/python3.14/site-packages/httpcore/_async/connection.py", line 101, in handle_async_request
    raise exc
  File "/home/nozimbek/Downloads/files (2)/.venv/lib/python3.14/site-packages/httpcore/_async/connection.py", line 78, in handle_async_request
    stream = await self._connect(request)
             ^^^^^^^^^^^^^^^^^^^^^^^^^^^^
  File "/home/nozimbek/Downloads/files (2)/.venv/lib/python3.14/site-packages/httpcore/_async/connection.py", line 124, in _connect
    stream = await self._network_backend.connect_tcp(**kwargs)
             ^^^^^^^^^^^^^^^^^^^^^^^^^^^^^^^^^^^^^^^^^^^^^^^^^
  File "/home/nozimbek/Downloads/files (2)/.venv/lib/python3.14/site-packages/httpcore/_backends/auto.py", line 31, in connect_tcp
    return await self._backend.connect_tcp(
           ^^^^^^^^^^^^^^^^^^^^^^^^^^^^^^^^
    ...<5 lines>...
    )
    ^
  File "/home/nozimbek/Downloads/files (2)/.venv/lib/python3.14/site-packages/httpcore/_backends/anyio.py", line 113, in connect_tcp
    with map_exceptions(exc_map):
         ~~~~~~~~~~~~~~^^^^^^^^^
  File "/usr/lib/python3.14/contextlib.py", line 162, in __exit__
    self.gen.throw(value)
    ~~~~~~~~~~~~~~^^^^^^^
  File "/home/nozimbek/Downloads/files (2)/.venv/lib/python3.14/site-packages/httpcore/_exceptions.py", line 14, in map_exceptions
    raise to_exc(exc) from exc
httpcore.ConnectError: [Errno -3] Temporary failure in name resolution

The above exception was the direct cause of the following exception:

Traceback (most recent call last):
  File "/home/nozimbek/Downloads/files (2)/.venv/lib/python3.14/site-packages/telegram/request/_httpxrequest.py", line 279, in do_request
    res = await self._client.request(
          ^^^^^^^^^^^^^^^^^^^^^^^^^^^
    ...<6 lines>...
    )
    ^
  File "/home/nozimbek/Downloads/files (2)/.venv/lib/python3.14/site-packages/httpx/_client.py", line 1540, in request
    return await self.send(request, auth=auth, follow_redirects=follow_redirects)
           ^^^^^^^^^^^^^^^^^^^^^^^^^^^^^^^^^^^^^^^^^^^^^^^^^^^^^^^^^^^^^^^^^^^^^^
  File "/home/nozimbek/Downloads/files (2)/.venv/lib/python3.14/site-packages/httpx/_client.py", line 1629, in send
    response = await self._send_handling_auth(
               ^^^^^^^^^^^^^^^^^^^^^^^^^^^^^^^
    ...<4 lines>...
    )
    ^
  File "/home/nozimbek/Downloads/files (2)/.venv/lib/python3.14/site-packages/httpx/_client.py", line 1657, in _send_handling_auth
    response = await self._send_handling_redirects(
               ^^^^^^^^^^^^^^^^^^^^^^^^^^^^^^^^^^^^
    ...<3 lines>...
    )
    ^
  File "/home/nozimbek/Downloads/files (2)/.venv/lib/python3.14/site-packages/httpx/_client.py", line 1694, in _send_handling_redirects
    response = await self._send_single_request(request)
               ^^^^^^^^^^^^^^^^^^^^^^^^^^^^^^^^^^^^^^^^
  File "/home/nozimbek/Downloads/files (2)/.venv/lib/python3.14/site-packages/httpx/_client.py", line 1730, in _send_single_request
    response = await transport.handle_async_request(request)
               ^^^^^^^^^^^^^^^^^^^^^^^^^^^^^^^^^^^^^^^^^^^^^
  File "/home/nozimbek/Downloads/files (2)/.venv/lib/python3.14/site-packages/httpx/_transports/default.py", line 393, in handle_async_request
    with map_httpcore_exceptions():
         ~~~~~~~~~~~~~~~~~~~~~~~^^
  File "/usr/lib/python3.14/contextlib.py", line 162, in __exit__
    self.gen.throw(value)
    ~~~~~~~~~~~~~~^^^^^^^
  File "/home/nozimbek/Downloads/files (2)/.venv/lib/python3.14/site-packages/httpx/_transports/default.py", line 118, in map_httpcore_exceptions
    raise mapped_exc(message) from exc
httpx.ConnectError: [Errno -3] Temporary failure in name resolution

The above exception was the direct cause of the following exception:

Traceback (most recent call last):
  File "/home/nozimbek/Downloads/files (2)/.venv/lib/python3.14/site-packages/telegram/ext/_utils/networkloop.py", line 161, in network_retry_loop
    await do_action()
  File "/home/nozimbek/Downloads/files (2)/.venv/lib/python3.14/site-packages/telegram/ext/_utils/networkloop.py", line 154, in do_action
    action_cb_task.result()
    ~~~~~~~~~~~~~~~~~~~~~^^
  File "/home/nozimbek/Downloads/files (2)/.venv/lib/python3.14/site-packages/telegram/ext/_updater.py", line 340, in polling_action_cb
    updates = await self.bot.get_updates(
              ^^^^^^^^^^^^^^^^^^^^^^^^^^^
    ...<3 lines>...
    )
    ^
  File "/home/nozimbek/Downloads/files (2)/.venv/lib/python3.14/site-packages/telegram/ext/_extbot.py", line 680, in get_updates
    updates = await super().get_updates(
              ^^^^^^^^^^^^^^^^^^^^^^^^^^
    ...<9 lines>...
    )
    ^
  File "/home/nozimbek/Downloads/files (2)/.venv/lib/python3.14/site-packages/telegram/_bot.py", line 4767, in get_updates
    await self._post(
    ^^^^^^^^^^^^^^^^^
    ...<7 lines>...
    ),
    ^
  File "/home/nozimbek/Downloads/files (2)/.venv/lib/python3.14/site-packages/telegram/_bot.py", line 712, in _post
    return await self._do_post(
           ^^^^^^^^^^^^^^^^^^^^
    ...<6 lines>...
    )
    ^
  File "/home/nozimbek/Downloads/files (2)/.venv/lib/python3.14/site-packages/telegram/ext/_extbot.py", line 378, in _do_post
    return await super()._do_post(
           ^^^^^^^^^^^^^^^^^^^^^^^
    ...<6 lines>...
    )
    ^
  File "/home/nozimbek/Downloads/files (2)/.venv/lib/python3.14/site-packages/telegram/_bot.py", line 741, in _do_post
    result = await request.post(
             ^^^^^^^^^^^^^^^^^^^
    ...<6 lines>...
    )
    ^
  File "/home/nozimbek/Downloads/files (2)/.venv/lib/python3.14/site-packages/telegram/request/_baserequest.py", line 198, in post
    result = await self._request_wrapper(
             ^^^^^^^^^^^^^^^^^^^^^^^^^^^^
    ...<7 lines>...
    )
    ^
  File "/home/nozimbek/Downloads/files (2)/.venv/lib/python3.14/site-packages/telegram/request/_baserequest.py", line 305, in _request_wrapper
    code, payload = await self.do_request(
                    ^^^^^^^^^^^^^^^^^^^^^^
    ...<7 lines>...
    )
    ^
  File "/home/nozimbek/Downloads/files (2)/.venv/lib/python3.14/site-packages/telegram/request/_httpxrequest.py", line 303, in do_request
    raise NetworkError(f"httpx.{err.__class__.__name__}: {err}") from err
telegram.error.NetworkError: httpx.ConnectError: [Errno -3] Temporary failure in name resolution
2026-09-10 00:20:01,619 - telegram.ext.Application - ERROR - No error handlers are registered, logging exception.
Traceback (most recent call last):
  File "/home/nozimbek/Downloads/files (2)/.venv/lib/python3.14/site-packages/httpx/_transports/default.py", line 101, in map_httpcore_exceptions
    yield
  File "/home/nozimbek/Downloads/files (2)/.venv/lib/python3.14/site-packages/httpx/_transports/default.py", line 394, in handle_async_request
    resp = await self._pool.handle_async_request(req)
           ^^^^^^^^^^^^^^^^^^^^^^^^^^^^^^^^^^^^^^^^^^
  File "/home/nozimbek/Downloads/files (2)/.venv/lib/python3.14/site-packages/httpcore/_async/connection_pool.py", line 256, in handle_async_request
    raise exc from None
  File "/home/nozimbek/Downloads/files (2)/.venv/lib/python3.14/site-packages/httpcore/_async/connection_pool.py", line 236, in handle_async_request
    response = await connection.handle_async_request(
               ^^^^^^^^^^^^^^^^^^^^^^^^^^^^^^^^^^^^^^
        pool_request.request
        ^^^^^^^^^^^^^^^^^^^^
    )
    ^
  File "/home/nozimbek/Downloads/files (2)/.venv/lib/python3.14/site-packages/httpcore/_async/connection.py", line 101, in handle_async_request
    raise exc
  File "/home/nozimbek/Downloads/files (2)/.venv/lib/python3.14/site-packages/httpcore/_async/connection.py", line 78, in handle_async_request
    stream = await self._connect(request)
             ^^^^^^^^^^^^^^^^^^^^^^^^^^^^
  File "/home/nozimbek/Downloads/files (2)/.venv/lib/python3.14/site-packages/httpcore/_async/connection.py", line 124, in _connect
    stream = await self._network_backend.connect_tcp(**kwargs)
             ^^^^^^^^^^^^^^^^^^^^^^^^^^^^^^^^^^^^^^^^^^^^^^^^^
  File "/home/nozimbek/Downloads/files (2)/.venv/lib/python3.14/site-packages/httpcore/_backends/auto.py", line 31, in connect_tcp
    return await self._backend.connect_tcp(
           ^^^^^^^^^^^^^^^^^^^^^^^^^^^^^^^^
    ...<5 lines>...
    )
    ^
  File "/home/nozimbek/Downloads/files (2)/.venv/lib/python3.14/site-packages/httpcore/_backends/anyio.py", line 113, in connect_tcp
    with map_exceptions(exc_map):
         ~~~~~~~~~~~~~~^^^^^^^^^
  File "/usr/lib/python3.14/contextlib.py", line 162, in __exit__
    self.gen.throw(value)
    ~~~~~~~~~~~~~~^^^^^^^
  File "/home/nozimbek/Downloads/files (2)/.venv/lib/python3.14/site-packages/httpcore/_exceptions.py", line 14, in map_exceptions
    raise to_exc(exc) from exc
httpcore.ConnectError: [Errno -3] Temporary failure in name resolution

The above exception was the direct cause of the following exception:

Traceback (most recent call last):
  File "/home/nozimbek/Downloads/files (2)/.venv/lib/python3.14/site-packages/telegram/request/_httpxrequest.py", line 279, in do_request
    res = await self._client.request(
          ^^^^^^^^^^^^^^^^^^^^^^^^^^^
    ...<6 lines>...
    )
    ^
  File "/home/nozimbek/Downloads/files (2)/.venv/lib/python3.14/site-packages/httpx/_client.py", line 1540, in request
    return await self.send(request, auth=auth, follow_redirects=follow_redirects)
           ^^^^^^^^^^^^^^^^^^^^^^^^^^^^^^^^^^^^^^^^^^^^^^^^^^^^^^^^^^^^^^^^^^^^^^
  File "/home/nozimbek/Downloads/files (2)/.venv/lib/python3.14/site-packages/httpx/_client.py", line 1629, in send
    response = await self._send_handling_auth(
               ^^^^^^^^^^^^^^^^^^^^^^^^^^^^^^^
    ...<4 lines>...
    )
    ^
  File "/home/nozimbek/Downloads/files (2)/.venv/lib/python3.14/site-packages/httpx/_client.py", line 1657, in _send_handling_auth
    response = await self._send_handling_redirects(
               ^^^^^^^^^^^^^^^^^^^^^^^^^^^^^^^^^^^^
    ...<3 lines>...
    )
    ^
  File "/home/nozimbek/Downloads/files (2)/.venv/lib/python3.14/site-packages/httpx/_client.py", line 1694, in _send_handling_redirects
    response = await self._send_single_request(request)
               ^^^^^^^^^^^^^^^^^^^^^^^^^^^^^^^^^^^^^^^^
  File "/home/nozimbek/Downloads/files (2)/.venv/lib/python3.14/site-packages/httpx/_client.py", line 1730, in _send_single_request
    response = await transport.handle_async_request(request)
               ^^^^^^^^^^^^^^^^^^^^^^^^^^^^^^^^^^^^^^^^^^^^^
  File "/home/nozimbek/Downloads/files (2)/.venv/lib/python3.14/site-packages/httpx/_transports/default.py", line 393, in handle_async_request
    with map_httpcore_exceptions():
         ~~~~~~~~~~~~~~~~~~~~~~~^^
  File "/usr/lib/python3.14/contextlib.py", line 162, in __exit__
    self.gen.throw(value)
    ~~~~~~~~~~~~~~^^^^^^^
  File "/home/nozimbek/Downloads/files (2)/.venv/lib/python3.14/site-packages/httpx/_transports/default.py", line 118, in map_httpcore_exceptions
    raise mapped_exc(message) from exc
httpx.ConnectError: [Errno -3] Temporary failure in name resolution

The above exception was the direct cause of the following exception:

Traceback (most recent call last):
  File "/home/nozimbek/Downloads/files (2)/.venv/lib/python3.14/site-packages/telegram/ext/_utils/networkloop.py", line 161, in network_retry_loop
    await do_action()
  File "/home/nozimbek/Downloads/files (2)/.venv/lib/python3.14/site-packages/telegram/ext/_utils/networkloop.py", line 154, in do_action
    action_cb_task.result()
    ~~~~~~~~~~~~~~~~~~~~~^^
  File "/home/nozimbek/Downloads/files (2)/.venv/lib/python3.14/site-packages/telegram/ext/_updater.py", line 340, in polling_action_cb
    updates = await self.bot.get_updates(
              ^^^^^^^^^^^^^^^^^^^^^^^^^^^
    ...<3 lines>...
    )
    ^
  File "/home/nozimbek/Downloads/files (2)/.venv/lib/python3.14/site-packages/telegram/ext/_extbot.py", line 680, in get_updates
    updates = await super().get_updates(
              ^^^^^^^^^^^^^^^^^^^^^^^^^^
    ...<9 lines>...
    )
    ^
  File "/home/nozimbek/Downloads/files (2)/.venv/lib/python3.14/site-packages/telegram/_bot.py", line 4767, in get_updates
    await self._post(
    ^^^^^^^^^^^^^^^^^
    ...<7 lines>...
    ),
    ^
  File "/home/nozimbek/Downloads/files (2)/.venv/lib/python3.14/site-packages/telegram/_bot.py", line 712, in _post
    return await self._do_post(
           ^^^^^^^^^^^^^^^^^^^^
    ...<6 lines>...
    )
    ^
  File "/home/nozimbek/Downloads/files (2)/.venv/lib/python3.14/site-packages/telegram/ext/_extbot.py", line 378, in _do_post
    return await super()._do_post(
           ^^^^^^^^^^^^^^^^^^^^^^^
    ...<6 lines>...
    )
    ^
  File "/home/nozimbek/Downloads/files (2)/.venv/lib/python3.14/site-packages/telegram/_bot.py", line 741, in _do_post
    result = await request.post(
             ^^^^^^^^^^^^^^^^^^^
    ...<6 lines>...
    )
    ^
  File "/home/nozimbek/Downloads/files (2)/.venv/lib/python3.14/site-packages/telegram/request/_baserequest.py", line 198, in post
    result = await self._request_wrapper(
             ^^^^^^^^^^^^^^^^^^^^^^^^^^^^
    ...<7 lines>...
    )
    ^
  File "/home/nozimbek/Downloads/files (2)/.venv/lib/python3.14/site-packages/telegram/request/_baserequest.py", line 305, in _request_wrapper
    code, payload = await self.do_request(
                    ^^^^^^^^^^^^^^^^^^^^^^
    ...<7 lines>...
    )
    ^
  File "/home/nozimbek/Downloads/files (2)/.venv/lib/python3.14/site-packages/telegram/request/_httpxrequest.py", line 303, in do_request
    raise NetworkError(f"httpx.{err.__class__.__name__}: {err}") from err
telegram.error.NetworkError: httpx.ConnectError: [Errno -3] Temporary failure in name resolution
2026-09-10 00:20:31,654 - telegram.ext.Application - ERROR - No error handlers are registered, logging exception.
Traceback (most recent call last):
  File "/home/nozimbek/Downloads/files (2)/.venv/lib/python3.14/site-packages/httpx/_transports/default.py", line 101, in map_httpcore_exceptions
    yield
  File "/home/nozimbek/Downloads/files (2)/.venv/lib/python3.14/site-packages/httpx/_transports/default.py", line 394, in handle_async_request
    resp = await self._pool.handle_async_request(req)
           ^^^^^^^^^^^^^^^^^^^^^^^^^^^^^^^^^^^^^^^^^^
  File "/home/nozimbek/Downloads/files (2)/.venv/lib/python3.14/site-packages/httpcore/_async/connection_pool.py", line 256, in handle_async_request
    raise exc from None
  File "/home/nozimbek/Downloads/files (2)/.venv/lib/python3.14/site-packages/httpcore/_async/connection_pool.py", line 236, in handle_async_request
    response = await connection.handle_async_request(
               ^^^^^^^^^^^^^^^^^^^^^^^^^^^^^^^^^^^^^^
        pool_request.request
        ^^^^^^^^^^^^^^^^^^^^
    )
    ^
  File "/home/nozimbek/Downloads/files (2)/.venv/lib/python3.14/site-packages/httpcore/_async/connection.py", line 101, in handle_async_request
    raise exc
  File "/home/nozimbek/Downloads/files (2)/.venv/lib/python3.14/site-packages/httpcore/_async/connection.py", line 78, in handle_async_request
    stream = await self._connect(request)
             ^^^^^^^^^^^^^^^^^^^^^^^^^^^^
  File "/home/nozimbek/Downloads/files (2)/.venv/lib/python3.14/site-packages/httpcore/_async/connection.py", line 124, in _connect
    stream = await self._network_backend.connect_tcp(**kwargs)
             ^^^^^^^^^^^^^^^^^^^^^^^^^^^^^^^^^^^^^^^^^^^^^^^^^
  File "/home/nozimbek/Downloads/files (2)/.venv/lib/python3.14/site-packages/httpcore/_backends/auto.py", line 31, in connect_tcp
    return await self._backend.connect_tcp(
           ^^^^^^^^^^^^^^^^^^^^^^^^^^^^^^^^
    ...<5 lines>...
    )
    ^
  File "/home/nozimbek/Downloads/files (2)/.venv/lib/python3.14/site-packages/httpcore/_backends/anyio.py", line 113, in connect_tcp
    with map_exceptions(exc_map):
         ~~~~~~~~~~~~~~^^^^^^^^^
  File "/usr/lib/python3.14/contextlib.py", line 162, in __exit__
    self.gen.throw(value)
    ~~~~~~~~~~~~~~^^^^^^^
  File "/home/nozimbek/Downloads/files (2)/.venv/lib/python3.14/site-packages/httpcore/_exceptions.py", line 14, in map_exceptions
    raise to_exc(exc) from exc
httpcore.ConnectError: [Errno -3] Temporary failure in name resolution

The above exception was the direct cause of the following exception:

Traceback (most recent call last):
  File "/home/nozimbek/Downloads/files (2)/.venv/lib/python3.14/site-packages/telegram/request/_httpxrequest.py", line 279, in do_request
    res = await self._client.request(
          ^^^^^^^^^^^^^^^^^^^^^^^^^^^
    ...<6 lines>...
    )
    ^
  File "/home/nozimbek/Downloads/files (2)/.venv/lib/python3.14/site-packages/httpx/_client.py", line 1540, in request
    return await self.send(request, auth=auth, follow_redirects=follow_redirects)
           ^^^^^^^^^^^^^^^^^^^^^^^^^^^^^^^^^^^^^^^^^^^^^^^^^^^^^^^^^^^^^^^^^^^^^^
  File "/home/nozimbek/Downloads/files (2)/.venv/lib/python3.14/site-packages/httpx/_client.py", line 1629, in send
    response = await self._send_handling_auth(
               ^^^^^^^^^^^^^^^^^^^^^^^^^^^^^^^
    ...<4 lines>...
    )
    ^
  File "/home/nozimbek/Downloads/files (2)/.venv/lib/python3.14/site-packages/httpx/_client.py", line 1657, in _send_handling_auth
    response = await self._send_handling_redirects(
               ^^^^^^^^^^^^^^^^^^^^^^^^^^^^^^^^^^^^
    ...<3 lines>...
    )
    ^
  File "/home/nozimbek/Downloads/files (2)/.venv/lib/python3.14/site-packages/httpx/_client.py", line 1694, in _send_handling_redirects
    response = await self._send_single_request(request)
               ^^^^^^^^^^^^^^^^^^^^^^^^^^^^^^^^^^^^^^^^
  File "/home/nozimbek/Downloads/files (2)/.venv/lib/python3.14/site-packages/httpx/_client.py", line 1730, in _send_single_request
    response = await transport.handle_async_request(request)
               ^^^^^^^^^^^^^^^^^^^^^^^^^^^^^^^^^^^^^^^^^^^^^
  File "/home/nozimbek/Downloads/files (2)/.venv/lib/python3.14/site-packages/httpx/_transports/default.py", line 393, in handle_async_request
    with map_httpcore_exceptions():
         ~~~~~~~~~~~~~~~~~~~~~~~^^
  File "/usr/lib/python3.14/contextlib.py", line 162, in __exit__
    self.gen.throw(value)
    ~~~~~~~~~~~~~~^^^^^^^
  File "/home/nozimbek/Downloads/files (2)/.venv/lib/python3.14/site-packages/httpx/_transports/default.py", line 118, in map_httpcore_exceptions
    raise mapped_exc(message) from exc
httpx.ConnectError: [Errno -3] Temporary failure in name resolution

The above exception was the direct cause of the following exception:

Traceback (most recent call last):
  File "/home/nozimbek/Downloads/files (2)/.venv/lib/python3.14/site-packages/telegram/ext/_utils/networkloop.py", line 161, in network_retry_loop
    await do_action()
  File "/home/nozimbek/Downloads/files (2)/.venv/lib/python3.14/site-packages/telegram/ext/_utils/networkloop.py", line 154, in do_action
    action_cb_task.result()
    ~~~~~~~~~~~~~~~~~~~~~^^
  File "/home/nozimbek/Downloads/files (2)/.venv/lib/python3.14/site-packages/telegram/ext/_updater.py", line 340, in polling_action_cb
    updates = await self.bot.get_updates(
              ^^^^^^^^^^^^^^^^^^^^^^^^^^^
    ...<3 lines>...
    )
    ^
  File "/home/nozimbek/Downloads/files (2)/.venv/lib/python3.14/site-packages/telegram/ext/_extbot.py", line 680, in get_updates
    updates = await super().get_updates(
              ^^^^^^^^^^^^^^^^^^^^^^^^^^
    ...<9 lines>...
    )
    ^
  File "/home/nozimbek/Downloads/files (2)/.venv/lib/python3.14/site-packages/telegram/_bot.py", line 4767, in get_updates
    await self._post(
    ^^^^^^^^^^^^^^^^^
    ...<7 lines>...
    ),
    ^
  File "/home/nozimbek/Downloads/files (2)/.venv/lib/python3.14/site-packages/telegram/_bot.py", line 712, in _post
    return await self._do_post(
           ^^^^^^^^^^^^^^^^^^^^
    ...<6 lines>...
    )
    ^
  File "/home/nozimbek/Downloads/files (2)/.venv/lib/python3.14/site-packages/telegram/ext/_extbot.py", line 378, in _do_post
    return await super()._do_post(
           ^^^^^^^^^^^^^^^^^^^^^^^
    ...<6 lines>...
    )
    ^
  File "/home/nozimbek/Downloads/files (2)/.venv/lib/python3.14/site-packages/telegram/_bot.py", line 741, in _do_post
    result = await request.post(
             ^^^^^^^^^^^^^^^^^^^
    ...<6 lines>...
    )
    ^
  File "/home/nozimbek/Downloads/files (2)/.venv/lib/python3.14/site-packages/telegram/request/_baserequest.py", line 198, in post
    result = await self._request_wrapper(
             ^^^^^^^^^^^^^^^^^^^^^^^^^^^^
    ...<7 lines>...
    )
    ^
  File "/home/nozimbek/Downloads/files (2)/.venv/lib/python3.14/site-packages/telegram/request/_baserequest.py", line 305, in _request_wrapper
    code, payload = await self.do_request(
                    ^^^^^^^^^^^^^^^^^^^^^^
    ...<7 lines>...
    )
    ^
  File "/home/nozimbek/Downloads/files (2)/.venv/lib/python3.14/site-packages/telegram/request/_httpxrequest.py", line 303, in do_request
    raise NetworkError(f"httpx.{err.__class__.__name__}: {err}") from err
telegram.error.NetworkError: httpx.ConnectError: [Errno -3] Temporary failure in name resolution
2026-09-10 00:21:01,689 - telegram.ext.Application - ERROR - No error handlers are registered, logging exception.
Traceback (most recent call last):
  File "/home/nozimbek/Downloads/files (2)/.venv/lib/python3.14/site-packages/httpx/_transports/default.py", line 101, in map_httpcore_exceptions
    yield
  File "/home/nozimbek/Downloads/files (2)/.venv/lib/python3.14/site-packages/httpx/_transports/default.py", line 394, in handle_async_request
    resp = await self._pool.handle_async_request(req)
           ^^^^^^^^^^^^^^^^^^^^^^^^^^^^^^^^^^^^^^^^^^
  File "/home/nozimbek/Downloads/files (2)/.venv/lib/python3.14/site-packages/httpcore/_async/connection_pool.py", line 256, in handle_async_request
    raise exc from None
  File "/home/nozimbek/Downloads/files (2)/.venv/lib/python3.14/site-packages/httpcore/_async/connection_pool.py", line 236, in handle_async_request
    response = await connection.handle_async_request(
               ^^^^^^^^^^^^^^^^^^^^^^^^^^^^^^^^^^^^^^
        pool_request.request
        ^^^^^^^^^^^^^^^^^^^^
    )
    ^
  File "/home/nozimbek/Downloads/files (2)/.venv/lib/python3.14/site-packages/httpcore/_async/connection.py", line 101, in handle_async_request
    raise exc
  File "/home/nozimbek/Downloads/files (2)/.venv/lib/python3.14/site-packages/httpcore/_async/connection.py", line 78, in handle_async_request
    stream = await self._connect(request)
             ^^^^^^^^^^^^^^^^^^^^^^^^^^^^
  File "/home/nozimbek/Downloads/files (2)/.venv/lib/python3.14/site-packages/httpcore/_async/connection.py", line 124, in _connect
    stream = await self._network_backend.connect_tcp(**kwargs)
             ^^^^^^^^^^^^^^^^^^^^^^^^^^^^^^^^^^^^^^^^^^^^^^^^^
  File "/home/nozimbek/Downloads/files (2)/.venv/lib/python3.14/site-packages/httpcore/_backends/auto.py", line 31, in connect_tcp
    return await self._backend.connect_tcp(
           ^^^^^^^^^^^^^^^^^^^^^^^^^^^^^^^^
    ...<5 lines>...
    )
    ^
  File "/home/nozimbek/Downloads/files (2)/.venv/lib/python3.14/site-packages/httpcore/_backends/anyio.py", line 113, in connect_tcp
    with map_exceptions(exc_map):
         ~~~~~~~~~~~~~~^^^^^^^^^
  File "/usr/lib/python3.14/contextlib.py", line 162, in __exit__
    self.gen.throw(value)
    ~~~~~~~~~~~~~~^^^^^^^
  File "/home/nozimbek/Downloads/files (2)/.venv/lib/python3.14/site-packages/httpcore/_exceptions.py", line 14, in map_exceptions
    raise to_exc(exc) from exc
httpcore.ConnectError: [Errno -3] Temporary failure in name resolution

The above exception was the direct cause of the following exception:

Traceback (most recent call last):
  File "/home/nozimbek/Downloads/files (2)/.venv/lib/python3.14/site-packages/telegram/request/_httpxrequest.py", line 279, in do_request
    res = await self._client.request(
          ^^^^^^^^^^^^^^^^^^^^^^^^^^^
    ...<6 lines>...
    )
    ^
  File "/home/nozimbek/Downloads/files (2)/.venv/lib/python3.14/site-packages/httpx/_client.py", line 1540, in request
    return await self.send(request, auth=auth, follow_redirects=follow_redirects)
           ^^^^^^^^^^^^^^^^^^^^^^^^^^^^^^^^^^^^^^^^^^^^^^^^^^^^^^^^^^^^^^^^^^^^^^
  File "/home/nozimbek/Downloads/files (2)/.venv/lib/python3.14/site-packages/httpx/_client.py", line 1629, in send
    response = await self._send_handling_auth(
               ^^^^^^^^^^^^^^^^^^^^^^^^^^^^^^^
    ...<4 lines>...
    )
    ^
  File "/home/nozimbek/Downloads/files (2)/.venv/lib/python3.14/site-packages/httpx/_client.py", line 1657, in _send_handling_auth
    response = await self._send_handling_redirects(
               ^^^^^^^^^^^^^^^^^^^^^^^^^^^^^^^^^^^^
    ...<3 lines>...
    )
    ^
  File "/home/nozimbek/Downloads/files (2)/.venv/lib/python3.14/site-packages/httpx/_client.py", line 1694, in _send_handling_redirects
    response = await self._send_single_request(request)
               ^^^^^^^^^^^^^^^^^^^^^^^^^^^^^^^^^^^^^^^^
  File "/home/nozimbek/Downloads/files (2)/.venv/lib/python3.14/site-packages/httpx/_client.py", line 1730, in _send_single_request
    response = await transport.handle_async_request(request)
               ^^^^^^^^^^^^^^^^^^^^^^^^^^^^^^^^^^^^^^^^^^^^^
  File "/home/nozimbek/Downloads/files (2)/.venv/lib/python3.14/site-packages/httpx/_transports/default.py", line 393, in handle_async_request
    with map_httpcore_exceptions():
         ~~~~~~~~~~~~~~~~~~~~~~~^^
  File "/usr/lib/python3.14/contextlib.py", line 162, in __exit__
    self.gen.throw(value)
    ~~~~~~~~~~~~~~^^^^^^^
  File "/home/nozimbek/Downloads/files (2)/.venv/lib/python3.14/site-packages/httpx/_transports/default.py", line 118, in map_httpcore_exceptions
    raise mapped_exc(message) from exc
httpx.ConnectError: [Errno -3] Temporary failure in name resolution

The above exception was the direct cause of the following exception:

Traceback (most recent call last):
  File "/home/nozimbek/Downloads/files (2)/.venv/lib/python3.14/site-packages/telegram/ext/_utils/networkloop.py", line 161, in network_retry_loop
    await do_action()
  File "/home/nozimbek/Downloads/files (2)/.venv/lib/python3.14/site-packages/telegram/ext/_utils/networkloop.py", line 154, in do_action
    action_cb_task.result()
    ~~~~~~~~~~~~~~~~~~~~~^^
  File "/home/nozimbek/Downloads/files (2)/.venv/lib/python3.14/site-packages/telegram/ext/_updater.py", line 340, in polling_action_cb
    updates = await self.bot.get_updates(
              ^^^^^^^^^^^^^^^^^^^^^^^^^^^
    ...<3 lines>...
    )
    ^
  File "/home/nozimbek/Downloads/files (2)/.venv/lib/python3.14/site-packages/telegram/ext/_extbot.py", line 680, in get_updates
    updates = await super().get_updates(
              ^^^^^^^^^^^^^^^^^^^^^^^^^^
    ...<9 lines>...
    )
    ^
  File "/home/nozimbek/Downloads/files (2)/.venv/lib/python3.14/site-packages/telegram/_bot.py", line 4767, in get_updates
    await self._post(
    ^^^^^^^^^^^^^^^^^
    ...<7 lines>...
    ),
    ^
  File "/home/nozimbek/Downloads/files (2)/.venv/lib/python3.14/site-packages/telegram/_bot.py", line 712, in _post
    return await self._do_post(
           ^^^^^^^^^^^^^^^^^^^^
    ...<6 lines>...
    )
    ^
  File "/home/nozimbek/Downloads/files (2)/.venv/lib/python3.14/site-packages/telegram/ext/_extbot.py", line 378, in _do_post
    return await super()._do_post(
           ^^^^^^^^^^^^^^^^^^^^^^^
    ...<6 lines>...
    )
    ^
  File "/home/nozimbek/Downloads/files (2)/.venv/lib/python3.14/site-packages/telegram/_bot.py", line 741, in _do_post
    result = await request.post(
             ^^^^^^^^^^^^^^^^^^^
    ...<6 lines>...
    )
    ^
  File "/home/nozimbek/Downloads/files (2)/.venv/lib/python3.14/site-packages/telegram/request/_baserequest.py", line 198, in post
    result = await self._request_wrapper(
             ^^^^^^^^^^^^^^^^^^^^^^^^^^^^
    ...<7 lines>...
    )
    ^
  File "/home/nozimbek/Downloads/files (2)/.venv/lib/python3.14/site-packages/telegram/request/_baserequest.py", line 305, in _request_wrapper
    code, payload = await self.do_request(
                    ^^^^^^^^^^^^^^^^^^^^^^
    ...<7 lines>...
    )
    ^
  File "/home/nozimbek/Downloads/files (2)/.venv/lib/python3.14/site-packages/telegram/request/_httpxrequest.py", line 303, in do_request
    raise NetworkError(f"httpx.{err.__class__.__name__}: {err}") from err
telegram.error.NetworkError: httpx.ConnectError: [Errno -3] Temporary failure in name resolution
2026-09-10 00:21:31,723 - telegram.ext.Application - ERROR - No error handlers are registered, logging exception.
Traceback (most recent call last):
  File "/home/nozimbek/Downloads/files (2)/.venv/lib/python3.14/site-packages/httpx/_transports/default.py", line 101, in map_httpcore_exceptions
    yield
  File "/home/nozimbek/Downloads/files (2)/.venv/lib/python3.14/site-packages/httpx/_transports/default.py", line 394, in handle_async_request
    resp = await self._pool.handle_async_request(req)
           ^^^^^^^^^^^^^^^^^^^^^^^^^^^^^^^^^^^^^^^^^^
  File "/home/nozimbek/Downloads/files (2)/.venv/lib/python3.14/site-packages/httpcore/_async/connection_pool.py", line 256, in handle_async_request
    raise exc from None
  File "/home/nozimbek/Downloads/files (2)/.venv/lib/python3.14/site-packages/httpcore/_async/connection_pool.py", line 236, in handle_async_request
    response = await connection.handle_async_request(
               ^^^^^^^^^^^^^^^^^^^^^^^^^^^^^^^^^^^^^^
        pool_request.request
        ^^^^^^^^^^^^^^^^^^^^
    )
    ^
  File "/home/nozimbek/Downloads/files (2)/.venv/lib/python3.14/site-packages/httpcore/_async/connection.py", line 101, in handle_async_request
    raise exc
  File "/home/nozimbek/Downloads/files (2)/.venv/lib/python3.14/site-packages/httpcore/_async/connection.py", line 78, in handle_async_request
    stream = await self._connect(request)
             ^^^^^^^^^^^^^^^^^^^^^^^^^^^^
  File "/home/nozimbek/Downloads/files (2)/.venv/lib/python3.14/site-packages/httpcore/_async/connection.py", line 124, in _connect
    stream = await self._network_backend.connect_tcp(**kwargs)
             ^^^^^^^^^^^^^^^^^^^^^^^^^^^^^^^^^^^^^^^^^^^^^^^^^
  File "/home/nozimbek/Downloads/files (2)/.venv/lib/python3.14/site-packages/httpcore/_backends/auto.py", line 31, in connect_tcp
    return await self._backend.connect_tcp(
           ^^^^^^^^^^^^^^^^^^^^^^^^^^^^^^^^
    ...<5 lines>...
    )
    ^
  File "/home/nozimbek/Downloads/files (2)/.venv/lib/python3.14/site-packages/httpcore/_backends/anyio.py", line 113, in connect_tcp
    with map_exceptions(exc_map):
         ~~~~~~~~~~~~~~^^^^^^^^^
  File "/usr/lib/python3.14/contextlib.py", line 162, in __exit__
    self.gen.throw(value)
    ~~~~~~~~~~~~~~^^^^^^^
  File "/home/nozimbek/Downloads/files (2)/.venv/lib/python3.14/site-packages/httpcore/_exceptions.py", line 14, in map_exceptions
    raise to_exc(exc) from exc
httpcore.ConnectError: [Errno -3] Temporary failure in name resolution

The above exception was the direct cause of the following exception:

Traceback (most recent call last):
  File "/home/nozimbek/Downloads/files (2)/.venv/lib/python3.14/site-packages/telegram/request/_httpxrequest.py", line 279, in do_request
    res = await self._client.request(
          ^^^^^^^^^^^^^^^^^^^^^^^^^^^
    ...<6 lines>...
    )
    ^
  File "/home/nozimbek/Downloads/files (2)/.venv/lib/python3.14/site-packages/httpx/_client.py", line 1540, in request
    return await self.send(request, auth=auth, follow_redirects=follow_redirects)
           ^^^^^^^^^^^^^^^^^^^^^^^^^^^^^^^^^^^^^^^^^^^^^^^^^^^^^^^^^^^^^^^^^^^^^^
  File "/home/nozimbek/Downloads/files (2)/.venv/lib/python3.14/site-packages/httpx/_client.py", line 1629, in send
    response = await self._send_handling_auth(
               ^^^^^^^^^^^^^^^^^^^^^^^^^^^^^^^
    ...<4 lines>...
    )
    ^
  File "/home/nozimbek/Downloads/files (2)/.venv/lib/python3.14/site-packages/httpx/_client.py", line 1657, in _send_handling_auth
    response = await self._send_handling_redirects(
               ^^^^^^^^^^^^^^^^^^^^^^^^^^^^^^^^^^^^
    ...<3 lines>...
    )
    ^
  File "/home/nozimbek/Downloads/files (2)/.venv/lib/python3.14/site-packages/httpx/_client.py", line 1694, in _send_handling_redirects
    response = await self._send_single_request(request)
               ^^^^^^^^^^^^^^^^^^^^^^^^^^^^^^^^^^^^^^^^
  File "/home/nozimbek/Downloads/files (2)/.venv/lib/python3.14/site-packages/httpx/_client.py", line 1730, in _send_single_request
    response = await transport.handle_async_request(request)
               ^^^^^^^^^^^^^^^^^^^^^^^^^^^^^^^^^^^^^^^^^^^^^
  File "/home/nozimbek/Downloads/files (2)/.venv/lib/python3.14/site-packages/httpx/_transports/default.py", line 393, in handle_async_request
    with map_httpcore_exceptions():
         ~~~~~~~~~~~~~~~~~~~~~~~^^
  File "/usr/lib/python3.14/contextlib.py", line 162, in __exit__
    self.gen.throw(value)
    ~~~~~~~~~~~~~~^^^^^^^
  File "/home/nozimbek/Downloads/files (2)/.venv/lib/python3.14/site-packages/httpx/_transports/default.py", line 118, in map_httpcore_exceptions
    raise mapped_exc(message) from exc
httpx.ConnectError: [Errno -3] Temporary failure in name resolution

The above exception was the direct cause of the following exception:

Traceback (most recent call last):
  File "/home/nozimbek/Downloads/files (2)/.venv/lib/python3.14/site-packages/telegram/ext/_utils/networkloop.py", line 161, in network_retry_loop
    await do_action()
  File "/home/nozimbek/Downloads/files (2)/.venv/lib/python3.14/site-packages/telegram/ext/_utils/networkloop.py", line 154, in do_action
    action_cb_task.result()
    ~~~~~~~~~~~~~~~~~~~~~^^
  File "/home/nozimbek/Downloads/files (2)/.venv/lib/python3.14/site-packages/telegram/ext/_updater.py", line 340, in polling_action_cb
    updates = await self.bot.get_updates(
              ^^^^^^^^^^^^^^^^^^^^^^^^^^^
    ...<3 lines>...
    )
    ^
  File "/home/nozimbek/Downloads/files (2)/.venv/lib/python3.14/site-packages/telegram/ext/_extbot.py", line 680, in get_updates
    updates = await super().get_updates(
              ^^^^^^^^^^^^^^^^^^^^^^^^^^
    ...<9 lines>...
    )
    ^
  File "/home/nozimbek/Downloads/files (2)/.venv/lib/python3.14/site-packages/telegram/_bot.py", line 4767, in get_updates
    await self._post(
    ^^^^^^^^^^^^^^^^^
    ...<7 lines>...
    ),
    ^
  File "/home/nozimbek/Downloads/files (2)/.venv/lib/python3.14/site-packages/telegram/_bot.py", line 712, in _post
    return await self._do_post(
           ^^^^^^^^^^^^^^^^^^^^
    ...<6 lines>...
    )
    ^
  File "/home/nozimbek/Downloads/files (2)/.venv/lib/python3.14/site-packages/telegram/ext/_extbot.py", line 378, in _do_post
    return await super()._do_post(
           ^^^^^^^^^^^^^^^^^^^^^^^
    ...<6 lines>...
    )
    ^
  File "/home/nozimbek/Downloads/files (2)/.venv/lib/python3.14/site-packages/telegram/_bot.py", line 741, in _do_post
    result = await request.post(
             ^^^^^^^^^^^^^^^^^^^
    ...<6 lines>...
    )
    ^
  File "/home/nozimbek/Downloads/files (2)/.venv/lib/python3.14/site-packages/telegram/request/_baserequest.py", line 198, in post
    result = await self._request_wrapper(
             ^^^^^^^^^^^^^^^^^^^^^^^^^^^^
    ...<7 lines>...
    )
    ^
  File "/home/nozimbek/Downloads/files (2)/.venv/lib/python3.14/site-packages/telegram/request/_baserequest.py", line 305, in _request_wrapper
    code, payload = await self.do_request(
                    ^^^^^^^^^^^^^^^^^^^^^^
    ...<7 lines>...
    )
    ^
  File "/home/nozimbek/Downloads/files (2)/.venv/lib/python3.14/site-packages/telegram/request/_httpxrequest.py", line 303, in do_request
    raise NetworkError(f"httpx.{err.__class__.__name__}: {err}") from err
telegram.error.NetworkError: httpx.ConnectError: [Errno -3] Temporary failure in name resolution
2026-09-10 00:22:01,758 - telegram.ext.Application - ERROR - No error handlers are registered, logging exception.
Traceback (most recent call last):
  File "/home/nozimbek/Downloads/files (2)/.venv/lib/python3.14/site-packages/httpx/_transports/default.py", line 101, in map_httpcore_exceptions
    yield
  File "/home/nozimbek/Downloads/files (2)/.venv/lib/python3.14/site-packages/httpx/_transports/default.py", line 394, in handle_async_request
    resp = await self._pool.handle_async_request(req)
           ^^^^^^^^^^^^^^^^^^^^^^^^^^^^^^^^^^^^^^^^^^
  File "/home/nozimbek/Downloads/files (2)/.venv/lib/python3.14/site-packages/httpcore/_async/connection_pool.py", line 256, in handle_async_request
    raise exc from None
  File "/home/nozimbek/Downloads/files (2)/.venv/lib/python3.14/site-packages/httpcore/_async/connection_pool.py", line 236, in handle_async_request
    response = await connection.handle_async_request(
               ^^^^^^^^^^^^^^^^^^^^^^^^^^^^^^^^^^^^^^
        pool_request.request
        ^^^^^^^^^^^^^^^^^^^^
    )
    ^
  File "/home/nozimbek/Downloads/files (2)/.venv/lib/python3.14/site-packages/httpcore/_async/connection.py", line 101, in handle_async_request
    raise exc
  File "/home/nozimbek/Downloads/files (2)/.venv/lib/python3.14/site-packages/httpcore/_async/connection.py", line 78, in handle_async_request
    stream = await self._connect(request)
             ^^^^^^^^^^^^^^^^^^^^^^^^^^^^
  File "/home/nozimbek/Downloads/files (2)/.venv/lib/python3.14/site-packages/httpcore/_async/connection.py", line 124, in _connect
    stream = await self._network_backend.connect_tcp(**kwargs)
             ^^^^^^^^^^^^^^^^^^^^^^^^^^^^^^^^^^^^^^^^^^^^^^^^^
  File "/home/nozimbek/Downloads/files (2)/.venv/lib/python3.14/site-packages/httpcore/_backends/auto.py", line 31, in connect_tcp
    return await self._backend.connect_tcp(
           ^^^^^^^^^^^^^^^^^^^^^^^^^^^^^^^^
    ...<5 lines>...
    )
    ^
  File "/home/nozimbek/Downloads/files (2)/.venv/lib/python3.14/site-packages/httpcore/_backends/anyio.py", line 113, in connect_tcp
    with map_exceptions(exc_map):
         ~~~~~~~~~~~~~~^^^^^^^^^
  File "/usr/lib/python3.14/contextlib.py", line 162, in __exit__
    self.gen.throw(value)
    ~~~~~~~~~~~~~~^^^^^^^
  File "/home/nozimbek/Downloads/files (2)/.venv/lib/python3.14/site-packages/httpcore/_exceptions.py", line 14, in map_exceptions
    raise to_exc(exc) from exc
httpcore.ConnectError: [Errno -3] Temporary failure in name resolution

The above exception was the direct cause of the following exception:

Traceback (most recent call last):
  File "/home/nozimbek/Downloads/files (2)/.venv/lib/python3.14/site-packages/telegram/request/_httpxrequest.py", line 279, in do_request
    res = await self._client.request(
          ^^^^^^^^^^^^^^^^^^^^^^^^^^^
    ...<6 lines>...
    )
    ^
  File "/home/nozimbek/Downloads/files (2)/.venv/lib/python3.14/site-packages/httpx/_client.py", line 1540, in request
    return await self.send(request, auth=auth, follow_redirects=follow_redirects)
           ^^^^^^^^^^^^^^^^^^^^^^^^^^^^^^^^^^^^^^^^^^^^^^^^^^^^^^^^^^^^^^^^^^^^^^
  File "/home/nozimbek/Downloads/files (2)/.venv/lib/python3.14/site-packages/httpx/_client.py", line 1629, in send
    response = await self._send_handling_auth(
               ^^^^^^^^^^^^^^^^^^^^^^^^^^^^^^^
    ...<4 lines>...
    )
    ^
  File "/home/nozimbek/Downloads/files (2)/.venv/lib/python3.14/site-packages/httpx/_client.py", line 1657, in _send_handling_auth
    response = await self._send_handling_redirects(
               ^^^^^^^^^^^^^^^^^^^^^^^^^^^^^^^^^^^^
    ...<3 lines>...
    )
    ^
  File "/home/nozimbek/Downloads/files (2)/.venv/lib/python3.14/site-packages/httpx/_client.py", line 1694, in _send_handling_redirects
    response = await self._send_single_request(request)
               ^^^^^^^^^^^^^^^^^^^^^^^^^^^^^^^^^^^^^^^^
  File "/home/nozimbek/Downloads/files (2)/.venv/lib/python3.14/site-packages/httpx/_client.py", line 1730, in _send_single_request
    response = await transport.handle_async_request(request)
               ^^^^^^^^^^^^^^^^^^^^^^^^^^^^^^^^^^^^^^^^^^^^^
  File "/home/nozimbek/Downloads/files (2)/.venv/lib/python3.14/site-packages/httpx/_transports/default.py", line 393, in handle_async_request
    with map_httpcore_exceptions():
         ~~~~~~~~~~~~~~~~~~~~~~~^^
  File "/usr/lib/python3.14/contextlib.py", line 162, in __exit__
    self.gen.throw(value)
    ~~~~~~~~~~~~~~^^^^^^^
  File "/home/nozimbek/Downloads/files (2)/.venv/lib/python3.14/site-packages/httpx/_transports/default.py", line 118, in map_httpcore_exceptions
    raise mapped_exc(message) from exc
httpx.ConnectError: [Errno -3] Temporary failure in name resolution

The above exception was the direct cause of the following exception:

Traceback (most recent call last):
  File "/home/nozimbek/Downloads/files (2)/.venv/lib/python3.14/site-packages/telegram/ext/_utils/networkloop.py", line 161, in network_retry_loop
    await do_action()
  File "/home/nozimbek/Downloads/files (2)/.venv/lib/python3.14/site-packages/telegram/ext/_utils/networkloop.py", line 154, in do_action
    action_cb_task.result()
    ~~~~~~~~~~~~~~~~~~~~~^^
  File "/home/nozimbek/Downloads/files (2)/.venv/lib/python3.14/site-packages/telegram/ext/_updater.py", line 340, in polling_action_cb
    updates = await self.bot.get_updates(
              ^^^^^^^^^^^^^^^^^^^^^^^^^^^
    ...<3 lines>...
    )
    ^
  File "/home/nozimbek/Downloads/files (2)/.venv/lib/python3.14/site-packages/telegram/ext/_extbot.py", line 680, in get_updates
    updates = await super().get_updates(
              ^^^^^^^^^^^^^^^^^^^^^^^^^^
    ...<9 lines>...
    )
    ^
  File "/home/nozimbek/Downloads/files (2)/.venv/lib/python3.14/site-packages/telegram/_bot.py", line 4767, in get_updates
    await self._post(
    ^^^^^^^^^^^^^^^^^
    ...<7 lines>...
    ),
    ^
  File "/home/nozimbek/Downloads/files (2)/.venv/lib/python3.14/site-packages/telegram/_bot.py", line 712, in _post
    return await self._do_post(
           ^^^^^^^^^^^^^^^^^^^^
    ...<6 lines>...
    )
    ^
  File "/home/nozimbek/Downloads/files (2)/.venv/lib/python3.14/site-packages/telegram/ext/_extbot.py", line 378, in _do_post
    return await super()._do_post(
           ^^^^^^^^^^^^^^^^^^^^^^^
    ...<6 lines>...
    )
    ^
  File "/home/nozimbek/Downloads/files (2)/.venv/lib/python3.14/site-packages/telegram/_bot.py", line 741, in _do_post
    result = await request.post(
             ^^^^^^^^^^^^^^^^^^^
    ...<6 lines>...
    )
    ^
  File "/home/nozimbek/Downloads/files (2)/.venv/lib/python3.14/site-packages/telegram/request/_baserequest.py", line 198, in post
    result = await self._request_wrapper(
             ^^^^^^^^^^^^^^^^^^^^^^^^^^^^
    ...<7 lines>...
    )
    ^
  File "/home/nozimbek/Downloads/files (2)/.venv/lib/python3.14/site-packages/telegram/request/_baserequest.py", line 305, in _request_wrapper
    code, payload = await self.do_request(
                    ^^^^^^^^^^^^^^^^^^^^^^
    ...<7 lines>...
    )
    ^
  File "/home/nozimbek/Downloads/files (2)/.venv/lib/python3.14/site-packages/telegram/request/_httpxrequest.py", line 303, in do_request
    raise NetworkError(f"httpx.{err.__class__.__name__}: {err}") from err
telegram.error.NetworkError: httpx.ConnectError: [Errno -3] Temporary failure in name resolution
2026-09-10 00:22:31,792 - telegram.ext.Application - ERROR - No error handlers are registered, logging exception.
Traceback (most recent call last):
  File "/home/nozimbek/Downloads/files (2)/.venv/lib/python3.14/site-packages/httpx/_transports/default.py", line 101, in map_httpcore_exceptions
    yield
  File "/home/nozimbek/Downloads/files (2)/.venv/lib/python3.14/site-packages/httpx/_transports/default.py", line 394, in handle_async_request
    resp = await self._pool.handle_async_request(req)
           ^^^^^^^^^^^^^^^^^^^^^^^^^^^^^^^^^^^^^^^^^^
  File "/home/nozimbek/Downloads/files (2)/.venv/lib/python3.14/site-packages/httpcore/_async/connection_pool.py", line 256, in handle_async_request
    raise exc from None
  File "/home/nozimbek/Downloads/files (2)/.venv/lib/python3.14/site-packages/httpcore/_async/connection_pool.py", line 236, in handle_async_request
    response = await connection.handle_async_request(
               ^^^^^^^^^^^^^^^^^^^^^^^^^^^^^^^^^^^^^^
        pool_request.request
        ^^^^^^^^^^^^^^^^^^^^
    )
    ^
  File "/home/nozimbek/Downloads/files (2)/.venv/lib/python3.14/site-packages/httpcore/_async/connection.py", line 101, in handle_async_request
    raise exc
  File "/home/nozimbek/Downloads/files (2)/.venv/lib/python3.14/site-packages/httpcore/_async/connection.py", line 78, in handle_async_request
    stream = await self._connect(request)
             ^^^^^^^^^^^^^^^^^^^^^^^^^^^^
  File "/home/nozimbek/Downloads/files (2)/.venv/lib/python3.14/site-packages/httpcore/_async/connection.py", line 124, in _connect
    stream = await self._network_backend.connect_tcp(**kwargs)
             ^^^^^^^^^^^^^^^^^^^^^^^^^^^^^^^^^^^^^^^^^^^^^^^^^
  File "/home/nozimbek/Downloads/files (2)/.venv/lib/python3.14/site-packages/httpcore/_backends/auto.py", line 31, in connect_tcp
    return await self._backend.connect_tcp(
           ^^^^^^^^^^^^^^^^^^^^^^^^^^^^^^^^
    ...<5 lines>...
    )
    ^
  File "/home/nozimbek/Downloads/files (2)/.venv/lib/python3.14/site-packages/httpcore/_backends/anyio.py", line 113, in connect_tcp
    with map_exceptions(exc_map):
         ~~~~~~~~~~~~~~^^^^^^^^^
  File "/usr/lib/python3.14/contextlib.py", line 162, in __exit__
    self.gen.throw(value)
    ~~~~~~~~~~~~~~^^^^^^^
  File "/home/nozimbek/Downloads/files (2)/.venv/lib/python3.14/site-packages/httpcore/_exceptions.py", line 14, in map_exceptions
    raise to_exc(exc) from exc
httpcore.ConnectError: [Errno -3] Temporary failure in name resolution

The above exception was the direct cause of the following exception:

Traceback (most recent call last):
  File "/home/nozimbek/Downloads/files (2)/.venv/lib/python3.14/site-packages/telegram/request/_httpxrequest.py", line 279, in do_request
    res = await self._client.request(
          ^^^^^^^^^^^^^^^^^^^^^^^^^^^
    ...<6 lines>...
    )
    ^
  File "/home/nozimbek/Downloads/files (2)/.venv/lib/python3.14/site-packages/httpx/_client.py", line 1540, in request
    return await self.send(request, auth=auth, follow_redirects=follow_redirects)
           ^^^^^^^^^^^^^^^^^^^^^^^^^^^^^^^^^^^^^^^^^^^^^^^^^^^^^^^^^^^^^^^^^^^^^^
  File "/home/nozimbek/Downloads/files (2)/.venv/lib/python3.14/site-packages/httpx/_client.py", line 1629, in send
    response = await self._send_handling_auth(
               ^^^^^^^^^^^^^^^^^^^^^^^^^^^^^^^
    ...<4 lines>...
    )
    ^
  File "/home/nozimbek/Downloads/files (2)/.venv/lib/python3.14/site-packages/httpx/_client.py", line 1657, in _send_handling_auth
    response = await self._send_handling_redirects(
               ^^^^^^^^^^^^^^^^^^^^^^^^^^^^^^^^^^^^
    ...<3 lines>...
    )
    ^
  File "/home/nozimbek/Downloads/files (2)/.venv/lib/python3.14/site-packages/httpx/_client.py", line 1694, in _send_handling_redirects
    response = await self._send_single_request(request)
               ^^^^^^^^^^^^^^^^^^^^^^^^^^^^^^^^^^^^^^^^
  File "/home/nozimbek/Downloads/files (2)/.venv/lib/python3.14/site-packages/httpx/_client.py", line 1730, in _send_single_request
    response = await transport.handle_async_request(request)
               ^^^^^^^^^^^^^^^^^^^^^^^^^^^^^^^^^^^^^^^^^^^^^
  File "/home/nozimbek/Downloads/files (2)/.venv/lib/python3.14/site-packages/httpx/_transports/default.py", line 393, in handle_async_request
    with map_httpcore_exceptions():
         ~~~~~~~~~~~~~~~~~~~~~~~^^
  File "/usr/lib/python3.14/contextlib.py", line 162, in __exit__
    self.gen.throw(value)
    ~~~~~~~~~~~~~~^^^^^^^
  File "/home/nozimbek/Downloads/files (2)/.venv/lib/python3.14/site-packages/httpx/_transports/default.py", line 118, in map_httpcore_exceptions
    raise mapped_exc(message) from exc
httpx.ConnectError: [Errno -3] Temporary failure in name resolution

The above exception was the direct cause of the following exception:

Traceback (most recent call last):
  File "/home/nozimbek/Downloads/files (2)/.venv/lib/python3.14/site-packages/telegram/ext/_utils/networkloop.py", line 161, in network_retry_loop
    await do_action()
  File "/home/nozimbek/Downloads/files (2)/.venv/lib/python3.14/site-packages/telegram/ext/_utils/networkloop.py", line 154, in do_action
    action_cb_task.result()
    ~~~~~~~~~~~~~~~~~~~~~^^
  File "/home/nozimbek/Downloads/files (2)/.venv/lib/python3.14/site-packages/telegram/ext/_updater.py", line 340, in polling_action_cb
    updates = await self.bot.get_updates(
              ^^^^^^^^^^^^^^^^^^^^^^^^^^^
    ...<3 lines>...
    )
    ^
  File "/home/nozimbek/Downloads/files (2)/.venv/lib/python3.14/site-packages/telegram/ext/_extbot.py", line 680, in get_updates
    updates = await super().get_updates(
              ^^^^^^^^^^^^^^^^^^^^^^^^^^
    ...<9 lines>...
    )
    ^
  File "/home/nozimbek/Downloads/files (2)/.venv/lib/python3.14/site-packages/telegram/_bot.py", line 4767, in get_updates
    await self._post(
    ^^^^^^^^^^^^^^^^^
    ...<7 lines>...
    ),
    ^
  File "/home/nozimbek/Downloads/files (2)/.venv/lib/python3.14/site-packages/telegram/_bot.py", line 712, in _post
    return await self._do_post(
           ^^^^^^^^^^^^^^^^^^^^
    ...<6 lines>...
    )
    ^
  File "/home/nozimbek/Downloads/files (2)/.venv/lib/python3.14/site-packages/telegram/ext/_extbot.py", line 378, in _do_post
    return await super()._do_post(
           ^^^^^^^^^^^^^^^^^^^^^^^
    ...<6 lines>...
    )
    ^
  File "/home/nozimbek/Downloads/files (2)/.venv/lib/python3.14/site-packages/telegram/_bot.py", line 741, in _do_post
    result = await request.post(
             ^^^^^^^^^^^^^^^^^^^
    ...<6 lines>...
    )
    ^
  File "/home/nozimbek/Downloads/files (2)/.venv/lib/python3.14/site-packages/telegram/request/_baserequest.py", line 198, in post
    result = await self._request_wrapper(
             ^^^^^^^^^^^^^^^^^^^^^^^^^^^^
    ...<7 lines>...
    )
    ^
  File "/home/nozimbek/Downloads/files (2)/.venv/lib/python3.14/site-packages/telegram/request/_baserequest.py", line 305, in _request_wrapper
    code, payload = await self.do_request(
                    ^^^^^^^^^^^^^^^^^^^^^^
    ...<7 lines>...
    )
    ^
  File "/home/nozimbek/Downloads/files (2)/.venv/lib/python3.14/site-packages/telegram/request/_httpxrequest.py", line 303, in do_request
    raise NetworkError(f"httpx.{err.__class__.__name__}: {err}") from err
telegram.error.NetworkError: httpx.ConnectError: [Errno -3] Temporary failure in name resolution
2026-09-10 00:23:01,826 - telegram.ext.Application - ERROR - No error handlers are registered, logging exception.
Traceback (most recent call last):
  File "/home/nozimbek/Downloads/files (2)/.venv/lib/python3.14/site-packages/httpx/_transports/default.py", line 101, in map_httpcore_exceptions
    yield
  File "/home/nozimbek/Downloads/files (2)/.venv/lib/python3.14/site-packages/httpx/_transports/default.py", line 394, in handle_async_request
    resp = await self._pool.handle_async_request(req)
           ^^^^^^^^^^^^^^^^^^^^^^^^^^^^^^^^^^^^^^^^^^
  File "/home/nozimbek/Downloads/files (2)/.venv/lib/python3.14/site-packages/httpcore/_async/connection_pool.py", line 256, in handle_async_request
    raise exc from None
  File "/home/nozimbek/Downloads/files (2)/.venv/lib/python3.14/site-packages/httpcore/_async/connection_pool.py", line 236, in handle_async_request
    response = await connection.handle_async_request(
               ^^^^^^^^^^^^^^^^^^^^^^^^^^^^^^^^^^^^^^
        pool_request.request
        ^^^^^^^^^^^^^^^^^^^^
    )
    ^
  File "/home/nozimbek/Downloads/files (2)/.venv/lib/python3.14/site-packages/httpcore/_async/connection.py", line 101, in handle_async_request
    raise exc
  File "/home/nozimbek/Downloads/files (2)/.venv/lib/python3.14/site-packages/httpcore/_async/connection.py", line 78, in handle_async_request
    stream = await self._connect(request)
             ^^^^^^^^^^^^^^^^^^^^^^^^^^^^
  File "/home/nozimbek/Downloads/files (2)/.venv/lib/python3.14/site-packages/httpcore/_async/connection.py", line 124, in _connect
    stream = await self._network_backend.connect_tcp(**kwargs)
             ^^^^^^^^^^^^^^^^^^^^^^^^^^^^^^^^^^^^^^^^^^^^^^^^^
  File "/home/nozimbek/Downloads/files (2)/.venv/lib/python3.14/site-packages/httpcore/_backends/auto.py", line 31, in connect_tcp
    return await self._backend.connect_tcp(
           ^^^^^^^^^^^^^^^^^^^^^^^^^^^^^^^^
    ...<5 lines>...
    )
    ^
  File "/home/nozimbek/Downloads/files (2)/.venv/lib/python3.14/site-packages/httpcore/_backends/anyio.py", line 113, in connect_tcp
    with map_exceptions(exc_map):
         ~~~~~~~~~~~~~~^^^^^^^^^
  File "/usr/lib/python3.14/contextlib.py", line 162, in __exit__
    self.gen.throw(value)
    ~~~~~~~~~~~~~~^^^^^^^
  File "/home/nozimbek/Downloads/files (2)/.venv/lib/python3.14/site-packages/httpcore/_exceptions.py", line 14, in map_exceptions
    raise to_exc(exc) from exc
httpcore.ConnectError: [Errno -3] Temporary failure in name resolution

The above exception was the direct cause of the following exception:

Traceback (most recent call last):
  File "/home/nozimbek/Downloads/files (2)/.venv/lib/python3.14/site-packages/telegram/request/_httpxrequest.py", line 279, in do_request
    res = await self._client.request(
          ^^^^^^^^^^^^^^^^^^^^^^^^^^^
    ...<6 lines>...
    )
    ^
  File "/home/nozimbek/Downloads/files (2)/.venv/lib/python3.14/site-packages/httpx/_client.py", line 1540, in request
    return await self.send(request, auth=auth, follow_redirects=follow_redirects)
           ^^^^^^^^^^^^^^^^^^^^^^^^^^^^^^^^^^^^^^^^^^^^^^^^^^^^^^^^^^^^^^^^^^^^^^
  File "/home/nozimbek/Downloads/files (2)/.venv/lib/python3.14/site-packages/httpx/_client.py", line 1629, in send
    response = await self._send_handling_auth(
               ^^^^^^^^^^^^^^^^^^^^^^^^^^^^^^^
    ...<4 lines>...
    )
    ^
  File "/home/nozimbek/Downloads/files (2)/.venv/lib/python3.14/site-packages/httpx/_client.py", line 1657, in _send_handling_auth
    response = await self._send_handling_redirects(
               ^^^^^^^^^^^^^^^^^^^^^^^^^^^^^^^^^^^^
    ...<3 lines>...
    )
    ^
  File "/home/nozimbek/Downloads/files (2)/.venv/lib/python3.14/site-packages/httpx/_client.py", line 1694, in _send_handling_redirects
    response = await self._send_single_request(request)
               ^^^^^^^^^^^^^^^^^^^^^^^^^^^^^^^^^^^^^^^^
  File "/home/nozimbek/Downloads/files (2)/.venv/lib/python3.14/site-packages/httpx/_client.py", line 1730, in _send_single_request
    response = await transport.handle_async_request(request)
               ^^^^^^^^^^^^^^^^^^^^^^^^^^^^^^^^^^^^^^^^^^^^^
  File "/home/nozimbek/Downloads/files (2)/.venv/lib/python3.14/site-packages/httpx/_transports/default.py", line 393, in handle_async_request
    with map_httpcore_exceptions():
         ~~~~~~~~~~~~~~~~~~~~~~~^^
  File "/usr/lib/python3.14/contextlib.py", line 162, in __exit__
    self.gen.throw(value)
    ~~~~~~~~~~~~~~^^^^^^^
  File "/home/nozimbek/Downloads/files (2)/.venv/lib/python3.14/site-packages/httpx/_transports/default.py", line 118, in map_httpcore_exceptions
    raise mapped_exc(message) from exc
httpx.ConnectError: [Errno -3] Temporary failure in name resolution

The above exception was the direct cause of the following exception:

Traceback (most recent call last):
  File "/home/nozimbek/Downloads/files (2)/.venv/lib/python3.14/site-packages/telegram/ext/_utils/networkloop.py", line 161, in network_retry_loop
    await do_action()
  File "/home/nozimbek/Downloads/files (2)/.venv/lib/python3.14/site-packages/telegram/ext/_utils/networkloop.py", line 154, in do_action
    action_cb_task.result()
    ~~~~~~~~~~~~~~~~~~~~~^^
  File "/home/nozimbek/Downloads/files (2)/.venv/lib/python3.14/site-packages/telegram/ext/_updater.py", line 340, in polling_action_cb
    updates = await self.bot.get_updates(
              ^^^^^^^^^^^^^^^^^^^^^^^^^^^
    ...<3 lines>...
    )
    ^
  File "/home/nozimbek/Downloads/files (2)/.venv/lib/python3.14/site-packages/telegram/ext/_extbot.py", line 680, in get_updates
    updates = await super().get_updates(
              ^^^^^^^^^^^^^^^^^^^^^^^^^^
    ...<9 lines>...
    )
    ^
  File "/home/nozimbek/Downloads/files (2)/.venv/lib/python3.14/site-packages/telegram/_bot.py", line 4767, in get_updates
    await self._post(
    ^^^^^^^^^^^^^^^^^
    ...<7 lines>...
    ),
    ^
  File "/home/nozimbek/Downloads/files (2)/.venv/lib/python3.14/site-packages/telegram/_bot.py", line 712, in _post
    return await self._do_post(
           ^^^^^^^^^^^^^^^^^^^^
    ...<6 lines>...
    )
    ^
  File "/home/nozimbek/Downloads/files (2)/.venv/lib/python3.14/site-packages/telegram/ext/_extbot.py", line 378, in _do_post
    return await super()._do_post(
           ^^^^^^^^^^^^^^^^^^^^^^^
    ...<6 lines>...
    )
    ^
  File "/home/nozimbek/Downloads/files (2)/.venv/lib/python3.14/site-packages/telegram/_bot.py", line 741, in _do_post
    result = await request.post(
             ^^^^^^^^^^^^^^^^^^^
    ...<6 lines>...
    )
    ^
  File "/home/nozimbek/Downloads/files (2)/.venv/lib/python3.14/site-packages/telegram/request/_baserequest.py", line 198, in post
    result = await self._request_wrapper(
             ^^^^^^^^^^^^^^^^^^^^^^^^^^^^
    ...<7 lines>...
    )
    ^
  File "/home/nozimbek/Downloads/files (2)/.venv/lib/python3.14/site-packages/telegram/request/_baserequest.py", line 305, in _request_wrapper
    code, payload = await self.do_request(
                    ^^^^^^^^^^^^^^^^^^^^^^
    ...<7 lines>...
    )
    ^
  File "/home/nozimbek/Downloads/files (2)/.venv/lib/python3.14/site-packages/telegram/request/_httpxrequest.py", line 303, in do_request
    raise NetworkError(f"httpx.{err.__class__.__name__}: {err}") from err
telegram.error.NetworkError: httpx.ConnectError: [Errno -3] Temporary failure in name resolution
2026-09-10 00:23:31,861 - telegram.ext.Application - ERROR - No error handlers are registered, logging exception.
Traceback (most recent call last):
  File "/home/nozimbek/Downloads/files (2)/.venv/lib/python3.14/site-packages/httpx/_transports/default.py", line 101, in map_httpcore_exceptions
    yield
  File "/home/nozimbek/Downloads/files (2)/.venv/lib/python3.14/site-packages/httpx/_transports/default.py", line 394, in handle_async_request
    resp = await self._pool.handle_async_request(req)
           ^^^^^^^^^^^^^^^^^^^^^^^^^^^^^^^^^^^^^^^^^^
  File "/home/nozimbek/Downloads/files (2)/.venv/lib/python3.14/site-packages/httpcore/_async/connection_pool.py", line 256, in handle_async_request
    raise exc from None
  File "/home/nozimbek/Downloads/files (2)/.venv/lib/python3.14/site-packages/httpcore/_async/connection_pool.py", line 236, in handle_async_request
    response = await connection.handle_async_request(
               ^^^^^^^^^^^^^^^^^^^^^^^^^^^^^^^^^^^^^^
        pool_request.request
        ^^^^^^^^^^^^^^^^^^^^
    )
    ^
  File "/home/nozimbek/Downloads/files (2)/.venv/lib/python3.14/site-packages/httpcore/_async/connection.py", line 101, in handle_async_request
    raise exc
  File "/home/nozimbek/Downloads/files (2)/.venv/lib/python3.14/site-packages/httpcore/_async/connection.py", line 78, in handle_async_request
    stream = await self._connect(request)
             ^^^^^^^^^^^^^^^^^^^^^^^^^^^^
  File "/home/nozimbek/Downloads/files (2)/.venv/lib/python3.14/site-packages/httpcore/_async/connection.py", line 124, in _connect
    stream = await self._network_backend.connect_tcp(**kwargs)
             ^^^^^^^^^^^^^^^^^^^^^^^^^^^^^^^^^^^^^^^^^^^^^^^^^
  File "/home/nozimbek/Downloads/files (2)/.venv/lib/python3.14/site-packages/httpcore/_backends/auto.py", line 31, in connect_tcp
    return await self._backend.connect_tcp(
           ^^^^^^^^^^^^^^^^^^^^^^^^^^^^^^^^
    ...<5 lines>...
    )
    ^
  File "/home/nozimbek/Downloads/files (2)/.venv/lib/python3.14/site-packages/httpcore/_backends/anyio.py", line 113, in connect_tcp
    with map_exceptions(exc_map):
         ~~~~~~~~~~~~~~^^^^^^^^^
  File "/usr/lib/python3.14/contextlib.py", line 162, in __exit__
    self.gen.throw(value)
    ~~~~~~~~~~~~~~^^^^^^^
  File "/home/nozimbek/Downloads/files (2)/.venv/lib/python3.14/site-packages/httpcore/_exceptions.py", line 14, in map_exceptions
    raise to_exc(exc) from exc
httpcore.ConnectError: [Errno -3] Temporary failure in name resolution

The above exception was the direct cause of the following exception:

Traceback (most recent call last):
  File "/home/nozimbek/Downloads/files (2)/.venv/lib/python3.14/site-packages/telegram/request/_httpxrequest.py", line 279, in do_request
    res = await self._client.request(
          ^^^^^^^^^^^^^^^^^^^^^^^^^^^
    ...<6 lines>...
    )
    ^
  File "/home/nozimbek/Downloads/files (2)/.venv/lib/python3.14/site-packages/httpx/_client.py", line 1540, in request
    return await self.send(request, auth=auth, follow_redirects=follow_redirects)
           ^^^^^^^^^^^^^^^^^^^^^^^^^^^^^^^^^^^^^^^^^^^^^^^^^^^^^^^^^^^^^^^^^^^^^^
  File "/home/nozimbek/Downloads/files (2)/.venv/lib/python3.14/site-packages/httpx/_client.py", line 1629, in send
    response = await self._send_handling_auth(
               ^^^^^^^^^^^^^^^^^^^^^^^^^^^^^^^
    ...<4 lines>...
    )
    ^
  File "/home/nozimbek/Downloads/files (2)/.venv/lib/python3.14/site-packages/httpx/_client.py", line 1657, in _send_handling_auth
    response = await self._send_handling_redirects(
               ^^^^^^^^^^^^^^^^^^^^^^^^^^^^^^^^^^^^
    ...<3 lines>...
    )
    ^
  File "/home/nozimbek/Downloads/files (2)/.venv/lib/python3.14/site-packages/httpx/_client.py", line 1694, in _send_handling_redirects
    response = await self._send_single_request(request)
               ^^^^^^^^^^^^^^^^^^^^^^^^^^^^^^^^^^^^^^^^
  File "/home/nozimbek/Downloads/files (2)/.venv/lib/python3.14/site-packages/httpx/_client.py", line 1730, in _send_single_request
    response = await transport.handle_async_request(request)
               ^^^^^^^^^^^^^^^^^^^^^^^^^^^^^^^^^^^^^^^^^^^^^
  File "/home/nozimbek/Downloads/files (2)/.venv/lib/python3.14/site-packages/httpx/_transports/default.py", line 393, in handle_async_request
    with map_httpcore_exceptions():
         ~~~~~~~~~~~~~~~~~~~~~~~^^
  File "/usr/lib/python3.14/contextlib.py", line 162, in __exit__
    self.gen.throw(value)
    ~~~~~~~~~~~~~~^^^^^^^
  File "/home/nozimbek/Downloads/files (2)/.venv/lib/python3.14/site-packages/httpx/_transports/default.py", line 118, in map_httpcore_exceptions
    raise mapped_exc(message) from exc
httpx.ConnectError: [Errno -3] Temporary failure in name resolution

The above exception was the direct cause of the following exception:

Traceback (most recent call last):
  File "/home/nozimbek/Downloads/files (2)/.venv/lib/python3.14/site-packages/telegram/ext/_utils/networkloop.py", line 161, in network_retry_loop
    await do_action()
  File "/home/nozimbek/Downloads/files (2)/.venv/lib/python3.14/site-packages/telegram/ext/_utils/networkloop.py", line 154, in do_action
    action_cb_task.result()
    ~~~~~~~~~~~~~~~~~~~~~^^
  File "/home/nozimbek/Downloads/files (2)/.venv/lib/python3.14/site-packages/telegram/ext/_updater.py", line 340, in polling_action_cb
    updates = await self.bot.get_updates(
              ^^^^^^^^^^^^^^^^^^^^^^^^^^^
    ...<3 lines>...
    )
    ^
  File "/home/nozimbek/Downloads/files (2)/.venv/lib/python3.14/site-packages/telegram/ext/_extbot.py", line 680, in get_updates
    updates = await super().get_updates(
              ^^^^^^^^^^^^^^^^^^^^^^^^^^
    ...<9 lines>...
    )
    ^
  File "/home/nozimbek/Downloads/files (2)/.venv/lib/python3.14/site-packages/telegram/_bot.py", line 4767, in get_updates
    await self._post(
    ^^^^^^^^^^^^^^^^^
    ...<7 lines>...
    ),
    ^
  File "/home/nozimbek/Downloads/files (2)/.venv/lib/python3.14/site-packages/telegram/_bot.py", line 712, in _post
    return await self._do_post(
           ^^^^^^^^^^^^^^^^^^^^
    ...<6 lines>...
    )
    ^
  File "/home/nozimbek/Downloads/files (2)/.venv/lib/python3.14/site-packages/telegram/ext/_extbot.py", line 378, in _do_post
    return await super()._do_post(
           ^^^^^^^^^^^^^^^^^^^^^^^
    ...<6 lines>...
    )
    ^
  File "/home/nozimbek/Downloads/files (2)/.venv/lib/python3.14/site-packages/telegram/_bot.py", line 741, in _do_post
    result = await request.post(
             ^^^^^^^^^^^^^^^^^^^
    ...<6 lines>...
    )
    ^
  File "/home/nozimbek/Downloads/files (2)/.venv/lib/python3.14/site-packages/telegram/request/_baserequest.py", line 198, in post
    result = await self._request_wrapper(
             ^^^^^^^^^^^^^^^^^^^^^^^^^^^^
    ...<7 lines>...
    )
    ^
  File "/home/nozimbek/Downloads/files (2)/.venv/lib/python3.14/site-packages/telegram/request/_baserequest.py", line 305, in _request_wrapper
    code, payload = await self.do_request(
                    ^^^^^^^^^^^^^^^^^^^^^^
    ...<7 lines>...
    )
    ^
  File "/home/nozimbek/Downloads/files (2)/.venv/lib/python3.14/site-packages/telegram/request/_httpxrequest.py", line 303, in do_request
    raise NetworkError(f"httpx.{err.__class__.__name__}: {err}") from err
telegram.error.NetworkError: httpx.ConnectError: [Errno -3] Temporary failure in name resolution
2026-09-10 00:24:01,895 - telegram.ext.Application - ERROR - No error handlers are registered, logging exception.
Traceback (most recent call last):
  File "/home/nozimbek/Downloads/files (2)/.venv/lib/python3.14/site-packages/httpx/_transports/default.py", line 101, in map_httpcore_exceptions
    yield
  File "/home/nozimbek/Downloads/files (2)/.venv/lib/python3.14/site-packages/httpx/_transports/default.py", line 394, in handle_async_request
    resp = await self._pool.handle_async_request(req)
           ^^^^^^^^^^^^^^^^^^^^^^^^^^^^^^^^^^^^^^^^^^
  File "/home/nozimbek/Downloads/files (2)/.venv/lib/python3.14/site-packages/httpcore/_async/connection_pool.py", line 256, in handle_async_request
    raise exc from None
  File "/home/nozimbek/Downloads/files (2)/.venv/lib/python3.14/site-packages/httpcore/_async/connection_pool.py", line 236, in handle_async_request
    response = await connection.handle_async_request(
               ^^^^^^^^^^^^^^^^^^^^^^^^^^^^^^^^^^^^^^
        pool_request.request
        ^^^^^^^^^^^^^^^^^^^^
    )
    ^
  File "/home/nozimbek/Downloads/files (2)/.venv/lib/python3.14/site-packages/httpcore/_async/connection.py", line 101, in handle_async_request
    raise exc
  File "/home/nozimbek/Downloads/files (2)/.venv/lib/python3.14/site-packages/httpcore/_async/connection.py", line 78, in handle_async_request
    stream = await self._connect(request)
             ^^^^^^^^^^^^^^^^^^^^^^^^^^^^
  File "/home/nozimbek/Downloads/files (2)/.venv/lib/python3.14/site-packages/httpcore/_async/connection.py", line 124, in _connect
    stream = await self._network_backend.connect_tcp(**kwargs)
             ^^^^^^^^^^^^^^^^^^^^^^^^^^^^^^^^^^^^^^^^^^^^^^^^^
  File "/home/nozimbek/Downloads/files (2)/.venv/lib/python3.14/site-packages/httpcore/_backends/auto.py", line 31, in connect_tcp
    return await self._backend.connect_tcp(
           ^^^^^^^^^^^^^^^^^^^^^^^^^^^^^^^^
    ...<5 lines>...
    )
    ^
  File "/home/nozimbek/Downloads/files (2)/.venv/lib/python3.14/site-packages/httpcore/_backends/anyio.py", line 113, in connect_tcp
    with map_exceptions(exc_map):
         ~~~~~~~~~~~~~~^^^^^^^^^
  File "/usr/lib/python3.14/contextlib.py", line 162, in __exit__
    self.gen.throw(value)
    ~~~~~~~~~~~~~~^^^^^^^
  File "/home/nozimbek/Downloads/files (2)/.venv/lib/python3.14/site-packages/httpcore/_exceptions.py", line 14, in map_exceptions
    raise to_exc(exc) from exc
httpcore.ConnectError: [Errno -3] Temporary failure in name resolution

The above exception was the direct cause of the following exception:

Traceback (most recent call last):
  File "/home/nozimbek/Downloads/files (2)/.venv/lib/python3.14/site-packages/telegram/request/_httpxrequest.py", line 279, in do_request
    res = await self._client.request(
          ^^^^^^^^^^^^^^^^^^^^^^^^^^^
    ...<6 lines>...
    )
    ^
  File "/home/nozimbek/Downloads/files (2)/.venv/lib/python3.14/site-packages/httpx/_client.py", line 1540, in request
    return await self.send(request, auth=auth, follow_redirects=follow_redirects)
           ^^^^^^^^^^^^^^^^^^^^^^^^^^^^^^^^^^^^^^^^^^^^^^^^^^^^^^^^^^^^^^^^^^^^^^
  File "/home/nozimbek/Downloads/files (2)/.venv/lib/python3.14/site-packages/httpx/_client.py", line 1629, in send
    response = await self._send_handling_auth(
               ^^^^^^^^^^^^^^^^^^^^^^^^^^^^^^^
    ...<4 lines>...
    )
    ^
  File "/home/nozimbek/Downloads/files (2)/.venv/lib/python3.14/site-packages/httpx/_client.py", line 1657, in _send_handling_auth
    response = await self._send_handling_redirects(
               ^^^^^^^^^^^^^^^^^^^^^^^^^^^^^^^^^^^^
    ...<3 lines>...
    )
    ^
  File "/home/nozimbek/Downloads/files (2)/.venv/lib/python3.14/site-packages/httpx/_client.py", line 1694, in _send_handling_redirects
    response = await self._send_single_request(request)
               ^^^^^^^^^^^^^^^^^^^^^^^^^^^^^^^^^^^^^^^^
  File "/home/nozimbek/Downloads/files (2)/.venv/lib/python3.14/site-packages/httpx/_client.py", line 1730, in _send_single_request
    response = await transport.handle_async_request(request)
               ^^^^^^^^^^^^^^^^^^^^^^^^^^^^^^^^^^^^^^^^^^^^^
  File "/home/nozimbek/Downloads/files (2)/.venv/lib/python3.14/site-packages/httpx/_transports/default.py", line 393, in handle_async_request
    with map_httpcore_exceptions():
         ~~~~~~~~~~~~~~~~~~~~~~~^^
  File "/usr/lib/python3.14/contextlib.py", line 162, in __exit__
    self.gen.throw(value)
    ~~~~~~~~~~~~~~^^^^^^^
  File "/home/nozimbek/Downloads/files (2)/.venv/lib/python3.14/site-packages/httpx/_transports/default.py", line 118, in map_httpcore_exceptions
    raise mapped_exc(message) from exc
httpx.ConnectError: [Errno -3] Temporary failure in name resolution

The above exception was the direct cause of the following exception:

Traceback (most recent call last):
  File "/home/nozimbek/Downloads/files (2)/.venv/lib/python3.14/site-packages/telegram/ext/_utils/networkloop.py", line 161, in network_retry_loop
    await do_action()
  File "/home/nozimbek/Downloads/files (2)/.venv/lib/python3.14/site-packages/telegram/ext/_utils/networkloop.py", line 154, in do_action
    action_cb_task.result()
    ~~~~~~~~~~~~~~~~~~~~~^^
  File "/home/nozimbek/Downloads/files (2)/.venv/lib/python3.14/site-packages/telegram/ext/_updater.py", line 340, in polling_action_cb
    updates = await self.bot.get_updates(
              ^^^^^^^^^^^^^^^^^^^^^^^^^^^
    ...<3 lines>...
    )
    ^
  File "/home/nozimbek/Downloads/files (2)/.venv/lib/python3.14/site-packages/telegram/ext/_extbot.py", line 680, in get_updates
    updates = await super().get_updates(
              ^^^^^^^^^^^^^^^^^^^^^^^^^^
    ...<9 lines>...
    )
    ^
  File "/home/nozimbek/Downloads/files (2)/.venv/lib/python3.14/site-packages/telegram/_bot.py", line 4767, in get_updates
    await self._post(
    ^^^^^^^^^^^^^^^^^
    ...<7 lines>...
    ),
    ^
  File "/home/nozimbek/Downloads/files (2)/.venv/lib/python3.14/site-packages/telegram/_bot.py", line 712, in _post
    return await self._do_post(
           ^^^^^^^^^^^^^^^^^^^^
    ...<6 lines>...
    )
    ^
  File "/home/nozimbek/Downloads/files (2)/.venv/lib/python3.14/site-packages/telegram/ext/_extbot.py", line 378, in _do_post
    return await super()._do_post(
           ^^^^^^^^^^^^^^^^^^^^^^^
    ...<6 lines>...
    )
    ^
  File "/home/nozimbek/Downloads/files (2)/.venv/lib/python3.14/site-packages/telegram/_bot.py", line 741, in _do_post
    result = await request.post(
             ^^^^^^^^^^^^^^^^^^^
    ...<6 lines>...
    )
    ^
  File "/home/nozimbek/Downloads/files (2)/.venv/lib/python3.14/site-packages/telegram/request/_baserequest.py", line 198, in post
    result = await self._request_wrapper(
             ^^^^^^^^^^^^^^^^^^^^^^^^^^^^
    ...<7 lines>...
    )
    ^
  File "/home/nozimbek/Downloads/files (2)/.venv/lib/python3.14/site-packages/telegram/request/_baserequest.py", line 305, in _request_wrapper
    code, payload = await self.do_request(
                    ^^^^^^^^^^^^^^^^^^^^^^
    ...<7 lines>...
    )
    ^
  File "/home/nozimbek/Downloads/files (2)/.venv/lib/python3.14/site-packages/telegram/request/_httpxrequest.py", line 303, in do_request
    raise NetworkError(f"httpx.{err.__class__.__name__}: {err}") from err
telegram.error.NetworkError: httpx.ConnectError: [Errno -3] Temporary failure in name resolution
2026-09-10 00:24:31,930 - telegram.ext.Application - ERROR - No error handlers are registered, logging exception.
Traceback (most recent call last):
  File "/home/nozimbek/Downloads/files (2)/.venv/lib/python3.14/site-packages/httpx/_transports/default.py", line 101, in map_httpcore_exceptions
    yield
  File "/home/nozimbek/Downloads/files (2)/.venv/lib/python3.14/site-packages/httpx/_transports/default.py", line 394, in handle_async_request
    resp = await self._pool.handle_async_request(req)
           ^^^^^^^^^^^^^^^^^^^^^^^^^^^^^^^^^^^^^^^^^^
  File "/home/nozimbek/Downloads/files (2)/.venv/lib/python3.14/site-packages/httpcore/_async/connection_pool.py", line 256, in handle_async_request
    raise exc from None
  File "/home/nozimbek/Downloads/files (2)/.venv/lib/python3.14/site-packages/httpcore/_async/connection_pool.py", line 236, in handle_async_request
    response = await connection.handle_async_request(
               ^^^^^^^^^^^^^^^^^^^^^^^^^^^^^^^^^^^^^^
        pool_request.request
        ^^^^^^^^^^^^^^^^^^^^
    )
    ^
  File "/home/nozimbek/Downloads/files (2)/.venv/lib/python3.14/site-packages/httpcore/_async/connection.py", line 101, in handle_async_request
    raise exc
  File "/home/nozimbek/Downloads/files (2)/.venv/lib/python3.14/site-packages/httpcore/_async/connection.py", line 78, in handle_async_request
    stream = await self._connect(request)
             ^^^^^^^^^^^^^^^^^^^^^^^^^^^^
  File "/home/nozimbek/Downloads/files (2)/.venv/lib/python3.14/site-packages/httpcore/_async/connection.py", line 124, in _connect
    stream = await self._network_backend.connect_tcp(**kwargs)
             ^^^^^^^^^^^^^^^^^^^^^^^^^^^^^^^^^^^^^^^^^^^^^^^^^
  File "/home/nozimbek/Downloads/files (2)/.venv/lib/python3.14/site-packages/httpcore/_backends/auto.py", line 31, in connect_tcp
    return await self._backend.connect_tcp(
           ^^^^^^^^^^^^^^^^^^^^^^^^^^^^^^^^
    ...<5 lines>...
    )
    ^
  File "/home/nozimbek/Downloads/files (2)/.venv/lib/python3.14/site-packages/httpcore/_backends/anyio.py", line 113, in connect_tcp
    with map_exceptions(exc_map):
         ~~~~~~~~~~~~~~^^^^^^^^^
  File "/usr/lib/python3.14/contextlib.py", line 162, in __exit__
    self.gen.throw(value)
    ~~~~~~~~~~~~~~^^^^^^^
  File "/home/nozimbek/Downloads/files (2)/.venv/lib/python3.14/site-packages/httpcore/_exceptions.py", line 14, in map_exceptions
    raise to_exc(exc) from exc
httpcore.ConnectError: [Errno -3] Temporary failure in name resolution

The above exception was the direct cause of the following exception:

Traceback (most recent call last):
  File "/home/nozimbek/Downloads/files (2)/.venv/lib/python3.14/site-packages/telegram/request/_httpxrequest.py", line 279, in do_request
    res = await self._client.request(
          ^^^^^^^^^^^^^^^^^^^^^^^^^^^
    ...<6 lines>...
    )
    ^
  File "/home/nozimbek/Downloads/files (2)/.venv/lib/python3.14/site-packages/httpx/_client.py", line 1540, in request
    return await self.send(request, auth=auth, follow_redirects=follow_redirects)
           ^^^^^^^^^^^^^^^^^^^^^^^^^^^^^^^^^^^^^^^^^^^^^^^^^^^^^^^^^^^^^^^^^^^^^^
  File "/home/nozimbek/Downloads/files (2)/.venv/lib/python3.14/site-packages/httpx/_client.py", line 1629, in send
    response = await self._send_handling_auth(
               ^^^^^^^^^^^^^^^^^^^^^^^^^^^^^^^
    ...<4 lines>...
    )
    ^
  File "/home/nozimbek/Downloads/files (2)/.venv/lib/python3.14/site-packages/httpx/_client.py", line 1657, in _send_handling_auth
    response = await self._send_handling_redirects(
               ^^^^^^^^^^^^^^^^^^^^^^^^^^^^^^^^^^^^
    ...<3 lines>...
    )
    ^
  File "/home/nozimbek/Downloads/files (2)/.venv/lib/python3.14/site-packages/httpx/_client.py", line 1694, in _send_handling_redirects
    response = await self._send_single_request(request)
               ^^^^^^^^^^^^^^^^^^^^^^^^^^^^^^^^^^^^^^^^
  File "/home/nozimbek/Downloads/files (2)/.venv/lib/python3.14/site-packages/httpx/_client.py", line 1730, in _send_single_request
    response = await transport.handle_async_request(request)
               ^^^^^^^^^^^^^^^^^^^^^^^^^^^^^^^^^^^^^^^^^^^^^
  File "/home/nozimbek/Downloads/files (2)/.venv/lib/python3.14/site-packages/httpx/_transports/default.py", line 393, in handle_async_request
    with map_httpcore_exceptions():
         ~~~~~~~~~~~~~~~~~~~~~~~^^
  File "/usr/lib/python3.14/contextlib.py", line 162, in __exit__
    self.gen.throw(value)
    ~~~~~~~~~~~~~~^^^^^^^
  File "/home/nozimbek/Downloads/files (2)/.venv/lib/python3.14/site-packages/httpx/_transports/default.py", line 118, in map_httpcore_exceptions
    raise mapped_exc(message) from exc
httpx.ConnectError: [Errno -3] Temporary failure in name resolution

The above exception was the direct cause of the following exception:

Traceback (most recent call last):
  File "/home/nozimbek/Downloads/files (2)/.venv/lib/python3.14/site-packages/telegram/ext/_utils/networkloop.py", line 161, in network_retry_loop
    await do_action()
  File "/home/nozimbek/Downloads/files (2)/.venv/lib/python3.14/site-packages/telegram/ext/_utils/networkloop.py", line 154, in do_action
    action_cb_task.result()
    ~~~~~~~~~~~~~~~~~~~~~^^
  File "/home/nozimbek/Downloads/files (2)/.venv/lib/python3.14/site-packages/telegram/ext/_updater.py", line 340, in polling_action_cb
    updates = await self.bot.get_updates(
              ^^^^^^^^^^^^^^^^^^^^^^^^^^^
    ...<3 lines>...
    )
    ^
  File "/home/nozimbek/Downloads/files (2)/.venv/lib/python3.14/site-packages/telegram/ext/_extbot.py", line 680, in get_updates
    updates = await super().get_updates(
              ^^^^^^^^^^^^^^^^^^^^^^^^^^
    ...<9 lines>...
    )
    ^
  File "/home/nozimbek/Downloads/files (2)/.venv/lib/python3.14/site-packages/telegram/_bot.py", line 4767, in get_updates
    await self._post(
    ^^^^^^^^^^^^^^^^^
    ...<7 lines>...
    ),
    ^
  File "/home/nozimbek/Downloads/files (2)/.venv/lib/python3.14/site-packages/telegram/_bot.py", line 712, in _post
    return await self._do_post(
           ^^^^^^^^^^^^^^^^^^^^
    ...<6 lines>...
    )
    ^
  File "/home/nozimbek/Downloads/files (2)/.venv/lib/python3.14/site-packages/telegram/ext/_extbot.py", line 378, in _do_post
    return await super()._do_post(
           ^^^^^^^^^^^^^^^^^^^^^^^
    ...<6 lines>...
    )
    ^
  File "/home/nozimbek/Downloads/files (2)/.venv/lib/python3.14/site-packages/telegram/_bot.py", line 741, in _do_post
    result = await request.post(
             ^^^^^^^^^^^^^^^^^^^
    ...<6 lines>...
    )
    ^
  File "/home/nozimbek/Downloads/files (2)/.venv/lib/python3.14/site-packages/telegram/request/_baserequest.py", line 198, in post
    result = await self._request_wrapper(
             ^^^^^^^^^^^^^^^^^^^^^^^^^^^^
    ...<7 lines>...
    )
    ^
  File "/home/nozimbek/Downloads/files (2)/.venv/lib/python3.14/site-packages/telegram/request/_baserequest.py", line 305, in _request_wrapper
    code, payload = await self.do_request(
                    ^^^^^^^^^^^^^^^^^^^^^^
    ...<7 lines>...
    )
    ^
  File "/home/nozimbek/Downloads/files (2)/.venv/lib/python3.14/site-packages/telegram/request/_httpxrequest.py", line 303, in do_request
    raise NetworkError(f"httpx.{err.__class__.__name__}: {err}") from err
telegram.error.NetworkError: httpx.ConnectError: [Errno -3] Temporary failure in name resolution
2026-09-10 00:25:01,962 - telegram.ext.Application - ERROR - No error handlers are registered, logging exception.
Traceback (most recent call last):
  File "/home/nozimbek/Downloads/files (2)/.venv/lib/python3.14/site-packages/httpx/_transports/default.py", line 101, in map_httpcore_exceptions
    yield
  File "/home/nozimbek/Downloads/files (2)/.venv/lib/python3.14/site-packages/httpx/_transports/default.py", line 394, in handle_async_request
    resp = await self._pool.handle_async_request(req)
           ^^^^^^^^^^^^^^^^^^^^^^^^^^^^^^^^^^^^^^^^^^
  File "/home/nozimbek/Downloads/files (2)/.venv/lib/python3.14/site-packages/httpcore/_async/connection_pool.py", line 256, in handle_async_request
    raise exc from None
  File "/home/nozimbek/Downloads/files (2)/.venv/lib/python3.14/site-packages/httpcore/_async/connection_pool.py", line 236, in handle_async_request
    response = await connection.handle_async_request(
               ^^^^^^^^^^^^^^^^^^^^^^^^^^^^^^^^^^^^^^
        pool_request.request
        ^^^^^^^^^^^^^^^^^^^^
    )
    ^
  File "/home/nozimbek/Downloads/files (2)/.venv/lib/python3.14/site-packages/httpcore/_async/connection.py", line 101, in handle_async_request
    raise exc
  File "/home/nozimbek/Downloads/files (2)/.venv/lib/python3.14/site-packages/httpcore/_async/connection.py", line 78, in handle_async_request
    stream = await self._connect(request)
             ^^^^^^^^^^^^^^^^^^^^^^^^^^^^
  File "/home/nozimbek/Downloads/files (2)/.venv/lib/python3.14/site-packages/httpcore/_async/connection.py", line 124, in _connect
    stream = await self._network_backend.connect_tcp(**kwargs)
             ^^^^^^^^^^^^^^^^^^^^^^^^^^^^^^^^^^^^^^^^^^^^^^^^^
  File "/home/nozimbek/Downloads/files (2)/.venv/lib/python3.14/site-packages/httpcore/_backends/auto.py", line 31, in connect_tcp
    return await self._backend.connect_tcp(
           ^^^^^^^^^^^^^^^^^^^^^^^^^^^^^^^^
    ...<5 lines>...
    )
    ^
  File "/home/nozimbek/Downloads/files (2)/.venv/lib/python3.14/site-packages/httpcore/_backends/anyio.py", line 113, in connect_tcp
    with map_exceptions(exc_map):
         ~~~~~~~~~~~~~~^^^^^^^^^
  File "/usr/lib/python3.14/contextlib.py", line 162, in __exit__
    self.gen.throw(value)
    ~~~~~~~~~~~~~~^^^^^^^
  File "/home/nozimbek/Downloads/files (2)/.venv/lib/python3.14/site-packages/httpcore/_exceptions.py", line 14, in map_exceptions
    raise to_exc(exc) from exc
httpcore.ConnectError: [Errno -3] Temporary failure in name resolution

The above exception was the direct cause of the following exception:

Traceback (most recent call last):
  File "/home/nozimbek/Downloads/files (2)/.venv/lib/python3.14/site-packages/telegram/request/_httpxrequest.py", line 279, in do_request
    res = await self._client.request(
          ^^^^^^^^^^^^^^^^^^^^^^^^^^^
    ...<6 lines>...
    )
    ^
  File "/home/nozimbek/Downloads/files (2)/.venv/lib/python3.14/site-packages/httpx/_client.py", line 1540, in request
    return await self.send(request, auth=auth, follow_redirects=follow_redirects)
           ^^^^^^^^^^^^^^^^^^^^^^^^^^^^^^^^^^^^^^^^^^^^^^^^^^^^^^^^^^^^^^^^^^^^^^
  File "/home/nozimbek/Downloads/files (2)/.venv/lib/python3.14/site-packages/httpx/_client.py", line 1629, in send
    response = await self._send_handling_auth(
               ^^^^^^^^^^^^^^^^^^^^^^^^^^^^^^^
    ...<4 lines>...
    )
    ^
  File "/home/nozimbek/Downloads/files (2)/.venv/lib/python3.14/site-packages/httpx/_client.py", line 1657, in _send_handling_auth
    response = await self._send_handling_redirects(
               ^^^^^^^^^^^^^^^^^^^^^^^^^^^^^^^^^^^^
    ...<3 lines>...
    )
    ^
  File "/home/nozimbek/Downloads/files (2)/.venv/lib/python3.14/site-packages/httpx/_client.py", line 1694, in _send_handling_redirects
    response = await self._send_single_request(request)
               ^^^^^^^^^^^^^^^^^^^^^^^^^^^^^^^^^^^^^^^^
  File "/home/nozimbek/Downloads/files (2)/.venv/lib/python3.14/site-packages/httpx/_client.py", line 1730, in _send_single_request
    response = await transport.handle_async_request(request)
               ^^^^^^^^^^^^^^^^^^^^^^^^^^^^^^^^^^^^^^^^^^^^^
  File "/home/nozimbek/Downloads/files (2)/.venv/lib/python3.14/site-packages/httpx/_transports/default.py", line 393, in handle_async_request
    with map_httpcore_exceptions():
         ~~~~~~~~~~~~~~~~~~~~~~~^^
  File "/usr/lib/python3.14/contextlib.py", line 162, in __exit__
    self.gen.throw(value)
    ~~~~~~~~~~~~~~^^^^^^^
  File "/home/nozimbek/Downloads/files (2)/.venv/lib/python3.14/site-packages/httpx/_transports/default.py", line 118, in map_httpcore_exceptions
    raise mapped_exc(message) from exc
httpx.ConnectError: [Errno -3] Temporary failure in name resolution

The above exception was the direct cause of the following exception:

Traceback (most recent call last):
  File "/home/nozimbek/Downloads/files (2)/.venv/lib/python3.14/site-packages/telegram/ext/_utils/networkloop.py", line 161, in network_retry_loop
    await do_action()
  File "/home/nozimbek/Downloads/files (2)/.venv/lib/python3.14/site-packages/telegram/ext/_utils/networkloop.py", line 154, in do_action
    action_cb_task.result()
    ~~~~~~~~~~~~~~~~~~~~~^^
  File "/home/nozimbek/Downloads/files (2)/.venv/lib/python3.14/site-packages/telegram/ext/_updater.py", line 340, in polling_action_cb
    updates = await self.bot.get_updates(
              ^^^^^^^^^^^^^^^^^^^^^^^^^^^
    ...<3 lines>...
    )
    ^
  File "/home/nozimbek/Downloads/files (2)/.venv/lib/python3.14/site-packages/telegram/ext/_extbot.py", line 680, in get_updates
    updates = await super().get_updates(
              ^^^^^^^^^^^^^^^^^^^^^^^^^^
    ...<9 lines>...
    )
    ^
  File "/home/nozimbek/Downloads/files (2)/.venv/lib/python3.14/site-packages/telegram/_bot.py", line 4767, in get_updates
    await self._post(
    ^^^^^^^^^^^^^^^^^
    ...<7 lines>...
    ),
    ^
  File "/home/nozimbek/Downloads/files (2)/.venv/lib/python3.14/site-packages/telegram/_bot.py", line 712, in _post
    return await self._do_post(
           ^^^^^^^^^^^^^^^^^^^^
    ...<6 lines>...
    )
    ^
  File "/home/nozimbek/Downloads/files (2)/.venv/lib/python3.14/site-packages/telegram/ext/_extbot.py", line 378, in _do_post
    return await super()._do_post(
           ^^^^^^^^^^^^^^^^^^^^^^^
    ...<6 lines>...
    )
    ^
  File "/home/nozimbek/Downloads/files (2)/.venv/lib/python3.14/site-packages/telegram/_bot.py", line 741, in _do_post
    result = await request.post(
             ^^^^^^^^^^^^^^^^^^^
    ...<6 lines>...
    )
    ^
  File "/home/nozimbek/Downloads/files (2)/.venv/lib/python3.14/site-packages/telegram/request/_baserequest.py", line 198, in post
    result = await self._request_wrapper(
             ^^^^^^^^^^^^^^^^^^^^^^^^^^^^
    ...<7 lines>...
    )
    ^
  File "/home/nozimbek/Downloads/files (2)/.venv/lib/python3.14/site-packages/telegram/request/_baserequest.py", line 305, in _request_wrapper
    code, payload = await self.do_request(
                    ^^^^^^^^^^^^^^^^^^^^^^
    ...<7 lines>...
    )
    ^
  File "/home/nozimbek/Downloads/files (2)/.venv/lib/python3.14/site-packages/telegram/request/_httpxrequest.py", line 303, in do_request
    raise NetworkError(f"httpx.{err.__class__.__name__}: {err}") from err
telegram.error.NetworkError: httpx.ConnectError: [Errno -3] Temporary failure in name resolution
2026-09-10 00:25:31,985 - telegram.ext.Application - ERROR - No error handlers are registered, logging exception.
Traceback (most recent call last):
  File "/home/nozimbek/Downloads/files (2)/.venv/lib/python3.14/site-packages/httpx/_transports/default.py", line 101, in map_httpcore_exceptions
    yield
  File "/home/nozimbek/Downloads/files (2)/.venv/lib/python3.14/site-packages/httpx/_transports/default.py", line 394, in handle_async_request
    resp = await self._pool.handle_async_request(req)
           ^^^^^^^^^^^^^^^^^^^^^^^^^^^^^^^^^^^^^^^^^^
  File "/home/nozimbek/Downloads/files (2)/.venv/lib/python3.14/site-packages/httpcore/_async/connection_pool.py", line 256, in handle_async_request
    raise exc from None
  File "/home/nozimbek/Downloads/files (2)/.venv/lib/python3.14/site-packages/httpcore/_async/connection_pool.py", line 236, in handle_async_request
    response = await connection.handle_async_request(
               ^^^^^^^^^^^^^^^^^^^^^^^^^^^^^^^^^^^^^^
        pool_request.request
        ^^^^^^^^^^^^^^^^^^^^
    )
    ^
  File "/home/nozimbek/Downloads/files (2)/.venv/lib/python3.14/site-packages/httpcore/_async/connection.py", line 101, in handle_async_request
    raise exc
  File "/home/nozimbek/Downloads/files (2)/.venv/lib/python3.14/site-packages/httpcore/_async/connection.py", line 78, in handle_async_request
    stream = await self._connect(request)
             ^^^^^^^^^^^^^^^^^^^^^^^^^^^^
  File "/home/nozimbek/Downloads/files (2)/.venv/lib/python3.14/site-packages/httpcore/_async/connection.py", line 124, in _connect
    stream = await self._network_backend.connect_tcp(**kwargs)
             ^^^^^^^^^^^^^^^^^^^^^^^^^^^^^^^^^^^^^^^^^^^^^^^^^
  File "/home/nozimbek/Downloads/files (2)/.venv/lib/python3.14/site-packages/httpcore/_backends/auto.py", line 31, in connect_tcp
    return await self._backend.connect_tcp(
           ^^^^^^^^^^^^^^^^^^^^^^^^^^^^^^^^
    ...<5 lines>...
    )
    ^
  File "/home/nozimbek/Downloads/files (2)/.venv/lib/python3.14/site-packages/httpcore/_backends/anyio.py", line 113, in connect_tcp
    with map_exceptions(exc_map):
         ~~~~~~~~~~~~~~^^^^^^^^^
  File "/usr/lib/python3.14/contextlib.py", line 162, in __exit__
    self.gen.throw(value)
    ~~~~~~~~~~~~~~^^^^^^^
  File "/home/nozimbek/Downloads/files (2)/.venv/lib/python3.14/site-packages/httpcore/_exceptions.py", line 14, in map_exceptions
    raise to_exc(exc) from exc
httpcore.ConnectError: [Errno -3] Temporary failure in name resolution

The above exception was the direct cause of the following exception:

Traceback (most recent call last):
  File "/home/nozimbek/Downloads/files (2)/.venv/lib/python3.14/site-packages/telegram/request/_httpxrequest.py", line 279, in do_request
    res = await self._client.request(
          ^^^^^^^^^^^^^^^^^^^^^^^^^^^
    ...<6 lines>...
    )
    ^
  File "/home/nozimbek/Downloads/files (2)/.venv/lib/python3.14/site-packages/httpx/_client.py", line 1540, in request
    return await self.send(request, auth=auth, follow_redirects=follow_redirects)
           ^^^^^^^^^^^^^^^^^^^^^^^^^^^^^^^^^^^^^^^^^^^^^^^^^^^^^^^^^^^^^^^^^^^^^^
  File "/home/nozimbek/Downloads/files (2)/.venv/lib/python3.14/site-packages/httpx/_client.py", line 1629, in send
    response = await self._send_handling_auth(
               ^^^^^^^^^^^^^^^^^^^^^^^^^^^^^^^
    ...<4 lines>...
    )
    ^
  File "/home/nozimbek/Downloads/files (2)/.venv/lib/python3.14/site-packages/httpx/_client.py", line 1657, in _send_handling_auth
    response = await self._send_handling_redirects(
               ^^^^^^^^^^^^^^^^^^^^^^^^^^^^^^^^^^^^
    ...<3 lines>...
    )
    ^
  File "/home/nozimbek/Downloads/files (2)/.venv/lib/python3.14/site-packages/httpx/_client.py", line 1694, in _send_handling_redirects
    response = await self._send_single_request(request)
               ^^^^^^^^^^^^^^^^^^^^^^^^^^^^^^^^^^^^^^^^
  File "/home/nozimbek/Downloads/files (2)/.venv/lib/python3.14/site-packages/httpx/_client.py", line 1730, in _send_single_request
    response = await transport.handle_async_request(request)
               ^^^^^^^^^^^^^^^^^^^^^^^^^^^^^^^^^^^^^^^^^^^^^
  File "/home/nozimbek/Downloads/files (2)/.venv/lib/python3.14/site-packages/httpx/_transports/default.py", line 393, in handle_async_request
    with map_httpcore_exceptions():
         ~~~~~~~~~~~~~~~~~~~~~~~^^
  File "/usr/lib/python3.14/contextlib.py", line 162, in __exit__
    self.gen.throw(value)
    ~~~~~~~~~~~~~~^^^^^^^
  File "/home/nozimbek/Downloads/files (2)/.venv/lib/python3.14/site-packages/httpx/_transports/default.py", line 118, in map_httpcore_exceptions
    raise mapped_exc(message) from exc
httpx.ConnectError: [Errno -3] Temporary failure in name resolution

The above exception was the direct cause of the following exception:

Traceback (most recent call last):
  File "/home/nozimbek/Downloads/files (2)/.venv/lib/python3.14/site-packages/telegram/ext/_utils/networkloop.py", line 161, in network_retry_loop
    await do_action()
  File "/home/nozimbek/Downloads/files (2)/.venv/lib/python3.14/site-packages/telegram/ext/_utils/networkloop.py", line 154, in do_action
    action_cb_task.result()
    ~~~~~~~~~~~~~~~~~~~~~^^
  File "/home/nozimbek/Downloads/files (2)/.venv/lib/python3.14/site-packages/telegram/ext/_updater.py", line 340, in polling_action_cb
    updates = await self.bot.get_updates(
              ^^^^^^^^^^^^^^^^^^^^^^^^^^^
    ...<3 lines>...
    )
    ^
  File "/home/nozimbek/Downloads/files (2)/.venv/lib/python3.14/site-packages/telegram/ext/_extbot.py", line 680, in get_updates
    updates = await super().get_updates(
              ^^^^^^^^^^^^^^^^^^^^^^^^^^
    ...<9 lines>...
    )
    ^
  File "/home/nozimbek/Downloads/files (2)/.venv/lib/python3.14/site-packages/telegram/_bot.py", line 4767, in get_updates
    await self._post(
    ^^^^^^^^^^^^^^^^^
    ...<7 lines>...
    ),
    ^
  File "/home/nozimbek/Downloads/files (2)/.venv/lib/python3.14/site-packages/telegram/_bot.py", line 712, in _post
    return await self._do_post(
           ^^^^^^^^^^^^^^^^^^^^
    ...<6 lines>...
    )
    ^
  File "/home/nozimbek/Downloads/files (2)/.venv/lib/python3.14/site-packages/telegram/ext/_extbot.py", line 378, in _do_post
    return await super()._do_post(
           ^^^^^^^^^^^^^^^^^^^^^^^
    ...<6 lines>...
    )
    ^
  File "/home/nozimbek/Downloads/files (2)/.venv/lib/python3.14/site-packages/telegram/_bot.py", line 741, in _do_post
    result = await request.post(
             ^^^^^^^^^^^^^^^^^^^
    ...<6 lines>...
    )
    ^
  File "/home/nozimbek/Downloads/files (2)/.venv/lib/python3.14/site-packages/telegram/request/_baserequest.py", line 198, in post
    result = await self._request_wrapper(
             ^^^^^^^^^^^^^^^^^^^^^^^^^^^^
    ...<7 lines>...
    )
    ^
  File "/home/nozimbek/Downloads/files (2)/.venv/lib/python3.14/site-packages/telegram/request/_baserequest.py", line 305, in _request_wrapper
    code, payload = await self.do_request(
                    ^^^^^^^^^^^^^^^^^^^^^^
    ...<7 lines>...
    )
    ^
  File "/home/nozimbek/Downloads/files (2)/.venv/lib/python3.14/site-packages/telegram/request/_httpxrequest.py", line 303, in do_request
    raise NetworkError(f"httpx.{err.__class__.__name__}: {err}") from err
telegram.error.NetworkError: httpx.ConnectError: [Errno -3] Temporary failure in name resolution
2026-09-10 00:26:02,019 - telegram.ext.Application - ERROR - No error handlers are registered, logging exception.
Traceback (most recent call last):
  File "/home/nozimbek/Downloads/files (2)/.venv/lib/python3.14/site-packages/httpx/_transports/default.py", line 101, in map_httpcore_exceptions
    yield
  File "/home/nozimbek/Downloads/files (2)/.venv/lib/python3.14/site-packages/httpx/_transports/default.py", line 394, in handle_async_request
    resp = await self._pool.handle_async_request(req)
           ^^^^^^^^^^^^^^^^^^^^^^^^^^^^^^^^^^^^^^^^^^
  File "/home/nozimbek/Downloads/files (2)/.venv/lib/python3.14/site-packages/httpcore/_async/connection_pool.py", line 256, in handle_async_request
    raise exc from None
  File "/home/nozimbek/Downloads/files (2)/.venv/lib/python3.14/site-packages/httpcore/_async/connection_pool.py", line 236, in handle_async_request
    response = await connection.handle_async_request(
               ^^^^^^^^^^^^^^^^^^^^^^^^^^^^^^^^^^^^^^
        pool_request.request
        ^^^^^^^^^^^^^^^^^^^^
    )
    ^
  File "/home/nozimbek/Downloads/files (2)/.venv/lib/python3.14/site-packages/httpcore/_async/connection.py", line 101, in handle_async_request
    raise exc
  File "/home/nozimbek/Downloads/files (2)/.venv/lib/python3.14/site-packages/httpcore/_async/connection.py", line 78, in handle_async_request
    stream = await self._connect(request)
             ^^^^^^^^^^^^^^^^^^^^^^^^^^^^
  File "/home/nozimbek/Downloads/files (2)/.venv/lib/python3.14/site-packages/httpcore/_async/connection.py", line 124, in _connect
    stream = await self._network_backend.connect_tcp(**kwargs)
             ^^^^^^^^^^^^^^^^^^^^^^^^^^^^^^^^^^^^^^^^^^^^^^^^^
  File "/home/nozimbek/Downloads/files (2)/.venv/lib/python3.14/site-packages/httpcore/_backends/auto.py", line 31, in connect_tcp
    return await self._backend.connect_tcp(
           ^^^^^^^^^^^^^^^^^^^^^^^^^^^^^^^^
    ...<5 lines>...
    )
    ^
  File "/home/nozimbek/Downloads/files (2)/.venv/lib/python3.14/site-packages/httpcore/_backends/anyio.py", line 113, in connect_tcp
    with map_exceptions(exc_map):
         ~~~~~~~~~~~~~~^^^^^^^^^
  File "/usr/lib/python3.14/contextlib.py", line 162, in __exit__
    self.gen.throw(value)
    ~~~~~~~~~~~~~~^^^^^^^
  File "/home/nozimbek/Downloads/files (2)/.venv/lib/python3.14/site-packages/httpcore/_exceptions.py", line 14, in map_exceptions
    raise to_exc(exc) from exc
httpcore.ConnectError: [Errno -3] Temporary failure in name resolution

The above exception was the direct cause of the following exception:

Traceback (most recent call last):
  File "/home/nozimbek/Downloads/files (2)/.venv/lib/python3.14/site-packages/telegram/request/_httpxrequest.py", line 279, in do_request
    res = await self._client.request(
          ^^^^^^^^^^^^^^^^^^^^^^^^^^^
    ...<6 lines>...
    )
    ^
  File "/home/nozimbek/Downloads/files (2)/.venv/lib/python3.14/site-packages/httpx/_client.py", line 1540, in request
    return await self.send(request, auth=auth, follow_redirects=follow_redirects)
           ^^^^^^^^^^^^^^^^^^^^^^^^^^^^^^^^^^^^^^^^^^^^^^^^^^^^^^^^^^^^^^^^^^^^^^
  File "/home/nozimbek/Downloads/files (2)/.venv/lib/python3.14/site-packages/httpx/_client.py", line 1629, in send
    response = await self._send_handling_auth(
               ^^^^^^^^^^^^^^^^^^^^^^^^^^^^^^^
    ...<4 lines>...
    )
    ^
  File "/home/nozimbek/Downloads/files (2)/.venv/lib/python3.14/site-packages/httpx/_client.py", line 1657, in _send_handling_auth
    response = await self._send_handling_redirects(
               ^^^^^^^^^^^^^^^^^^^^^^^^^^^^^^^^^^^^
    ...<3 lines>...
    )
    ^
  File "/home/nozimbek/Downloads/files (2)/.venv/lib/python3.14/site-packages/httpx/_client.py", line 1694, in _send_handling_redirects
    response = await self._send_single_request(request)
               ^^^^^^^^^^^^^^^^^^^^^^^^^^^^^^^^^^^^^^^^
  File "/home/nozimbek/Downloads/files (2)/.venv/lib/python3.14/site-packages/httpx/_client.py", line 1730, in _send_single_request
    response = await transport.handle_async_request(request)
               ^^^^^^^^^^^^^^^^^^^^^^^^^^^^^^^^^^^^^^^^^^^^^
  File "/home/nozimbek/Downloads/files (2)/.venv/lib/python3.14/site-packages/httpx/_transports/default.py", line 393, in handle_async_request
    with map_httpcore_exceptions():
         ~~~~~~~~~~~~~~~~~~~~~~~^^
  File "/usr/lib/python3.14/contextlib.py", line 162, in __exit__
    self.gen.throw(value)
    ~~~~~~~~~~~~~~^^^^^^^
  File "/home/nozimbek/Downloads/files (2)/.venv/lib/python3.14/site-packages/httpx/_transports/default.py", line 118, in map_httpcore_exceptions
    raise mapped_exc(message) from exc
httpx.ConnectError: [Errno -3] Temporary failure in name resolution

The above exception was the direct cause of the following exception:

Traceback (most recent call last):
  File "/home/nozimbek/Downloads/files (2)/.venv/lib/python3.14/site-packages/telegram/ext/_utils/networkloop.py", line 161, in network_retry_loop
    await do_action()
  File "/home/nozimbek/Downloads/files (2)/.venv/lib/python3.14/site-packages/telegram/ext/_utils/networkloop.py", line 154, in do_action
    action_cb_task.result()
    ~~~~~~~~~~~~~~~~~~~~~^^
  File "/home/nozimbek/Downloads/files (2)/.venv/lib/python3.14/site-packages/telegram/ext/_updater.py", line 340, in polling_action_cb
    updates = await self.bot.get_updates(
              ^^^^^^^^^^^^^^^^^^^^^^^^^^^
    ...<3 lines>...
    )
    ^
  File "/home/nozimbek/Downloads/files (2)/.venv/lib/python3.14/site-packages/telegram/ext/_extbot.py", line 680, in get_updates
    updates = await super().get_updates(
              ^^^^^^^^^^^^^^^^^^^^^^^^^^
    ...<9 lines>...
    )
    ^
  File "/home/nozimbek/Downloads/files (2)/.venv/lib/python3.14/site-packages/telegram/_bot.py", line 4767, in get_updates
    await self._post(
    ^^^^^^^^^^^^^^^^^
    ...<7 lines>...
    ),
    ^
  File "/home/nozimbek/Downloads/files (2)/.venv/lib/python3.14/site-packages/telegram/_bot.py", line 712, in _post
    return await self._do_post(
           ^^^^^^^^^^^^^^^^^^^^
    ...<6 lines>...
    )
    ^
  File "/home/nozimbek/Downloads/files (2)/.venv/lib/python3.14/site-packages/telegram/ext/_extbot.py", line 378, in _do_post
    return await super()._do_post(
           ^^^^^^^^^^^^^^^^^^^^^^^
    ...<6 lines>...
    )
    ^
  File "/home/nozimbek/Downloads/files (2)/.venv/lib/python3.14/site-packages/telegram/_bot.py", line 741, in _do_post
    result = await request.post(
             ^^^^^^^^^^^^^^^^^^^
    ...<6 lines>...
    )
    ^
  File "/home/nozimbek/Downloads/files (2)/.venv/lib/python3.14/site-packages/telegram/request/_baserequest.py", line 198, in post
    result = await self._request_wrapper(
             ^^^^^^^^^^^^^^^^^^^^^^^^^^^^
    ...<7 lines>...
    )
    ^
  File "/home/nozimbek/Downloads/files (2)/.venv/lib/python3.14/site-packages/telegram/request/_baserequest.py", line 305, in _request_wrapper
    code, payload = await self.do_request(
                    ^^^^^^^^^^^^^^^^^^^^^^
    ...<7 lines>...
    )
    ^
  File "/home/nozimbek/Downloads/files (2)/.venv/lib/python3.14/site-packages/telegram/request/_httpxrequest.py", line 303, in do_request
    raise NetworkError(f"httpx.{err.__class__.__name__}: {err}") from err
telegram.error.NetworkError: httpx.ConnectError: [Errno -3] Temporary failure in name resolution
2026-09-10 00:26:32,054 - telegram.ext.Application - ERROR - No error handlers are registered, logging exception.
Traceback (most recent call last):
  File "/home/nozimbek/Downloads/files (2)/.venv/lib/python3.14/site-packages/httpx/_transports/default.py", line 101, in map_httpcore_exceptions
    yield
  File "/home/nozimbek/Downloads/files (2)/.venv/lib/python3.14/site-packages/httpx/_transports/default.py", line 394, in handle_async_request
    resp = await self._pool.handle_async_request(req)
           ^^^^^^^^^^^^^^^^^^^^^^^^^^^^^^^^^^^^^^^^^^
  File "/home/nozimbek/Downloads/files (2)/.venv/lib/python3.14/site-packages/httpcore/_async/connection_pool.py", line 256, in handle_async_request
    raise exc from None
  File "/home/nozimbek/Downloads/files (2)/.venv/lib/python3.14/site-packages/httpcore/_async/connection_pool.py", line 236, in handle_async_request
    response = await connection.handle_async_request(
               ^^^^^^^^^^^^^^^^^^^^^^^^^^^^^^^^^^^^^^
        pool_request.request
        ^^^^^^^^^^^^^^^^^^^^
    )
    ^
  File "/home/nozimbek/Downloads/files (2)/.venv/lib/python3.14/site-packages/httpcore/_async/connection.py", line 101, in handle_async_request
    raise exc
  File "/home/nozimbek/Downloads/files (2)/.venv/lib/python3.14/site-packages/httpcore/_async/connection.py", line 78, in handle_async_request
    stream = await self._connect(request)
             ^^^^^^^^^^^^^^^^^^^^^^^^^^^^
  File "/home/nozimbek/Downloads/files (2)/.venv/lib/python3.14/site-packages/httpcore/_async/connection.py", line 124, in _connect
    stream = await self._network_backend.connect_tcp(**kwargs)
             ^^^^^^^^^^^^^^^^^^^^^^^^^^^^^^^^^^^^^^^^^^^^^^^^^
  File "/home/nozimbek/Downloads/files (2)/.venv/lib/python3.14/site-packages/httpcore/_backends/auto.py", line 31, in connect_tcp
    return await self._backend.connect_tcp(
           ^^^^^^^^^^^^^^^^^^^^^^^^^^^^^^^^
    ...<5 lines>...
    )
    ^
  File "/home/nozimbek/Downloads/files (2)/.venv/lib/python3.14/site-packages/httpcore/_backends/anyio.py", line 113, in connect_tcp
    with map_exceptions(exc_map):
         ~~~~~~~~~~~~~~^^^^^^^^^
  File "/usr/lib/python3.14/contextlib.py", line 162, in __exit__
    self.gen.throw(value)
    ~~~~~~~~~~~~~~^^^^^^^
  File "/home/nozimbek/Downloads/files (2)/.venv/lib/python3.14/site-packages/httpcore/_exceptions.py", line 14, in map_exceptions
    raise to_exc(exc) from exc
httpcore.ConnectError: [Errno -3] Temporary failure in name resolution

The above exception was the direct cause of the following exception:

Traceback (most recent call last):
  File "/home/nozimbek/Downloads/files (2)/.venv/lib/python3.14/site-packages/telegram/request/_httpxrequest.py", line 279, in do_request
    res = await self._client.request(
          ^^^^^^^^^^^^^^^^^^^^^^^^^^^
    ...<6 lines>...
    )
    ^
  File "/home/nozimbek/Downloads/files (2)/.venv/lib/python3.14/site-packages/httpx/_client.py", line 1540, in request
    return await self.send(request, auth=auth, follow_redirects=follow_redirects)
           ^^^^^^^^^^^^^^^^^^^^^^^^^^^^^^^^^^^^^^^^^^^^^^^^^^^^^^^^^^^^^^^^^^^^^^
  File "/home/nozimbek/Downloads/files (2)/.venv/lib/python3.14/site-packages/httpx/_client.py", line 1629, in send
    response = await self._send_handling_auth(
               ^^^^^^^^^^^^^^^^^^^^^^^^^^^^^^^
    ...<4 lines>...
    )
    ^
  File "/home/nozimbek/Downloads/files (2)/.venv/lib/python3.14/site-packages/httpx/_client.py", line 1657, in _send_handling_auth
    response = await self._send_handling_redirects(
               ^^^^^^^^^^^^^^^^^^^^^^^^^^^^^^^^^^^^
    ...<3 lines>...
    )
    ^
  File "/home/nozimbek/Downloads/files (2)/.venv/lib/python3.14/site-packages/httpx/_client.py", line 1694, in _send_handling_redirects
    response = await self._send_single_request(request)
               ^^^^^^^^^^^^^^^^^^^^^^^^^^^^^^^^^^^^^^^^
  File "/home/nozimbek/Downloads/files (2)/.venv/lib/python3.14/site-packages/httpx/_client.py", line 1730, in _send_single_request
    response = await transport.handle_async_request(request)
               ^^^^^^^^^^^^^^^^^^^^^^^^^^^^^^^^^^^^^^^^^^^^^
  File "/home/nozimbek/Downloads/files (2)/.venv/lib/python3.14/site-packages/httpx/_transports/default.py", line 393, in handle_async_request
    with map_httpcore_exceptions():
         ~~~~~~~~~~~~~~~~~~~~~~~^^
  File "/usr/lib/python3.14/contextlib.py", line 162, in __exit__
    self.gen.throw(value)
    ~~~~~~~~~~~~~~^^^^^^^
  File "/home/nozimbek/Downloads/files (2)/.venv/lib/python3.14/site-packages/httpx/_transports/default.py", line 118, in map_httpcore_exceptions
    raise mapped_exc(message) from exc
httpx.ConnectError: [Errno -3] Temporary failure in name resolution

The above exception was the direct cause of the following exception:

Traceback (most recent call last):
  File "/home/nozimbek/Downloads/files (2)/.venv/lib/python3.14/site-packages/telegram/ext/_utils/networkloop.py", line 161, in network_retry_loop
    await do_action()
  File "/home/nozimbek/Downloads/files (2)/.venv/lib/python3.14/site-packages/telegram/ext/_utils/networkloop.py", line 154, in do_action
    action_cb_task.result()
    ~~~~~~~~~~~~~~~~~~~~~^^
  File "/home/nozimbek/Downloads/files (2)/.venv/lib/python3.14/site-packages/telegram/ext/_updater.py", line 340, in polling_action_cb
    updates = await self.bot.get_updates(
              ^^^^^^^^^^^^^^^^^^^^^^^^^^^
    ...<3 lines>...
    )
    ^
  File "/home/nozimbek/Downloads/files (2)/.venv/lib/python3.14/site-packages/telegram/ext/_extbot.py", line 680, in get_updates
    updates = await super().get_updates(
              ^^^^^^^^^^^^^^^^^^^^^^^^^^
    ...<9 lines>...
    )
    ^
  File "/home/nozimbek/Downloads/files (2)/.venv/lib/python3.14/site-packages/telegram/_bot.py", line 4767, in get_updates
    await self._post(
    ^^^^^^^^^^^^^^^^^
    ...<7 lines>...
    ),
    ^
  File "/home/nozimbek/Downloads/files (2)/.venv/lib/python3.14/site-packages/telegram/_bot.py", line 712, in _post
    return await self._do_post(
           ^^^^^^^^^^^^^^^^^^^^
    ...<6 lines>...
    )
    ^
  File "/home/nozimbek/Downloads/files (2)/.venv/lib/python3.14/site-packages/telegram/ext/_extbot.py", line 378, in _do_post
    return await super()._do_post(
           ^^^^^^^^^^^^^^^^^^^^^^^
    ...<6 lines>...
    )
    ^
  File "/home/nozimbek/Downloads/files (2)/.venv/lib/python3.14/site-packages/telegram/_bot.py", line 741, in _do_post
    result = await request.post(
             ^^^^^^^^^^^^^^^^^^^
    ...<6 lines>...
    )
    ^
  File "/home/nozimbek/Downloads/files (2)/.venv/lib/python3.14/site-packages/telegram/request/_baserequest.py", line 198, in post
    result = await self._request_wrapper(
             ^^^^^^^^^^^^^^^^^^^^^^^^^^^^
    ...<7 lines>...
    )
    ^
  File "/home/nozimbek/Downloads/files (2)/.venv/lib/python3.14/site-packages/telegram/request/_baserequest.py", line 305, in _request_wrapper
    code, payload = await self.do_request(
                    ^^^^^^^^^^^^^^^^^^^^^^
    ...<7 lines>...
    )
    ^
  File "/home/nozimbek/Downloads/files (2)/.venv/lib/python3.14/site-packages/telegram/request/_httpxrequest.py", line 303, in do_request
    raise NetworkError(f"httpx.{err.__class__.__name__}: {err}") from err
telegram.error.NetworkError: httpx.ConnectError: [Errno -3] Temporary failure in name resolution
2026-09-10 00:27:02,080 - telegram.ext.Application - ERROR - No error handlers are registered, logging exception.
Traceback (most recent call last):
  File "/home/nozimbek/Downloads/files (2)/.venv/lib/python3.14/site-packages/httpx/_transports/default.py", line 101, in map_httpcore_exceptions
    yield
  File "/home/nozimbek/Downloads/files (2)/.venv/lib/python3.14/site-packages/httpx/_transports/default.py", line 394, in handle_async_request
    resp = await self._pool.handle_async_request(req)
           ^^^^^^^^^^^^^^^^^^^^^^^^^^^^^^^^^^^^^^^^^^
  File "/home/nozimbek/Downloads/files (2)/.venv/lib/python3.14/site-packages/httpcore/_async/connection_pool.py", line 256, in handle_async_request
    raise exc from None
  File "/home/nozimbek/Downloads/files (2)/.venv/lib/python3.14/site-packages/httpcore/_async/connection_pool.py", line 236, in handle_async_request
    response = await connection.handle_async_request(
               ^^^^^^^^^^^^^^^^^^^^^^^^^^^^^^^^^^^^^^
        pool_request.request
        ^^^^^^^^^^^^^^^^^^^^
    )
    ^
  File "/home/nozimbek/Downloads/files (2)/.venv/lib/python3.14/site-packages/httpcore/_async/connection.py", line 101, in handle_async_request
    raise exc
  File "/home/nozimbek/Downloads/files (2)/.venv/lib/python3.14/site-packages/httpcore/_async/connection.py", line 78, in handle_async_request
    stream = await self._connect(request)
             ^^^^^^^^^^^^^^^^^^^^^^^^^^^^
  File "/home/nozimbek/Downloads/files (2)/.venv/lib/python3.14/site-packages/httpcore/_async/connection.py", line 124, in _connect
    stream = await self._network_backend.connect_tcp(**kwargs)
             ^^^^^^^^^^^^^^^^^^^^^^^^^^^^^^^^^^^^^^^^^^^^^^^^^
  File "/home/nozimbek/Downloads/files (2)/.venv/lib/python3.14/site-packages/httpcore/_backends/auto.py", line 31, in connect_tcp
    return await self._backend.connect_tcp(
           ^^^^^^^^^^^^^^^^^^^^^^^^^^^^^^^^
    ...<5 lines>...
    )
    ^
  File "/home/nozimbek/Downloads/files (2)/.venv/lib/python3.14/site-packages/httpcore/_backends/anyio.py", line 113, in connect_tcp
    with map_exceptions(exc_map):
         ~~~~~~~~~~~~~~^^^^^^^^^
  File "/usr/lib/python3.14/contextlib.py", line 162, in __exit__
    self.gen.throw(value)
    ~~~~~~~~~~~~~~^^^^^^^
  File "/home/nozimbek/Downloads/files (2)/.venv/lib/python3.14/site-packages/httpcore/_exceptions.py", line 14, in map_exceptions
    raise to_exc(exc) from exc
httpcore.ConnectError: [Errno -3] Temporary failure in name resolution

The above exception was the direct cause of the following exception:

Traceback (most recent call last):
  File "/home/nozimbek/Downloads/files (2)/.venv/lib/python3.14/site-packages/telegram/request/_httpxrequest.py", line 279, in do_request
    res = await self._client.request(
          ^^^^^^^^^^^^^^^^^^^^^^^^^^^
    ...<6 lines>...
    )
    ^
  File "/home/nozimbek/Downloads/files (2)/.venv/lib/python3.14/site-packages/httpx/_client.py", line 1540, in request
    return await self.send(request, auth=auth, follow_redirects=follow_redirects)
           ^^^^^^^^^^^^^^^^^^^^^^^^^^^^^^^^^^^^^^^^^^^^^^^^^^^^^^^^^^^^^^^^^^^^^^
  File "/home/nozimbek/Downloads/files (2)/.venv/lib/python3.14/site-packages/httpx/_client.py", line 1629, in send
    response = await self._send_handling_auth(
               ^^^^^^^^^^^^^^^^^^^^^^^^^^^^^^^
    ...<4 lines>...
    )
    ^
  File "/home/nozimbek/Downloads/files (2)/.venv/lib/python3.14/site-packages/httpx/_client.py", line 1657, in _send_handling_auth
    response = await self._send_handling_redirects(
               ^^^^^^^^^^^^^^^^^^^^^^^^^^^^^^^^^^^^
    ...<3 lines>...
    )
    ^
  File "/home/nozimbek/Downloads/files (2)/.venv/lib/python3.14/site-packages/httpx/_client.py", line 1694, in _send_handling_redirects
    response = await self._send_single_request(request)
               ^^^^^^^^^^^^^^^^^^^^^^^^^^^^^^^^^^^^^^^^
  File "/home/nozimbek/Downloads/files (2)/.venv/lib/python3.14/site-packages/httpx/_client.py", line 1730, in _send_single_request
    response = await transport.handle_async_request(request)
               ^^^^^^^^^^^^^^^^^^^^^^^^^^^^^^^^^^^^^^^^^^^^^
  File "/home/nozimbek/Downloads/files (2)/.venv/lib/python3.14/site-packages/httpx/_transports/default.py", line 393, in handle_async_request
    with map_httpcore_exceptions():
         ~~~~~~~~~~~~~~~~~~~~~~~^^
  File "/usr/lib/python3.14/contextlib.py", line 162, in __exit__
    self.gen.throw(value)
    ~~~~~~~~~~~~~~^^^^^^^
  File "/home/nozimbek/Downloads/files (2)/.venv/lib/python3.14/site-packages/httpx/_transports/default.py", line 118, in map_httpcore_exceptions
    raise mapped_exc(message) from exc
httpx.ConnectError: [Errno -3] Temporary failure in name resolution

The above exception was the direct cause of the following exception:

Traceback (most recent call last):
  File "/home/nozimbek/Downloads/files (2)/.venv/lib/python3.14/site-packages/telegram/ext/_utils/networkloop.py", line 161, in network_retry_loop
    await do_action()
  File "/home/nozimbek/Downloads/files (2)/.venv/lib/python3.14/site-packages/telegram/ext/_utils/networkloop.py", line 154, in do_action
    action_cb_task.result()
    ~~~~~~~~~~~~~~~~~~~~~^^
  File "/home/nozimbek/Downloads/files (2)/.venv/lib/python3.14/site-packages/telegram/ext/_updater.py", line 340, in polling_action_cb
    updates = await self.bot.get_updates(
              ^^^^^^^^^^^^^^^^^^^^^^^^^^^
    ...<3 lines>...
    )
    ^
  File "/home/nozimbek/Downloads/files (2)/.venv/lib/python3.14/site-packages/telegram/ext/_extbot.py", line 680, in get_updates
    updates = await super().get_updates(
              ^^^^^^^^^^^^^^^^^^^^^^^^^^
    ...<9 lines>...
    )
    ^
  File "/home/nozimbek/Downloads/files (2)/.venv/lib/python3.14/site-packages/telegram/_bot.py", line 4767, in get_updates
    await self._post(
    ^^^^^^^^^^^^^^^^^
    ...<7 lines>...
    ),
    ^
  File "/home/nozimbek/Downloads/files (2)/.venv/lib/python3.14/site-packages/telegram/_bot.py", line 712, in _post
    return await self._do_post(
           ^^^^^^^^^^^^^^^^^^^^
    ...<6 lines>...
    )
    ^
  File "/home/nozimbek/Downloads/files (2)/.venv/lib/python3.14/site-packages/telegram/ext/_extbot.py", line 378, in _do_post
    return await super()._do_post(
           ^^^^^^^^^^^^^^^^^^^^^^^
    ...<6 lines>...
    )
    ^
  File "/home/nozimbek/Downloads/files (2)/.venv/lib/python3.14/site-packages/telegram/_bot.py", line 741, in _do_post
    result = await request.post(
             ^^^^^^^^^^^^^^^^^^^
    ...<6 lines>...
    )
    ^
  File "/home/nozimbek/Downloads/files (2)/.venv/lib/python3.14/site-packages/telegram/request/_baserequest.py", line 198, in post
    result = await self._request_wrapper(
             ^^^^^^^^^^^^^^^^^^^^^^^^^^^^
    ...<7 lines>...
    )
    ^
  File "/home/nozimbek/Downloads/files (2)/.venv/lib/python3.14/site-packages/telegram/request/_baserequest.py", line 305, in _request_wrapper
    code, payload = await self.do_request(
                    ^^^^^^^^^^^^^^^^^^^^^^
    ...<7 lines>...
    )
    ^
  File "/home/nozimbek/Downloads/files (2)/.venv/lib/python3.14/site-packages/telegram/request/_httpxrequest.py", line 303, in do_request
    raise NetworkError(f"httpx.{err.__class__.__name__}: {err}") from err
telegram.error.NetworkError: httpx.ConnectError: [Errno -3] Temporary failure in name resolution
2026-09-10 00:27:32,115 - telegram.ext.Application - ERROR - No error handlers are registered, logging exception.
Traceback (most recent call last):
  File "/home/nozimbek/Downloads/files (2)/.venv/lib/python3.14/site-packages/httpx/_transports/default.py", line 101, in map_httpcore_exceptions
    yield
  File "/home/nozimbek/Downloads/files (2)/.venv/lib/python3.14/site-packages/httpx/_transports/default.py", line 394, in handle_async_request
    resp = await self._pool.handle_async_request(req)
           ^^^^^^^^^^^^^^^^^^^^^^^^^^^^^^^^^^^^^^^^^^
  File "/home/nozimbek/Downloads/files (2)/.venv/lib/python3.14/site-packages/httpcore/_async/connection_pool.py", line 256, in handle_async_request
    raise exc from None
  File "/home/nozimbek/Downloads/files (2)/.venv/lib/python3.14/site-packages/httpcore/_async/connection_pool.py", line 236, in handle_async_request
    response = await connection.handle_async_request(
               ^^^^^^^^^^^^^^^^^^^^^^^^^^^^^^^^^^^^^^
        pool_request.request
        ^^^^^^^^^^^^^^^^^^^^
    )
    ^
  File "/home/nozimbek/Downloads/files (2)/.venv/lib/python3.14/site-packages/httpcore/_async/connection.py", line 101, in handle_async_request
    raise exc
  File "/home/nozimbek/Downloads/files (2)/.venv/lib/python3.14/site-packages/httpcore/_async/connection.py", line 78, in handle_async_request
    stream = await self._connect(request)
             ^^^^^^^^^^^^^^^^^^^^^^^^^^^^
  File "/home/nozimbek/Downloads/files (2)/.venv/lib/python3.14/site-packages/httpcore/_async/connection.py", line 124, in _connect
    stream = await self._network_backend.connect_tcp(**kwargs)
             ^^^^^^^^^^^^^^^^^^^^^^^^^^^^^^^^^^^^^^^^^^^^^^^^^
  File "/home/nozimbek/Downloads/files (2)/.venv/lib/python3.14/site-packages/httpcore/_backends/auto.py", line 31, in connect_tcp
    return await self._backend.connect_tcp(
           ^^^^^^^^^^^^^^^^^^^^^^^^^^^^^^^^
    ...<5 lines>...
    )
    ^
  File "/home/nozimbek/Downloads/files (2)/.venv/lib/python3.14/site-packages/httpcore/_backends/anyio.py", line 113, in connect_tcp
    with map_exceptions(exc_map):
         ~~~~~~~~~~~~~~^^^^^^^^^
  File "/usr/lib/python3.14/contextlib.py", line 162, in __exit__
    self.gen.throw(value)
    ~~~~~~~~~~~~~~^^^^^^^
  File "/home/nozimbek/Downloads/files (2)/.venv/lib/python3.14/site-packages/httpcore/_exceptions.py", line 14, in map_exceptions
    raise to_exc(exc) from exc
httpcore.ConnectError: [Errno -3] Temporary failure in name resolution

The above exception was the direct cause of the following exception:

Traceback (most recent call last):
  File "/home/nozimbek/Downloads/files (2)/.venv/lib/python3.14/site-packages/telegram/request/_httpxrequest.py", line 279, in do_request
    res = await self._client.request(
          ^^^^^^^^^^^^^^^^^^^^^^^^^^^
    ...<6 lines>...
    )
    ^
  File "/home/nozimbek/Downloads/files (2)/.venv/lib/python3.14/site-packages/httpx/_client.py", line 1540, in request
    return await self.send(request, auth=auth, follow_redirects=follow_redirects)
           ^^^^^^^^^^^^^^^^^^^^^^^^^^^^^^^^^^^^^^^^^^^^^^^^^^^^^^^^^^^^^^^^^^^^^^
  File "/home/nozimbek/Downloads/files (2)/.venv/lib/python3.14/site-packages/httpx/_client.py", line 1629, in send
    response = await self._send_handling_auth(
               ^^^^^^^^^^^^^^^^^^^^^^^^^^^^^^^
    ...<4 lines>...
    )
    ^
  File "/home/nozimbek/Downloads/files (2)/.venv/lib/python3.14/site-packages/httpx/_client.py", line 1657, in _send_handling_auth
    response = await self._send_handling_redirects(
               ^^^^^^^^^^^^^^^^^^^^^^^^^^^^^^^^^^^^
    ...<3 lines>...
    )
    ^
  File "/home/nozimbek/Downloads/files (2)/.venv/lib/python3.14/site-packages/httpx/_client.py", line 1694, in _send_handling_redirects
    response = await self._send_single_request(request)
               ^^^^^^^^^^^^^^^^^^^^^^^^^^^^^^^^^^^^^^^^
  File "/home/nozimbek/Downloads/files (2)/.venv/lib/python3.14/site-packages/httpx/_client.py", line 1730, in _send_single_request
    response = await transport.handle_async_request(request)
               ^^^^^^^^^^^^^^^^^^^^^^^^^^^^^^^^^^^^^^^^^^^^^
  File "/home/nozimbek/Downloads/files (2)/.venv/lib/python3.14/site-packages/httpx/_transports/default.py", line 393, in handle_async_request
    with map_httpcore_exceptions():
         ~~~~~~~~~~~~~~~~~~~~~~~^^
  File "/usr/lib/python3.14/contextlib.py", line 162, in __exit__
    self.gen.throw(value)
    ~~~~~~~~~~~~~~^^^^^^^
  File "/home/nozimbek/Downloads/files (2)/.venv/lib/python3.14/site-packages/httpx/_transports/default.py", line 118, in map_httpcore_exceptions
    raise mapped_exc(message) from exc
httpx.ConnectError: [Errno -3] Temporary failure in name resolution

The above exception was the direct cause of the following exception:

Traceback (most recent call last):
  File "/home/nozimbek/Downloads/files (2)/.venv/lib/python3.14/site-packages/telegram/ext/_utils/networkloop.py", line 161, in network_retry_loop
    await do_action()
  File "/home/nozimbek/Downloads/files (2)/.venv/lib/python3.14/site-packages/telegram/ext/_utils/networkloop.py", line 154, in do_action
    action_cb_task.result()
    ~~~~~~~~~~~~~~~~~~~~~^^
  File "/home/nozimbek/Downloads/files (2)/.venv/lib/python3.14/site-packages/telegram/ext/_updater.py", line 340, in polling_action_cb
    updates = await self.bot.get_updates(
              ^^^^^^^^^^^^^^^^^^^^^^^^^^^
    ...<3 lines>...
    )
    ^
  File "/home/nozimbek/Downloads/files (2)/.venv/lib/python3.14/site-packages/telegram/ext/_extbot.py", line 680, in get_updates
    updates = await super().get_updates(
              ^^^^^^^^^^^^^^^^^^^^^^^^^^
    ...<9 lines>...
    )
    ^
  File "/home/nozimbek/Downloads/files (2)/.venv/lib/python3.14/site-packages/telegram/_bot.py", line 4767, in get_updates
    await self._post(
    ^^^^^^^^^^^^^^^^^
    ...<7 lines>...
    ),
    ^
  File "/home/nozimbek/Downloads/files (2)/.venv/lib/python3.14/site-packages/telegram/_bot.py", line 712, in _post
    return await self._do_post(
           ^^^^^^^^^^^^^^^^^^^^
    ...<6 lines>...
    )
    ^
  File "/home/nozimbek/Downloads/files (2)/.venv/lib/python3.14/site-packages/telegram/ext/_extbot.py", line 378, in _do_post
    return await super()._do_post(
           ^^^^^^^^^^^^^^^^^^^^^^^
    ...<6 lines>...
    )
    ^
  File "/home/nozimbek/Downloads/files (2)/.venv/lib/python3.14/site-packages/telegram/_bot.py", line 741, in _do_post
    result = await request.post(
             ^^^^^^^^^^^^^^^^^^^
    ...<6 lines>...
    )
    ^
  File "/home/nozimbek/Downloads/files (2)/.venv/lib/python3.14/site-packages/telegram/request/_baserequest.py", line 198, in post
    result = await self._request_wrapper(
             ^^^^^^^^^^^^^^^^^^^^^^^^^^^^
    ...<7 lines>...
    )
    ^
  File "/home/nozimbek/Downloads/files (2)/.venv/lib/python3.14/site-packages/telegram/request/_baserequest.py", line 305, in _request_wrapper
    code, payload = await self.do_request(
                    ^^^^^^^^^^^^^^^^^^^^^^
    ...<7 lines>...
    )
    ^
  File "/home/nozimbek/Downloads/files (2)/.venv/lib/python3.14/site-packages/telegram/request/_httpxrequest.py", line 303, in do_request
    raise NetworkError(f"httpx.{err.__class__.__name__}: {err}") from err
telegram.error.NetworkError: httpx.ConnectError: [Errno -3] Temporary failure in name resolution
2026-09-10 00:28:02,150 - telegram.ext.Application - ERROR - No error handlers are registered, logging exception.
Traceback (most recent call last):
  File "/home/nozimbek/Downloads/files (2)/.venv/lib/python3.14/site-packages/httpx/_transports/default.py", line 101, in map_httpcore_exceptions
    yield
  File "/home/nozimbek/Downloads/files (2)/.venv/lib/python3.14/site-packages/httpx/_transports/default.py", line 394, in handle_async_request
    resp = await self._pool.handle_async_request(req)
           ^^^^^^^^^^^^^^^^^^^^^^^^^^^^^^^^^^^^^^^^^^
  File "/home/nozimbek/Downloads/files (2)/.venv/lib/python3.14/site-packages/httpcore/_async/connection_pool.py", line 256, in handle_async_request
    raise exc from None
  File "/home/nozimbek/Downloads/files (2)/.venv/lib/python3.14/site-packages/httpcore/_async/connection_pool.py", line 236, in handle_async_request
    response = await connection.handle_async_request(
               ^^^^^^^^^^^^^^^^^^^^^^^^^^^^^^^^^^^^^^
        pool_request.request
        ^^^^^^^^^^^^^^^^^^^^
    )
    ^
  File "/home/nozimbek/Downloads/files (2)/.venv/lib/python3.14/site-packages/httpcore/_async/connection.py", line 101, in handle_async_request
    raise exc
  File "/home/nozimbek/Downloads/files (2)/.venv/lib/python3.14/site-packages/httpcore/_async/connection.py", line 78, in handle_async_request
    stream = await self._connect(request)
             ^^^^^^^^^^^^^^^^^^^^^^^^^^^^
  File "/home/nozimbek/Downloads/files (2)/.venv/lib/python3.14/site-packages/httpcore/_async/connection.py", line 124, in _connect
    stream = await self._network_backend.connect_tcp(**kwargs)
             ^^^^^^^^^^^^^^^^^^^^^^^^^^^^^^^^^^^^^^^^^^^^^^^^^
  File "/home/nozimbek/Downloads/files (2)/.venv/lib/python3.14/site-packages/httpcore/_backends/auto.py", line 31, in connect_tcp
    return await self._backend.connect_tcp(
           ^^^^^^^^^^^^^^^^^^^^^^^^^^^^^^^^
    ...<5 lines>...
    )
    ^
  File "/home/nozimbek/Downloads/files (2)/.venv/lib/python3.14/site-packages/httpcore/_backends/anyio.py", line 113, in connect_tcp
    with map_exceptions(exc_map):
         ~~~~~~~~~~~~~~^^^^^^^^^
  File "/usr/lib/python3.14/contextlib.py", line 162, in __exit__
    self.gen.throw(value)
    ~~~~~~~~~~~~~~^^^^^^^
  File "/home/nozimbek/Downloads/files (2)/.venv/lib/python3.14/site-packages/httpcore/_exceptions.py", line 14, in map_exceptions
    raise to_exc(exc) from exc
httpcore.ConnectError: [Errno -3] Temporary failure in name resolution

The above exception was the direct cause of the following exception:

Traceback (most recent call last):
  File "/home/nozimbek/Downloads/files (2)/.venv/lib/python3.14/site-packages/telegram/request/_httpxrequest.py", line 279, in do_request
    res = await self._client.request(
          ^^^^^^^^^^^^^^^^^^^^^^^^^^^
    ...<6 lines>...
    )
    ^
  File "/home/nozimbek/Downloads/files (2)/.venv/lib/python3.14/site-packages/httpx/_client.py", line 1540, in request
    return await self.send(request, auth=auth, follow_redirects=follow_redirects)
           ^^^^^^^^^^^^^^^^^^^^^^^^^^^^^^^^^^^^^^^^^^^^^^^^^^^^^^^^^^^^^^^^^^^^^^
  File "/home/nozimbek/Downloads/files (2)/.venv/lib/python3.14/site-packages/httpx/_client.py", line 1629, in send
    response = await self._send_handling_auth(
               ^^^^^^^^^^^^^^^^^^^^^^^^^^^^^^^
    ...<4 lines>...
    )
    ^
  File "/home/nozimbek/Downloads/files (2)/.venv/lib/python3.14/site-packages/httpx/_client.py", line 1657, in _send_handling_auth
    response = await self._send_handling_redirects(
               ^^^^^^^^^^^^^^^^^^^^^^^^^^^^^^^^^^^^
    ...<3 lines>...
    )
    ^
  File "/home/nozimbek/Downloads/files (2)/.venv/lib/python3.14/site-packages/httpx/_client.py", line 1694, in _send_handling_redirects
    response = await self._send_single_request(request)
               ^^^^^^^^^^^^^^^^^^^^^^^^^^^^^^^^^^^^^^^^
  File "/home/nozimbek/Downloads/files (2)/.venv/lib/python3.14/site-packages/httpx/_client.py", line 1730, in _send_single_request
    response = await transport.handle_async_request(request)
               ^^^^^^^^^^^^^^^^^^^^^^^^^^^^^^^^^^^^^^^^^^^^^
  File "/home/nozimbek/Downloads/files (2)/.venv/lib/python3.14/site-packages/httpx/_transports/default.py", line 393, in handle_async_request
    with map_httpcore_exceptions():
         ~~~~~~~~~~~~~~~~~~~~~~~^^
  File "/usr/lib/python3.14/contextlib.py", line 162, in __exit__
    self.gen.throw(value)
    ~~~~~~~~~~~~~~^^^^^^^
  File "/home/nozimbek/Downloads/files (2)/.venv/lib/python3.14/site-packages/httpx/_transports/default.py", line 118, in map_httpcore_exceptions
    raise mapped_exc(message) from exc
httpx.ConnectError: [Errno -3] Temporary failure in name resolution

The above exception was the direct cause of the following exception:

Traceback (most recent call last):
  File "/home/nozimbek/Downloads/files (2)/.venv/lib/python3.14/site-packages/telegram/ext/_utils/networkloop.py", line 161, in network_retry_loop
    await do_action()
  File "/home/nozimbek/Downloads/files (2)/.venv/lib/python3.14/site-packages/telegram/ext/_utils/networkloop.py", line 154, in do_action
    action_cb_task.result()
    ~~~~~~~~~~~~~~~~~~~~~^^
  File "/home/nozimbek/Downloads/files (2)/.venv/lib/python3.14/site-packages/telegram/ext/_updater.py", line 340, in polling_action_cb
    updates = await self.bot.get_updates(
              ^^^^^^^^^^^^^^^^^^^^^^^^^^^
    ...<3 lines>...
    )
    ^
  File "/home/nozimbek/Downloads/files (2)/.venv/lib/python3.14/site-packages/telegram/ext/_extbot.py", line 680, in get_updates
    updates = await super().get_updates(
              ^^^^^^^^^^^^^^^^^^^^^^^^^^
    ...<9 lines>...
    )
    ^
  File "/home/nozimbek/Downloads/files (2)/.venv/lib/python3.14/site-packages/telegram/_bot.py", line 4767, in get_updates
    await self._post(
    ^^^^^^^^^^^^^^^^^
    ...<7 lines>...
    ),
    ^
  File "/home/nozimbek/Downloads/files (2)/.venv/lib/python3.14/site-packages/telegram/_bot.py", line 712, in _post
    return await self._do_post(
           ^^^^^^^^^^^^^^^^^^^^
    ...<6 lines>...
    )
    ^
  File "/home/nozimbek/Downloads/files (2)/.venv/lib/python3.14/site-packages/telegram/ext/_extbot.py", line 378, in _do_post
    return await super()._do_post(
           ^^^^^^^^^^^^^^^^^^^^^^^
    ...<6 lines>...
    )
    ^
  File "/home/nozimbek/Downloads/files (2)/.venv/lib/python3.14/site-packages/telegram/_bot.py", line 741, in _do_post
    result = await request.post(
             ^^^^^^^^^^^^^^^^^^^
    ...<6 lines>...
    )
    ^
  File "/home/nozimbek/Downloads/files (2)/.venv/lib/python3.14/site-packages/telegram/request/_baserequest.py", line 198, in post
    result = await self._request_wrapper(
             ^^^^^^^^^^^^^^^^^^^^^^^^^^^^
    ...<7 lines>...
    )
    ^
  File "/home/nozimbek/Downloads/files (2)/.venv/lib/python3.14/site-packages/telegram/request/_baserequest.py", line 305, in _request_wrapper
    code, payload = await self.do_request(
                    ^^^^^^^^^^^^^^^^^^^^^^
    ...<7 lines>...
    )
    ^
  File "/home/nozimbek/Downloads/files (2)/.venv/lib/python3.14/site-packages/telegram/request/_httpxrequest.py", line 303, in do_request
    raise NetworkError(f"httpx.{err.__class__.__name__}: {err}") from err
telegram.error.NetworkError: httpx.ConnectError: [Errno -3] Temporary failure in name resolution
2026-09-10 00:28:32,185 - telegram.ext.Application - ERROR - No error handlers are registered, logging exception.
Traceback (most recent call last):
  File "/home/nozimbek/Downloads/files (2)/.venv/lib/python3.14/site-packages/httpx/_transports/default.py", line 101, in map_httpcore_exceptions
    yield
  File "/home/nozimbek/Downloads/files (2)/.venv/lib/python3.14/site-packages/httpx/_transports/default.py", line 394, in handle_async_request
    resp = await self._pool.handle_async_request(req)
           ^^^^^^^^^^^^^^^^^^^^^^^^^^^^^^^^^^^^^^^^^^
  File "/home/nozimbek/Downloads/files (2)/.venv/lib/python3.14/site-packages/httpcore/_async/connection_pool.py", line 256, in handle_async_request
    raise exc from None
  File "/home/nozimbek/Downloads/files (2)/.venv/lib/python3.14/site-packages/httpcore/_async/connection_pool.py", line 236, in handle_async_request
    response = await connection.handle_async_request(
               ^^^^^^^^^^^^^^^^^^^^^^^^^^^^^^^^^^^^^^
        pool_request.request
        ^^^^^^^^^^^^^^^^^^^^
    )
    ^
  File "/home/nozimbek/Downloads/files (2)/.venv/lib/python3.14/site-packages/httpcore/_async/connection.py", line 101, in handle_async_request
    raise exc
  File "/home/nozimbek/Downloads/files (2)/.venv/lib/python3.14/site-packages/httpcore/_async/connection.py", line 78, in handle_async_request
    stream = await self._connect(request)
             ^^^^^^^^^^^^^^^^^^^^^^^^^^^^
  File "/home/nozimbek/Downloads/files (2)/.venv/lib/python3.14/site-packages/httpcore/_async/connection.py", line 124, in _connect
    stream = await self._network_backend.connect_tcp(**kwargs)
             ^^^^^^^^^^^^^^^^^^^^^^^^^^^^^^^^^^^^^^^^^^^^^^^^^
  File "/home/nozimbek/Downloads/files (2)/.venv/lib/python3.14/site-packages/httpcore/_backends/auto.py", line 31, in connect_tcp
    return await self._backend.connect_tcp(
           ^^^^^^^^^^^^^^^^^^^^^^^^^^^^^^^^
    ...<5 lines>...
    )
    ^
  File "/home/nozimbek/Downloads/files (2)/.venv/lib/python3.14/site-packages/httpcore/_backends/anyio.py", line 113, in connect_tcp
    with map_exceptions(exc_map):
         ~~~~~~~~~~~~~~^^^^^^^^^
  File "/usr/lib/python3.14/contextlib.py", line 162, in __exit__
    self.gen.throw(value)
    ~~~~~~~~~~~~~~^^^^^^^
  File "/home/nozimbek/Downloads/files (2)/.venv/lib/python3.14/site-packages/httpcore/_exceptions.py", line 14, in map_exceptions
    raise to_exc(exc) from exc
httpcore.ConnectError: [Errno -3] Temporary failure in name resolution

The above exception was the direct cause of the following exception:

Traceback (most recent call last):
  File "/home/nozimbek/Downloads/files (2)/.venv/lib/python3.14/site-packages/telegram/request/_httpxrequest.py", line 279, in do_request
    res = await self._client.request(
          ^^^^^^^^^^^^^^^^^^^^^^^^^^^
    ...<6 lines>...
    )
    ^
  File "/home/nozimbek/Downloads/files (2)/.venv/lib/python3.14/site-packages/httpx/_client.py", line 1540, in request
    return await self.send(request, auth=auth, follow_redirects=follow_redirects)
           ^^^^^^^^^^^^^^^^^^^^^^^^^^^^^^^^^^^^^^^^^^^^^^^^^^^^^^^^^^^^^^^^^^^^^^
  File "/home/nozimbek/Downloads/files (2)/.venv/lib/python3.14/site-packages/httpx/_client.py", line 1629, in send
    response = await self._send_handling_auth(
               ^^^^^^^^^^^^^^^^^^^^^^^^^^^^^^^
    ...<4 lines>...
    )
    ^
  File "/home/nozimbek/Downloads/files (2)/.venv/lib/python3.14/site-packages/httpx/_client.py", line 1657, in _send_handling_auth
    response = await self._send_handling_redirects(
               ^^^^^^^^^^^^^^^^^^^^^^^^^^^^^^^^^^^^
    ...<3 lines>...
    )
    ^
  File "/home/nozimbek/Downloads/files (2)/.venv/lib/python3.14/site-packages/httpx/_client.py", line 1694, in _send_handling_redirects
    response = await self._send_single_request(request)
               ^^^^^^^^^^^^^^^^^^^^^^^^^^^^^^^^^^^^^^^^
  File "/home/nozimbek/Downloads/files (2)/.venv/lib/python3.14/site-packages/httpx/_client.py", line 1730, in _send_single_request
    response = await transport.handle_async_request(request)
               ^^^^^^^^^^^^^^^^^^^^^^^^^^^^^^^^^^^^^^^^^^^^^
  File "/home/nozimbek/Downloads/files (2)/.venv/lib/python3.14/site-packages/httpx/_transports/default.py", line 393, in handle_async_request
    with map_httpcore_exceptions():
         ~~~~~~~~~~~~~~~~~~~~~~~^^
  File "/usr/lib/python3.14/contextlib.py", line 162, in __exit__
    self.gen.throw(value)
    ~~~~~~~~~~~~~~^^^^^^^
  File "/home/nozimbek/Downloads/files (2)/.venv/lib/python3.14/site-packages/httpx/_transports/default.py", line 118, in map_httpcore_exceptions
    raise mapped_exc(message) from exc
httpx.ConnectError: [Errno -3] Temporary failure in name resolution

The above exception was the direct cause of the following exception:

Traceback (most recent call last):
  File "/home/nozimbek/Downloads/files (2)/.venv/lib/python3.14/site-packages/telegram/ext/_utils/networkloop.py", line 161, in network_retry_loop
    await do_action()
  File "/home/nozimbek/Downloads/files (2)/.venv/lib/python3.14/site-packages/telegram/ext/_utils/networkloop.py", line 154, in do_action
    action_cb_task.result()
    ~~~~~~~~~~~~~~~~~~~~~^^
  File "/home/nozimbek/Downloads/files (2)/.venv/lib/python3.14/site-packages/telegram/ext/_updater.py", line 340, in polling_action_cb
    updates = await self.bot.get_updates(
              ^^^^^^^^^^^^^^^^^^^^^^^^^^^
    ...<3 lines>...
    )
    ^
  File "/home/nozimbek/Downloads/files (2)/.venv/lib/python3.14/site-packages/telegram/ext/_extbot.py", line 680, in get_updates
    updates = await super().get_updates(
              ^^^^^^^^^^^^^^^^^^^^^^^^^^
    ...<9 lines>...
    )
    ^
  File "/home/nozimbek/Downloads/files (2)/.venv/lib/python3.14/site-packages/telegram/_bot.py", line 4767, in get_updates
    await self._post(
    ^^^^^^^^^^^^^^^^^
    ...<7 lines>...
    ),
    ^
  File "/home/nozimbek/Downloads/files (2)/.venv/lib/python3.14/site-packages/telegram/_bot.py", line 712, in _post
    return await self._do_post(
           ^^^^^^^^^^^^^^^^^^^^
    ...<6 lines>...
    )
    ^
  File "/home/nozimbek/Downloads/files (2)/.venv/lib/python3.14/site-packages/telegram/ext/_extbot.py", line 378, in _do_post
    return await super()._do_post(
           ^^^^^^^^^^^^^^^^^^^^^^^
    ...<6 lines>...
    )
    ^
  File "/home/nozimbek/Downloads/files (2)/.venv/lib/python3.14/site-packages/telegram/_bot.py", line 741, in _do_post
    result = await request.post(
             ^^^^^^^^^^^^^^^^^^^
    ...<6 lines>...
    )
    ^
  File "/home/nozimbek/Downloads/files (2)/.venv/lib/python3.14/site-packages/telegram/request/_baserequest.py", line 198, in post
    result = await self._request_wrapper(
             ^^^^^^^^^^^^^^^^^^^^^^^^^^^^
    ...<7 lines>...
    )
    ^
  File "/home/nozimbek/Downloads/files (2)/.venv/lib/python3.14/site-packages/telegram/request/_baserequest.py", line 305, in _request_wrapper
    code, payload = await self.do_request(
                    ^^^^^^^^^^^^^^^^^^^^^^
    ...<7 lines>...
    )
    ^
  File "/home/nozimbek/Downloads/files (2)/.venv/lib/python3.14/site-packages/telegram/request/_httpxrequest.py", line 303, in do_request
    raise NetworkError(f"httpx.{err.__class__.__name__}: {err}") from err
telegram.error.NetworkError: httpx.ConnectError: [Errno -3] Temporary failure in name resolution
2026-09-10 00:29:02,220 - telegram.ext.Application - ERROR - No error handlers are registered, logging exception.
Traceback (most recent call last):
  File "/home/nozimbek/Downloads/files (2)/.venv/lib/python3.14/site-packages/httpx/_transports/default.py", line 101, in map_httpcore_exceptions
    yield
  File "/home/nozimbek/Downloads/files (2)/.venv/lib/python3.14/site-packages/httpx/_transports/default.py", line 394, in handle_async_request
    resp = await self._pool.handle_async_request(req)
           ^^^^^^^^^^^^^^^^^^^^^^^^^^^^^^^^^^^^^^^^^^
  File "/home/nozimbek/Downloads/files (2)/.venv/lib/python3.14/site-packages/httpcore/_async/connection_pool.py", line 256, in handle_async_request
    raise exc from None
  File "/home/nozimbek/Downloads/files (2)/.venv/lib/python3.14/site-packages/httpcore/_async/connection_pool.py", line 236, in handle_async_request
    response = await connection.handle_async_request(
               ^^^^^^^^^^^^^^^^^^^^^^^^^^^^^^^^^^^^^^
        pool_request.request
        ^^^^^^^^^^^^^^^^^^^^
    )
    ^
  File "/home/nozimbek/Downloads/files (2)/.venv/lib/python3.14/site-packages/httpcore/_async/connection.py", line 101, in handle_async_request
    raise exc
  File "/home/nozimbek/Downloads/files (2)/.venv/lib/python3.14/site-packages/httpcore/_async/connection.py", line 78, in handle_async_request
    stream = await self._connect(request)
             ^^^^^^^^^^^^^^^^^^^^^^^^^^^^
  File "/home/nozimbek/Downloads/files (2)/.venv/lib/python3.14/site-packages/httpcore/_async/connection.py", line 124, in _connect
    stream = await self._network_backend.connect_tcp(**kwargs)
             ^^^^^^^^^^^^^^^^^^^^^^^^^^^^^^^^^^^^^^^^^^^^^^^^^
  File "/home/nozimbek/Downloads/files (2)/.venv/lib/python3.14/site-packages/httpcore/_backends/auto.py", line 31, in connect_tcp
    return await self._backend.connect_tcp(
           ^^^^^^^^^^^^^^^^^^^^^^^^^^^^^^^^
    ...<5 lines>...
    )
    ^
  File "/home/nozimbek/Downloads/files (2)/.venv/lib/python3.14/site-packages/httpcore/_backends/anyio.py", line 113, in connect_tcp
    with map_exceptions(exc_map):
         ~~~~~~~~~~~~~~^^^^^^^^^
  File "/usr/lib/python3.14/contextlib.py", line 162, in __exit__
    self.gen.throw(value)
    ~~~~~~~~~~~~~~^^^^^^^
  File "/home/nozimbek/Downloads/files (2)/.venv/lib/python3.14/site-packages/httpcore/_exceptions.py", line 14, in map_exceptions
    raise to_exc(exc) from exc
httpcore.ConnectError: [Errno -3] Temporary failure in name resolution

The above exception was the direct cause of the following exception:

Traceback (most recent call last):
  File "/home/nozimbek/Downloads/files (2)/.venv/lib/python3.14/site-packages/telegram/request/_httpxrequest.py", line 279, in do_request
    res = await self._client.request(
          ^^^^^^^^^^^^^^^^^^^^^^^^^^^
    ...<6 lines>...
    )
    ^
  File "/home/nozimbek/Downloads/files (2)/.venv/lib/python3.14/site-packages/httpx/_client.py", line 1540, in request
    return await self.send(request, auth=auth, follow_redirects=follow_redirects)
           ^^^^^^^^^^^^^^^^^^^^^^^^^^^^^^^^^^^^^^^^^^^^^^^^^^^^^^^^^^^^^^^^^^^^^^
  File "/home/nozimbek/Downloads/files (2)/.venv/lib/python3.14/site-packages/httpx/_client.py", line 1629, in send
    response = await self._send_handling_auth(
               ^^^^^^^^^^^^^^^^^^^^^^^^^^^^^^^
    ...<4 lines>...
    )
    ^
  File "/home/nozimbek/Downloads/files (2)/.venv/lib/python3.14/site-packages/httpx/_client.py", line 1657, in _send_handling_auth
    response = await self._send_handling_redirects(
               ^^^^^^^^^^^^^^^^^^^^^^^^^^^^^^^^^^^^
    ...<3 lines>...
    )
    ^
  File "/home/nozimbek/Downloads/files (2)/.venv/lib/python3.14/site-packages/httpx/_client.py", line 1694, in _send_handling_redirects
    response = await self._send_single_request(request)
               ^^^^^^^^^^^^^^^^^^^^^^^^^^^^^^^^^^^^^^^^
  File "/home/nozimbek/Downloads/files (2)/.venv/lib/python3.14/site-packages/httpx/_client.py", line 1730, in _send_single_request
    response = await transport.handle_async_request(request)
               ^^^^^^^^^^^^^^^^^^^^^^^^^^^^^^^^^^^^^^^^^^^^^
  File "/home/nozimbek/Downloads/files (2)/.venv/lib/python3.14/site-packages/httpx/_transports/default.py", line 393, in handle_async_request
    with map_httpcore_exceptions():
         ~~~~~~~~~~~~~~~~~~~~~~~^^
  File "/usr/lib/python3.14/contextlib.py", line 162, in __exit__
    self.gen.throw(value)
    ~~~~~~~~~~~~~~^^^^^^^
  File "/home/nozimbek/Downloads/files (2)/.venv/lib/python3.14/site-packages/httpx/_transports/default.py", line 118, in map_httpcore_exceptions
    raise mapped_exc(message) from exc
httpx.ConnectError: [Errno -3] Temporary failure in name resolution

The above exception was the direct cause of the following exception:

Traceback (most recent call last):
  File "/home/nozimbek/Downloads/files (2)/.venv/lib/python3.14/site-packages/telegram/ext/_utils/networkloop.py", line 161, in network_retry_loop
    await do_action()
  File "/home/nozimbek/Downloads/files (2)/.venv/lib/python3.14/site-packages/telegram/ext/_utils/networkloop.py", line 154, in do_action
    action_cb_task.result()
    ~~~~~~~~~~~~~~~~~~~~~^^
  File "/home/nozimbek/Downloads/files (2)/.venv/lib/python3.14/site-packages/telegram/ext/_updater.py", line 340, in polling_action_cb
    updates = await self.bot.get_updates(
              ^^^^^^^^^^^^^^^^^^^^^^^^^^^
    ...<3 lines>...
    )
    ^
  File "/home/nozimbek/Downloads/files (2)/.venv/lib/python3.14/site-packages/telegram/ext/_extbot.py", line 680, in get_updates
    updates = await super().get_updates(
              ^^^^^^^^^^^^^^^^^^^^^^^^^^
    ...<9 lines>...
    )
    ^
  File "/home/nozimbek/Downloads/files (2)/.venv/lib/python3.14/site-packages/telegram/_bot.py", line 4767, in get_updates
    await self._post(
    ^^^^^^^^^^^^^^^^^
    ...<7 lines>...
    ),
    ^
  File "/home/nozimbek/Downloads/files (2)/.venv/lib/python3.14/site-packages/telegram/_bot.py", line 712, in _post
    return await self._do_post(
           ^^^^^^^^^^^^^^^^^^^^
    ...<6 lines>...
    )
    ^
  File "/home/nozimbek/Downloads/files (2)/.venv/lib/python3.14/site-packages/telegram/ext/_extbot.py", line 378, in _do_post
    return await super()._do_post(
           ^^^^^^^^^^^^^^^^^^^^^^^
    ...<6 lines>...
    )
    ^
  File "/home/nozimbek/Downloads/files (2)/.venv/lib/python3.14/site-packages/telegram/_bot.py", line 741, in _do_post
    result = await request.post(
             ^^^^^^^^^^^^^^^^^^^
    ...<6 lines>...
    )
    ^
  File "/home/nozimbek/Downloads/files (2)/.venv/lib/python3.14/site-packages/telegram/request/_baserequest.py", line 198, in post
    result = await self._request_wrapper(
             ^^^^^^^^^^^^^^^^^^^^^^^^^^^^
    ...<7 lines>...
    )
    ^
  File "/home/nozimbek/Downloads/files (2)/.venv/lib/python3.14/site-packages/telegram/request/_baserequest.py", line 305, in _request_wrapper
    code, payload = await self.do_request(
                    ^^^^^^^^^^^^^^^^^^^^^^
    ...<7 lines>...
    )
    ^
  File "/home/nozimbek/Downloads/files (2)/.venv/lib/python3.14/site-packages/telegram/request/_httpxrequest.py", line 303, in do_request
    raise NetworkError(f"httpx.{err.__class__.__name__}: {err}") from err
telegram.error.NetworkError: httpx.ConnectError: [Errno -3] Temporary failure in name resolution
2026-09-10 00:29:32,255 - telegram.ext.Application - ERROR - No error handlers are registered, logging exception.
Traceback (most recent call last):
  File "/home/nozimbek/Downloads/files (2)/.venv/lib/python3.14/site-packages/httpx/_transports/default.py", line 101, in map_httpcore_exceptions
    yield
  File "/home/nozimbek/Downloads/files (2)/.venv/lib/python3.14/site-packages/httpx/_transports/default.py", line 394, in handle_async_request
    resp = await self._pool.handle_async_request(req)
           ^^^^^^^^^^^^^^^^^^^^^^^^^^^^^^^^^^^^^^^^^^
  File "/home/nozimbek/Downloads/files (2)/.venv/lib/python3.14/site-packages/httpcore/_async/connection_pool.py", line 256, in handle_async_request
    raise exc from None
  File "/home/nozimbek/Downloads/files (2)/.venv/lib/python3.14/site-packages/httpcore/_async/connection_pool.py", line 236, in handle_async_request
    response = await connection.handle_async_request(
               ^^^^^^^^^^^^^^^^^^^^^^^^^^^^^^^^^^^^^^
        pool_request.request
        ^^^^^^^^^^^^^^^^^^^^
    )
    ^
  File "/home/nozimbek/Downloads/files (2)/.venv/lib/python3.14/site-packages/httpcore/_async/connection.py", line 101, in handle_async_request
    raise exc
  File "/home/nozimbek/Downloads/files (2)/.venv/lib/python3.14/site-packages/httpcore/_async/connection.py", line 78, in handle_async_request
    stream = await self._connect(request)
             ^^^^^^^^^^^^^^^^^^^^^^^^^^^^
  File "/home/nozimbek/Downloads/files (2)/.venv/lib/python3.14/site-packages/httpcore/_async/connection.py", line 124, in _connect
    stream = await self._network_backend.connect_tcp(**kwargs)
             ^^^^^^^^^^^^^^^^^^^^^^^^^^^^^^^^^^^^^^^^^^^^^^^^^
  File "/home/nozimbek/Downloads/files (2)/.venv/lib/python3.14/site-packages/httpcore/_backends/auto.py", line 31, in connect_tcp
    return await self._backend.connect_tcp(
           ^^^^^^^^^^^^^^^^^^^^^^^^^^^^^^^^
    ...<5 lines>...
    )
    ^
  File "/home/nozimbek/Downloads/files (2)/.venv/lib/python3.14/site-packages/httpcore/_backends/anyio.py", line 113, in connect_tcp
    with map_exceptions(exc_map):
         ~~~~~~~~~~~~~~^^^^^^^^^
  File "/usr/lib/python3.14/contextlib.py", line 162, in __exit__
    self.gen.throw(value)
    ~~~~~~~~~~~~~~^^^^^^^
  File "/home/nozimbek/Downloads/files (2)/.venv/lib/python3.14/site-packages/httpcore/_exceptions.py", line 14, in map_exceptions
    raise to_exc(exc) from exc
httpcore.ConnectError: [Errno -3] Temporary failure in name resolution

The above exception was the direct cause of the following exception:

Traceback (most recent call last):
  File "/home/nozimbek/Downloads/files (2)/.venv/lib/python3.14/site-packages/telegram/request/_httpxrequest.py", line 279, in do_request
    res = await self._client.request(
          ^^^^^^^^^^^^^^^^^^^^^^^^^^^
    ...<6 lines>...
    )
    ^
  File "/home/nozimbek/Downloads/files (2)/.venv/lib/python3.14/site-packages/httpx/_client.py", line 1540, in request
    return await self.send(request, auth=auth, follow_redirects=follow_redirects)
           ^^^^^^^^^^^^^^^^^^^^^^^^^^^^^^^^^^^^^^^^^^^^^^^^^^^^^^^^^^^^^^^^^^^^^^
  File "/home/nozimbek/Downloads/files (2)/.venv/lib/python3.14/site-packages/httpx/_client.py", line 1629, in send
    response = await self._send_handling_auth(
               ^^^^^^^^^^^^^^^^^^^^^^^^^^^^^^^
    ...<4 lines>...
    )
    ^
  File "/home/nozimbek/Downloads/files (2)/.venv/lib/python3.14/site-packages/httpx/_client.py", line 1657, in _send_handling_auth
    response = await self._send_handling_redirects(
               ^^^^^^^^^^^^^^^^^^^^^^^^^^^^^^^^^^^^
    ...<3 lines>...
    )
    ^
  File "/home/nozimbek/Downloads/files (2)/.venv/lib/python3.14/site-packages/httpx/_client.py", line 1694, in _send_handling_redirects
    response = await self._send_single_request(request)
               ^^^^^^^^^^^^^^^^^^^^^^^^^^^^^^^^^^^^^^^^
  File "/home/nozimbek/Downloads/files (2)/.venv/lib/python3.14/site-packages/httpx/_client.py", line 1730, in _send_single_request
    response = await transport.handle_async_request(request)
               ^^^^^^^^^^^^^^^^^^^^^^^^^^^^^^^^^^^^^^^^^^^^^
  File "/home/nozimbek/Downloads/files (2)/.venv/lib/python3.14/site-packages/httpx/_transports/default.py", line 393, in handle_async_request
    with map_httpcore_exceptions():
         ~~~~~~~~~~~~~~~~~~~~~~~^^
  File "/usr/lib/python3.14/contextlib.py", line 162, in __exit__
    self.gen.throw(value)
    ~~~~~~~~~~~~~~^^^^^^^
  File "/home/nozimbek/Downloads/files (2)/.venv/lib/python3.14/site-packages/httpx/_transports/default.py", line 118, in map_httpcore_exceptions
    raise mapped_exc(message) from exc
httpx.ConnectError: [Errno -3] Temporary failure in name resolution

The above exception was the direct cause of the following exception:

Traceback (most recent call last):
  File "/home/nozimbek/Downloads/files (2)/.venv/lib/python3.14/site-packages/telegram/ext/_utils/networkloop.py", line 161, in network_retry_loop
    await do_action()
  File "/home/nozimbek/Downloads/files (2)/.venv/lib/python3.14/site-packages/telegram/ext/_utils/networkloop.py", line 154, in do_action
    action_cb_task.result()
    ~~~~~~~~~~~~~~~~~~~~~^^
  File "/home/nozimbek/Downloads/files (2)/.venv/lib/python3.14/site-packages/telegram/ext/_updater.py", line 340, in polling_action_cb
    updates = await self.bot.get_updates(
              ^^^^^^^^^^^^^^^^^^^^^^^^^^^
    ...<3 lines>...
    )
    ^
  File "/home/nozimbek/Downloads/files (2)/.venv/lib/python3.14/site-packages/telegram/ext/_extbot.py", line 680, in get_updates
    updates = await super().get_updates(
              ^^^^^^^^^^^^^^^^^^^^^^^^^^
    ...<9 lines>...
    )
    ^
  File "/home/nozimbek/Downloads/files (2)/.venv/lib/python3.14/site-packages/telegram/_bot.py", line 4767, in get_updates
    await self._post(
    ^^^^^^^^^^^^^^^^^
    ...<7 lines>...
    ),
    ^
  File "/home/nozimbek/Downloads/files (2)/.venv/lib/python3.14/site-packages/telegram/_bot.py", line 712, in _post
    return await self._do_post(
           ^^^^^^^^^^^^^^^^^^^^
    ...<6 lines>...
    )
    ^
  File "/home/nozimbek/Downloads/files (2)/.venv/lib/python3.14/site-packages/telegram/ext/_extbot.py", line 378, in _do_post
    return await super()._do_post(
           ^^^^^^^^^^^^^^^^^^^^^^^
    ...<6 lines>...
    )
    ^
  File "/home/nozimbek/Downloads/files (2)/.venv/lib/python3.14/site-packages/telegram/_bot.py", line 741, in _do_post
    result = await request.post(
             ^^^^^^^^^^^^^^^^^^^
    ...<6 lines>...
    )
    ^
  File "/home/nozimbek/Downloads/files (2)/.venv/lib/python3.14/site-packages/telegram/request/_baserequest.py", line 198, in post
    result = await self._request_wrapper(
             ^^^^^^^^^^^^^^^^^^^^^^^^^^^^
    ...<7 lines>...
    )
    ^
  File "/home/nozimbek/Downloads/files (2)/.venv/lib/python3.14/site-packages/telegram/request/_baserequest.py", line 305, in _request_wrapper
    code, payload = await self.do_request(
                    ^^^^^^^^^^^^^^^^^^^^^^
    ...<7 lines>...
    )
    ^
  File "/home/nozimbek/Downloads/files (2)/.venv/lib/python3.14/site-packages/telegram/request/_httpxrequest.py", line 303, in do_request
    raise NetworkError(f"httpx.{err.__class__.__name__}: {err}") from err
telegram.error.NetworkError: httpx.ConnectError: [Errno -3] Temporary failure in name resolution
2026-09-10 00:30:02,290 - telegram.ext.Application - ERROR - No error handlers are registered, logging exception.
Traceback (most recent call last):
  File "/home/nozimbek/Downloads/files (2)/.venv/lib/python3.14/site-packages/httpx/_transports/default.py", line 101, in map_httpcore_exceptions
    yield
  File "/home/nozimbek/Downloads/files (2)/.venv/lib/python3.14/site-packages/httpx/_transports/default.py", line 394, in handle_async_request
    resp = await self._pool.handle_async_request(req)
           ^^^^^^^^^^^^^^^^^^^^^^^^^^^^^^^^^^^^^^^^^^
  File "/home/nozimbek/Downloads/files (2)/.venv/lib/python3.14/site-packages/httpcore/_async/connection_pool.py", line 256, in handle_async_request
    raise exc from None
  File "/home/nozimbek/Downloads/files (2)/.venv/lib/python3.14/site-packages/httpcore/_async/connection_pool.py", line 236, in handle_async_request
    response = await connection.handle_async_request(
               ^^^^^^^^^^^^^^^^^^^^^^^^^^^^^^^^^^^^^^
        pool_request.request
        ^^^^^^^^^^^^^^^^^^^^
    )
    ^
  File "/home/nozimbek/Downloads/files (2)/.venv/lib/python3.14/site-packages/httpcore/_async/connection.py", line 101, in handle_async_request
    raise exc
  File "/home/nozimbek/Downloads/files (2)/.venv/lib/python3.14/site-packages/httpcore/_async/connection.py", line 78, in handle_async_request
    stream = await self._connect(request)
             ^^^^^^^^^^^^^^^^^^^^^^^^^^^^
  File "/home/nozimbek/Downloads/files (2)/.venv/lib/python3.14/site-packages/httpcore/_async/connection.py", line 124, in _connect
    stream = await self._network_backend.connect_tcp(**kwargs)
             ^^^^^^^^^^^^^^^^^^^^^^^^^^^^^^^^^^^^^^^^^^^^^^^^^
  File "/home/nozimbek/Downloads/files (2)/.venv/lib/python3.14/site-packages/httpcore/_backends/auto.py", line 31, in connect_tcp
    return await self._backend.connect_tcp(
           ^^^^^^^^^^^^^^^^^^^^^^^^^^^^^^^^
    ...<5 lines>...
    )
    ^
  File "/home/nozimbek/Downloads/files (2)/.venv/lib/python3.14/site-packages/httpcore/_backends/anyio.py", line 113, in connect_tcp
    with map_exceptions(exc_map):
         ~~~~~~~~~~~~~~^^^^^^^^^
  File "/usr/lib/python3.14/contextlib.py", line 162, in __exit__
    self.gen.throw(value)
    ~~~~~~~~~~~~~~^^^^^^^
  File "/home/nozimbek/Downloads/files (2)/.venv/lib/python3.14/site-packages/httpcore/_exceptions.py", line 14, in map_exceptions
    raise to_exc(exc) from exc
httpcore.ConnectError: [Errno -3] Temporary failure in name resolution

The above exception was the direct cause of the following exception:

Traceback (most recent call last):
  File "/home/nozimbek/Downloads/files (2)/.venv/lib/python3.14/site-packages/telegram/request/_httpxrequest.py", line 279, in do_request
    res = await self._client.request(
          ^^^^^^^^^^^^^^^^^^^^^^^^^^^
    ...<6 lines>...
    )
    ^
  File "/home/nozimbek/Downloads/files (2)/.venv/lib/python3.14/site-packages/httpx/_client.py", line 1540, in request
    return await self.send(request, auth=auth, follow_redirects=follow_redirects)
           ^^^^^^^^^^^^^^^^^^^^^^^^^^^^^^^^^^^^^^^^^^^^^^^^^^^^^^^^^^^^^^^^^^^^^^
  File "/home/nozimbek/Downloads/files (2)/.venv/lib/python3.14/site-packages/httpx/_client.py", line 1629, in send
    response = await self._send_handling_auth(
               ^^^^^^^^^^^^^^^^^^^^^^^^^^^^^^^
    ...<4 lines>...
    )
    ^
  File "/home/nozimbek/Downloads/files (2)/.venv/lib/python3.14/site-packages/httpx/_client.py", line 1657, in _send_handling_auth
    response = await self._send_handling_redirects(
               ^^^^^^^^^^^^^^^^^^^^^^^^^^^^^^^^^^^^
    ...<3 lines>...
    )
    ^
  File "/home/nozimbek/Downloads/files (2)/.venv/lib/python3.14/site-packages/httpx/_client.py", line 1694, in _send_handling_redirects
    response = await self._send_single_request(request)
               ^^^^^^^^^^^^^^^^^^^^^^^^^^^^^^^^^^^^^^^^
  File "/home/nozimbek/Downloads/files (2)/.venv/lib/python3.14/site-packages/httpx/_client.py", line 1730, in _send_single_request
    response = await transport.handle_async_request(request)
               ^^^^^^^^^^^^^^^^^^^^^^^^^^^^^^^^^^^^^^^^^^^^^
  File "/home/nozimbek/Downloads/files (2)/.venv/lib/python3.14/site-packages/httpx/_transports/default.py", line 393, in handle_async_request
    with map_httpcore_exceptions():
         ~~~~~~~~~~~~~~~~~~~~~~~^^
  File "/usr/lib/python3.14/contextlib.py", line 162, in __exit__
    self.gen.throw(value)
    ~~~~~~~~~~~~~~^^^^^^^
  File "/home/nozimbek/Downloads/files (2)/.venv/lib/python3.14/site-packages/httpx/_transports/default.py", line 118, in map_httpcore_exceptions
    raise mapped_exc(message) from exc
httpx.ConnectError: [Errno -3] Temporary failure in name resolution

The above exception was the direct cause of the following exception:

Traceback (most recent call last):
  File "/home/nozimbek/Downloads/files (2)/.venv/lib/python3.14/site-packages/telegram/ext/_utils/networkloop.py", line 161, in network_retry_loop
    await do_action()
  File "/home/nozimbek/Downloads/files (2)/.venv/lib/python3.14/site-packages/telegram/ext/_utils/networkloop.py", line 154, in do_action
    action_cb_task.result()
    ~~~~~~~~~~~~~~~~~~~~~^^
  File "/home/nozimbek/Downloads/files (2)/.venv/lib/python3.14/site-packages/telegram/ext/_updater.py", line 340, in polling_action_cb
    updates = await self.bot.get_updates(
              ^^^^^^^^^^^^^^^^^^^^^^^^^^^
    ...<3 lines>...
    )
    ^
  File "/home/nozimbek/Downloads/files (2)/.venv/lib/python3.14/site-packages/telegram/ext/_extbot.py", line 680, in get_updates
    updates = await super().get_updates(
              ^^^^^^^^^^^^^^^^^^^^^^^^^^
    ...<9 lines>...
    )
    ^
  File "/home/nozimbek/Downloads/files (2)/.venv/lib/python3.14/site-packages/telegram/_bot.py", line 4767, in get_updates
    await self._post(
    ^^^^^^^^^^^^^^^^^
    ...<7 lines>...
    ),
    ^
  File "/home/nozimbek/Downloads/files (2)/.venv/lib/python3.14/site-packages/telegram/_bot.py", line 712, in _post
    return await self._do_post(
           ^^^^^^^^^^^^^^^^^^^^
    ...<6 lines>...
    )
    ^
  File "/home/nozimbek/Downloads/files (2)/.venv/lib/python3.14/site-packages/telegram/ext/_extbot.py", line 378, in _do_post
    return await super()._do_post(
           ^^^^^^^^^^^^^^^^^^^^^^^
    ...<6 lines>...
    )
    ^
  File "/home/nozimbek/Downloads/files (2)/.venv/lib/python3.14/site-packages/telegram/_bot.py", line 741, in _do_post
    result = await request.post(
             ^^^^^^^^^^^^^^^^^^^
    ...<6 lines>...
    )
    ^
  File "/home/nozimbek/Downloads/files (2)/.venv/lib/python3.14/site-packages/telegram/request/_baserequest.py", line 198, in post
    result = await self._request_wrapper(
             ^^^^^^^^^^^^^^^^^^^^^^^^^^^^
    ...<7 lines>...
    )
    ^
  File "/home/nozimbek/Downloads/files (2)/.venv/lib/python3.14/site-packages/telegram/request/_baserequest.py", line 305, in _request_wrapper
    code, payload = await self.do_request(
                    ^^^^^^^^^^^^^^^^^^^^^^
    ...<7 lines>...
    )
    ^
  File "/home/nozimbek/Downloads/files (2)/.venv/lib/python3.14/site-packages/telegram/request/_httpxrequest.py", line 303, in do_request
    raise NetworkError(f"httpx.{err.__class__.__name__}: {err}") from err
telegram.error.NetworkError: httpx.ConnectError: [Errno -3] Temporary failure in name resolution
2026-09-10 00:30:32,325 - telegram.ext.Application - ERROR - No error handlers are registered, logging exception.
Traceback (most recent call last):
  File "/home/nozimbek/Downloads/files (2)/.venv/lib/python3.14/site-packages/httpx/_transports/default.py", line 101, in map_httpcore_exceptions
    yield
  File "/home/nozimbek/Downloads/files (2)/.venv/lib/python3.14/site-packages/httpx/_transports/default.py", line 394, in handle_async_request
    resp = await self._pool.handle_async_request(req)
           ^^^^^^^^^^^^^^^^^^^^^^^^^^^^^^^^^^^^^^^^^^
  File "/home/nozimbek/Downloads/files (2)/.venv/lib/python3.14/site-packages/httpcore/_async/connection_pool.py", line 256, in handle_async_request
    raise exc from None
  File "/home/nozimbek/Downloads/files (2)/.venv/lib/python3.14/site-packages/httpcore/_async/connection_pool.py", line 236, in handle_async_request
    response = await connection.handle_async_request(
               ^^^^^^^^^^^^^^^^^^^^^^^^^^^^^^^^^^^^^^
        pool_request.request
        ^^^^^^^^^^^^^^^^^^^^
    )
    ^
  File "/home/nozimbek/Downloads/files (2)/.venv/lib/python3.14/site-packages/httpcore/_async/connection.py", line 101, in handle_async_request
    raise exc
  File "/home/nozimbek/Downloads/files (2)/.venv/lib/python3.14/site-packages/httpcore/_async/connection.py", line 78, in handle_async_request
    stream = await self._connect(request)
             ^^^^^^^^^^^^^^^^^^^^^^^^^^^^
  File "/home/nozimbek/Downloads/files (2)/.venv/lib/python3.14/site-packages/httpcore/_async/connection.py", line 124, in _connect
    stream = await self._network_backend.connect_tcp(**kwargs)
             ^^^^^^^^^^^^^^^^^^^^^^^^^^^^^^^^^^^^^^^^^^^^^^^^^
  File "/home/nozimbek/Downloads/files (2)/.venv/lib/python3.14/site-packages/httpcore/_backends/auto.py", line 31, in connect_tcp
    return await self._backend.connect_tcp(
           ^^^^^^^^^^^^^^^^^^^^^^^^^^^^^^^^
    ...<5 lines>...
    )
    ^
  File "/home/nozimbek/Downloads/files (2)/.venv/lib/python3.14/site-packages/httpcore/_backends/anyio.py", line 113, in connect_tcp
    with map_exceptions(exc_map):
         ~~~~~~~~~~~~~~^^^^^^^^^
  File "/usr/lib/python3.14/contextlib.py", line 162, in __exit__
    self.gen.throw(value)
    ~~~~~~~~~~~~~~^^^^^^^
  File "/home/nozimbek/Downloads/files (2)/.venv/lib/python3.14/site-packages/httpcore/_exceptions.py", line 14, in map_exceptions
    raise to_exc(exc) from exc
httpcore.ConnectError: [Errno -3] Temporary failure in name resolution

The above exception was the direct cause of the following exception:

Traceback (most recent call last):
  File "/home/nozimbek/Downloads/files (2)/.venv/lib/python3.14/site-packages/telegram/request/_httpxrequest.py", line 279, in do_request
    res = await self._client.request(
          ^^^^^^^^^^^^^^^^^^^^^^^^^^^
    ...<6 lines>...
    )
    ^
  File "/home/nozimbek/Downloads/files (2)/.venv/lib/python3.14/site-packages/httpx/_client.py", line 1540, in request
    return await self.send(request, auth=auth, follow_redirects=follow_redirects)
           ^^^^^^^^^^^^^^^^^^^^^^^^^^^^^^^^^^^^^^^^^^^^^^^^^^^^^^^^^^^^^^^^^^^^^^
  File "/home/nozimbek/Downloads/files (2)/.venv/lib/python3.14/site-packages/httpx/_client.py", line 1629, in send
    response = await self._send_handling_auth(
               ^^^^^^^^^^^^^^^^^^^^^^^^^^^^^^^
    ...<4 lines>...
    )
    ^
  File "/home/nozimbek/Downloads/files (2)/.venv/lib/python3.14/site-packages/httpx/_client.py", line 1657, in _send_handling_auth
    response = await self._send_handling_redirects(
               ^^^^^^^^^^^^^^^^^^^^^^^^^^^^^^^^^^^^
    ...<3 lines>...
    )
    ^
  File "/home/nozimbek/Downloads/files (2)/.venv/lib/python3.14/site-packages/httpx/_client.py", line 1694, in _send_handling_redirects
    response = await self._send_single_request(request)
               ^^^^^^^^^^^^^^^^^^^^^^^^^^^^^^^^^^^^^^^^
  File "/home/nozimbek/Downloads/files (2)/.venv/lib/python3.14/site-packages/httpx/_client.py", line 1730, in _send_single_request
    response = await transport.handle_async_request(request)
               ^^^^^^^^^^^^^^^^^^^^^^^^^^^^^^^^^^^^^^^^^^^^^
  File "/home/nozimbek/Downloads/files (2)/.venv/lib/python3.14/site-packages/httpx/_transports/default.py", line 393, in handle_async_request
    with map_httpcore_exceptions():
         ~~~~~~~~~~~~~~~~~~~~~~~^^
  File "/usr/lib/python3.14/contextlib.py", line 162, in __exit__
    self.gen.throw(value)
    ~~~~~~~~~~~~~~^^^^^^^
  File "/home/nozimbek/Downloads/files (2)/.venv/lib/python3.14/site-packages/httpx/_transports/default.py", line 118, in map_httpcore_exceptions
    raise mapped_exc(message) from exc
httpx.ConnectError: [Errno -3] Temporary failure in name resolution

The above exception was the direct cause of the following exception:

Traceback (most recent call last):
  File "/home/nozimbek/Downloads/files (2)/.venv/lib/python3.14/site-packages/telegram/ext/_utils/networkloop.py", line 161, in network_retry_loop
    await do_action()
  File "/home/nozimbek/Downloads/files (2)/.venv/lib/python3.14/site-packages/telegram/ext/_utils/networkloop.py", line 154, in do_action
    action_cb_task.result()
    ~~~~~~~~~~~~~~~~~~~~~^^
  File "/home/nozimbek/Downloads/files (2)/.venv/lib/python3.14/site-packages/telegram/ext/_updater.py", line 340, in polling_action_cb
    updates = await self.bot.get_updates(
              ^^^^^^^^^^^^^^^^^^^^^^^^^^^
    ...<3 lines>...
    )
    ^
  File "/home/nozimbek/Downloads/files (2)/.venv/lib/python3.14/site-packages/telegram/ext/_extbot.py", line 680, in get_updates
    updates = await super().get_updates(
              ^^^^^^^^^^^^^^^^^^^^^^^^^^
    ...<9 lines>...
    )
    ^
  File "/home/nozimbek/Downloads/files (2)/.venv/lib/python3.14/site-packages/telegram/_bot.py", line 4767, in get_updates
    await self._post(
    ^^^^^^^^^^^^^^^^^
    ...<7 lines>...
    ),
    ^
  File "/home/nozimbek/Downloads/files (2)/.venv/lib/python3.14/site-packages/telegram/_bot.py", line 712, in _post
    return await self._do_post(
           ^^^^^^^^^^^^^^^^^^^^
    ...<6 lines>...
    )
    ^
  File "/home/nozimbek/Downloads/files (2)/.venv/lib/python3.14/site-packages/telegram/ext/_extbot.py", line 378, in _do_post
    return await super()._do_post(
           ^^^^^^^^^^^^^^^^^^^^^^^
    ...<6 lines>...
    )
    ^
  File "/home/nozimbek/Downloads/files (2)/.venv/lib/python3.14/site-packages/telegram/_bot.py", line 741, in _do_post
    result = await request.post(
             ^^^^^^^^^^^^^^^^^^^
    ...<6 lines>...
    )
    ^
  File "/home/nozimbek/Downloads/files (2)/.venv/lib/python3.14/site-packages/telegram/request/_baserequest.py", line 198, in post
    result = await self._request_wrapper(
             ^^^^^^^^^^^^^^^^^^^^^^^^^^^^
    ...<7 lines>...
    )
    ^
  File "/home/nozimbek/Downloads/files (2)/.venv/lib/python3.14/site-packages/telegram/request/_baserequest.py", line 305, in _request_wrapper
    code, payload = await self.do_request(
                    ^^^^^^^^^^^^^^^^^^^^^^
    ...<7 lines>...
    )
    ^
  File "/home/nozimbek/Downloads/files (2)/.venv/lib/python3.14/site-packages/telegram/request/_httpxrequest.py", line 303, in do_request
    raise NetworkError(f"httpx.{err.__class__.__name__}: {err}") from err
telegram.error.NetworkError: httpx.ConnectError: [Errno -3] Temporary failure in name resolution
2026-09-10 00:31:02,707 - httpx - INFO - HTTP Request: POST https://api.telegram.org/bot8942164862:AAEGbX-FW5J1ymTcNQQalAv8C6ak4UyB_q8/getUpdates "HTTP/1.1 200 OK"
2026-09-10 00:31:03,063 - httpx - INFO - HTTP Request: POST https://api.telegram.org/bot8942164862:AAEGbX-FW5J1ymTcNQQalAv8C6ak4UyB_q8/sendMessage "HTTP/1.1 200 OK"
2026-09-10 00:31:12,894 - httpx - INFO - HTTP Request: POST https://api.telegram.org/bot8942164862:AAEGbX-FW5J1ymTcNQQalAv8C6ak4UyB_q8/getUpdates "HTTP/1.1 200 OK"
2026-09-10 00:31:23,001 - httpx - INFO - HTTP Request: POST https://api.telegram.org/bot8942164862:AAEGbX-FW5J1ymTcNQQalAv8C6ak4UyB_q8/getUpdates "HTTP/1.1 200 OK"
2026-09-10 00:31:33,101 - httpx - INFO - HTTP Request: POST https://api.telegram.org/bot8942164862:AAEGbX-FW5J1ymTcNQQalAv8C6ak4UyB_q8/getUpdates "HTTP/1.1 200 OK"
2026-09-10 00:31:43,230 - httpx - INFO - HTTP Request: POST https://api.telegram.org/bot8942164862:AAEGbX-FW5J1ymTcNQQalAv8C6ak4UyB_q8/getUpdates "HTTP/1.1 200 OK"
2026-09-10 00:31:53,423 - httpx - INFO - HTTP Request: POST https://api.telegram.org/bot8942164862:AAEGbX-FW5J1ymTcNQQalAv8C6ak4UyB_q8/getUpdates "HTTP/1.1 200 OK"
2026-09-10 00:32:03,589 - httpx - INFO - HTTP Request: POST https://api.telegram.org/bot8942164862:AAEGbX-FW5J1ymTcNQQalAv8C6ak4UyB_q8/getUpdates "HTTP/1.1 200 OK"
2026-09-10 00:32:13,729 - httpx - INFO - HTTP Request: POST https://api.telegram.org/bot8942164862:AAEGbX-FW5J1ymTcNQQalAv8C6ak4UyB_q8/getUpdates "HTTP/1.1 200 OK"
2026-09-10 00:32:23,863 - httpx - INFO - HTTP Request: POST https://api.telegram.org/bot8942164862:AAEGbX-FW5J1ymTcNQQalAv8C6ak4UyB_q8/getUpdates "HTTP/1.1 200 OK"
2026-09-10 00:32:33,998 - httpx - INFO - HTTP Request: POST https://api.telegram.org/bot8942164862:AAEGbX-FW5J1ymTcNQQalAv8C6ak4UyB_q8/getUpdates "HTTP/1.1 200 OK"
2026-09-10 00:32:44,140 - httpx - INFO - HTTP Request: POST https://api.telegram.org/bot8942164862:AAEGbX-FW5J1ymTcNQQalAv8C6ak4UyB_q8/getUpdates "HTTP/1.1 200 OK"
2026-09-10 00:32:54,270 - httpx - INFO - HTTP Request: POST https://api.telegram.org/bot8942164862:AAEGbX-FW5J1ymTcNQQalAv8C6ak4UyB_q8/getUpdates "HTTP/1.1 200 OK"
2026-09-10 00:33:04,370 - httpx - INFO - HTTP Request: POST https://api.telegram.org/bot8942164862:AAEGbX-FW5J1ymTcNQQalAv8C6ak4UyB_q8/getUpdates "HTTP/1.1 200 OK"
2026-09-10 00:33:14,470 - httpx - INFO - HTTP Request: POST https://api.telegram.org/bot8942164862:AAEGbX-FW5J1ymTcNQQalAv8C6ak4UyB_q8/getUpdates "HTTP/1.1 200 OK"
2026-09-10 00:33:22,737 - httpx - INFO - HTTP Request: POST https://api.telegram.org/bot8942164862:AAEGbX-FW5J1ymTcNQQalAv8C6ak4UyB_q8/getUpdates "HTTP/1.1 200 OK"
2026-09-10 00:33:23,147 - httpx - INFO - HTTP Request: POST https://api.telegram.org/bot8942164862:AAEGbX-FW5J1ymTcNQQalAv8C6ak4UyB_q8/answerCallbackQuery "HTTP/1.1 200 OK"
2026-09-10 00:33:23,276 - httpx - INFO - HTTP Request: POST https://api.telegram.org/bot8942164862:AAEGbX-FW5J1ymTcNQQalAv8C6ak4UyB_q8/editMessageText "HTTP/1.1 200 OK"
2026-09-10 00:33:32,875 - httpx - INFO - HTTP Request: POST https://api.telegram.org/bot8942164862:AAEGbX-FW5J1ymTcNQQalAv8C6ak4UyB_q8/getUpdates "HTTP/1.1 200 OK"
2026-09-10 00:33:43,014 - httpx - INFO - HTTP Request: POST https://api.telegram.org/bot8942164862:AAEGbX-FW5J1ymTcNQQalAv8C6ak4UyB_q8/getUpdates "HTTP/1.1 200 OK"
2026-09-10 00:33:53,151 - httpx - INFO - HTTP Request: POST https://api.telegram.org/bot8942164862:AAEGbX-FW5J1ymTcNQQalAv8C6ak4UyB_q8/getUpdates "HTTP/1.1 200 OK"
2026-09-10 00:34:03,276 - httpx - INFO - HTTP Request: POST https://api.telegram.org/bot8942164862:AAEGbX-FW5J1ymTcNQQalAv8C6ak4UyB_q8/getUpdates "HTTP/1.1 200 OK"
2026-09-10 00:34:13,426 - httpx - INFO - HTTP Request: POST https://api.telegram.org/bot8942164862:AAEGbX-FW5J1ymTcNQQalAv8C6ak4UyB_q8/getUpdates "HTTP/1.1 200 OK"
2026-09-10 00:34:23,776 - httpx - INFO - HTTP Request: POST https://api.telegram.org/bot8942164862:AAEGbX-FW5J1ymTcNQQalAv8C6ak4UyB_q8/getUpdates "HTTP/1.1 200 OK"
2026-09-10 00:34:33,913 - httpx - INFO - HTTP Request: POST https://api.telegram.org/bot8942164862:AAEGbX-FW5J1ymTcNQQalAv8C6ak4UyB_q8/getUpdates "HTTP/1.1 200 OK"
2026-09-10 00:34:44,021 - httpx - INFO - HTTP Request: POST https://api.telegram.org/bot8942164862:AAEGbX-FW5J1ymTcNQQalAv8C6ak4UyB_q8/getUpdates "HTTP/1.1 200 OK"
2026-09-10 00:34:54,259 - httpx - INFO - HTTP Request: POST https://api.telegram.org/bot8942164862:AAEGbX-FW5J1ymTcNQQalAv8C6ak4UyB_q8/getUpdates "HTTP/1.1 200 OK"
2026-09-10 00:35:04,361 - httpx - INFO - HTTP Request: POST https://api.telegram.org/bot8942164862:AAEGbX-FW5J1ymTcNQQalAv8C6ak4UyB_q8/getUpdates "HTTP/1.1 200 OK"
2026-09-10 00:35:14,559 - httpx - INFO - HTTP Request: POST https://api.telegram.org/bot8942164862:AAEGbX-FW5J1ymTcNQQalAv8C6ak4UyB_q8/getUpdates "HTTP/1.1 200 OK"
2026-09-10 00:35:24,696 - httpx - INFO - HTTP Request: POST https://api.telegram.org/bot8942164862:AAEGbX-FW5J1ymTcNQQalAv8C6ak4UyB_q8/getUpdates "HTTP/1.1 200 OK"
2026-09-10 00:35:34,866 - httpx - INFO - HTTP Request: POST https://api.telegram.org/bot8942164862:AAEGbX-FW5J1ymTcNQQalAv8C6ak4UyB_q8/getUpdates "HTTP/1.1 200 OK"
2026-09-10 00:35:45,076 - httpx - INFO - HTTP Request: POST https://api.telegram.org/bot8942164862:AAEGbX-FW5J1ymTcNQQalAv8C6ak4UyB_q8/getUpdates "HTTP/1.1 200 OK"
2026-09-10 00:35:55,247 - httpx - INFO - HTTP Request: POST https://api.telegram.org/bot8942164862:AAEGbX-FW5J1ymTcNQQalAv8C6ak4UyB_q8/getUpdates "HTTP/1.1 200 OK"
2026-09-10 00:36:00,619 - httpx - INFO - HTTP Request: POST https://api.telegram.org/bot8942164862:AAEGbX-FW5J1ymTcNQQalAv8C6ak4UyB_q8/getUpdates "HTTP/1.1 200 OK"
2026-09-10 00:36:01,014 - httpx - INFO - HTTP Request: POST https://api.telegram.org/bot8942164862:AAEGbX-FW5J1ymTcNQQalAv8C6ak4UyB_q8/sendMessage "HTTP/1.1 200 OK"
2026-09-10 00:36:10,719 - httpx - INFO - HTTP Request: POST https://api.telegram.org/bot8942164862:AAEGbX-FW5J1ymTcNQQalAv8C6ak4UyB_q8/getUpdates "HTTP/1.1 200 OK"
2026-09-10 00:36:20,914 - httpx - INFO - HTTP Request: POST https://api.telegram.org/bot8942164862:AAEGbX-FW5J1ymTcNQQalAv8C6ak4UyB_q8/getUpdates "HTTP/1.1 200 OK"
2026-09-10 00:36:31,053 - httpx - INFO - HTTP Request: POST https://api.telegram.org/bot8942164862:AAEGbX-FW5J1ymTcNQQalAv8C6ak4UyB_q8/getUpdates "HTTP/1.1 200 OK"
2026-09-10 00:36:41,190 - httpx - INFO - HTTP Request: POST https://api.telegram.org/bot8942164862:AAEGbX-FW5J1ymTcNQQalAv8C6ak4UyB_q8/getUpdates "HTTP/1.1 200 OK"
2026-09-10 00:36:51,228 - httpx - INFO - HTTP Request: POST https://api.telegram.org/bot8942164862:AAEGbX-FW5J1ymTcNQQalAv8C6ak4UyB_q8/getUpdates "HTTP/1.1 200 OK"
2026-09-10 00:37:01,363 - httpx - INFO - HTTP Request: POST https://api.telegram.org/bot8942164862:AAEGbX-FW5J1ymTcNQQalAv8C6ak4UyB_q8/getUpdates "HTTP/1.1 200 OK"
2026-09-10 00:37:11,505 - httpx - INFO - HTTP Request: POST https://api.telegram.org/bot8942164862:AAEGbX-FW5J1ymTcNQQalAv8C6ak4UyB_q8/getUpdates "HTTP/1.1 200 OK"
2026-09-10 00:37:21,661 - httpx - INFO - HTTP Request: POST https://api.telegram.org/bot8942164862:AAEGbX-FW5J1ymTcNQQalAv8C6ak4UyB_q8/getUpdates "HTTP/1.1 200 OK"
2026-09-10 00:37:31,884 - httpx - INFO - HTTP Request: POST https://api.telegram.org/bot8942164862:AAEGbX-FW5J1ymTcNQQalAv8C6ak4UyB_q8/getUpdates "HTTP/1.1 200 OK"
2026-09-10 00:37:41,994 - httpx - INFO - HTTP Request: POST https://api.telegram.org/bot8942164862:AAEGbX-FW5J1ymTcNQQalAv8C6ak4UyB_q8/getUpdates "HTTP/1.1 200 OK"
2026-09-10 00:37:51,234 - httpx - INFO - HTTP Request: POST https://api.telegram.org/bot8942164862:AAEGbX-FW5J1ymTcNQQalAv8C6ak4UyB_q8/getUpdates "HTTP/1.1 200 OK"
2026-09-10 00:38:01,334 - httpx - INFO - HTTP Request: POST https://api.telegram.org/bot8942164862:AAEGbX-FW5J1ymTcNQQalAv8C6ak4UyB_q8/getUpdates "HTTP/1.1 200 OK"
2026-09-10 00:38:11,438 - httpx - INFO - HTTP Request: POST https://api.telegram.org/bot8942164862:AAEGbX-FW5J1ymTcNQQalAv8C6ak4UyB_q8/getUpdates "HTTP/1.1 200 OK"
2026-09-10 00:38:21,747 - httpx - INFO - HTTP Request: POST https://api.telegram.org/bot8942164862:AAEGbX-FW5J1ymTcNQQalAv8C6ak4UyB_q8/getUpdates "HTTP/1.1 200 OK"
2026-09-10 00:38:31,988 - httpx - INFO - HTTP Request: POST https://api.telegram.org/bot8942164862:AAEGbX-FW5J1ymTcNQQalAv8C6ak4UyB_q8/getUpdates "HTTP/1.1 200 OK"
2026-09-10 00:38:42,088 - httpx - INFO - HTTP Request: POST https://api.telegram.org/bot8942164862:AAEGbX-FW5J1ymTcNQQalAv8C6ak4UyB_q8/getUpdates "HTTP/1.1 200 OK"
2026-09-10 00:38:52,189 - httpx - INFO - HTTP Request: POST https://api.telegram.org/bot8942164862:AAEGbX-FW5J1ymTcNQQalAv8C6ak4UyB_q8/getUpdates "HTTP/1.1 200 OK"
2026-09-10 00:39:02,298 - httpx - INFO - HTTP Request: POST https://api.telegram.org/bot8942164862:AAEGbX-FW5J1ymTcNQQalAv8C6ak4UyB_q8/getUpdates "HTTP/1.1 200 OK"
2026-09-10 00:39:12,435 - httpx - INFO - HTTP Request: POST https://api.telegram.org/bot8942164862:AAEGbX-FW5J1ymTcNQQalAv8C6ak4UyB_q8/getUpdates "HTTP/1.1 200 OK"
2026-09-10 00:39:22,576 - httpx - INFO - HTTP Request: POST https://api.telegram.org/bot8942164862:AAEGbX-FW5J1ymTcNQQalAv8C6ak4UyB_q8/getUpdates "HTTP/1.1 200 OK"
2026-09-10 00:39:32,839 - httpx - INFO - HTTP Request: POST https://api.telegram.org/bot8942164862:AAEGbX-FW5J1ymTcNQQalAv8C6ak4UyB_q8/getUpdates "HTTP/1.1 200 OK"
2026-09-10 00:39:43,054 - httpx - INFO - HTTP Request: POST https://api.telegram.org/bot8942164862:AAEGbX-FW5J1ymTcNQQalAv8C6ak4UyB_q8/getUpdates "HTTP/1.1 200 OK"
2026-09-10 00:39:53,165 - httpx - INFO - HTTP Request: POST https://api.telegram.org/bot8942164862:AAEGbX-FW5J1ymTcNQQalAv8C6ak4UyB_q8/getUpdates "HTTP/1.1 200 OK"
2026-09-10 00:40:03,267 - httpx - INFO - HTTP Request: POST https://api.telegram.org/bot8942164862:AAEGbX-FW5J1ymTcNQQalAv8C6ak4UyB_q8/getUpdates "HTTP/1.1 200 OK"
2026-09-10 00:40:13,386 - httpx - INFO - HTTP Request: POST https://api.telegram.org/bot8942164862:AAEGbX-FW5J1ymTcNQQalAv8C6ak4UyB_q8/getUpdates "HTTP/1.1 200 OK"
2026-09-10 00:40:23,495 - httpx - INFO - HTTP Request: POST https://api.telegram.org/bot8942164862:AAEGbX-FW5J1ymTcNQQalAv8C6ak4UyB_q8/getUpdates "HTTP/1.1 200 OK"
2026-09-10 00:40:33,640 - httpx - INFO - HTTP Request: POST https://api.telegram.org/bot8942164862:AAEGbX-FW5J1ymTcNQQalAv8C6ak4UyB_q8/getUpdates "HTTP/1.1 200 OK"
2026-09-10 00:40:43,778 - httpx - INFO - HTTP Request: POST https://api.telegram.org/bot8942164862:AAEGbX-FW5J1ymTcNQQalAv8C6ak4UyB_q8/getUpdates "HTTP/1.1 200 OK"
2026-09-10 00:40:53,879 - httpx - INFO - HTTP Request: POST https://api.telegram.org/bot8942164862:AAEGbX-FW5J1ymTcNQQalAv8C6ak4UyB_q8/getUpdates "HTTP/1.1 200 OK"
2026-09-10 00:41:03,988 - httpx - INFO - HTTP Request: POST https://api.telegram.org/bot8942164862:AAEGbX-FW5J1ymTcNQQalAv8C6ak4UyB_q8/getUpdates "HTTP/1.1 200 OK"
2026-09-10 00:41:14,190 - httpx - INFO - HTTP Request: POST https://api.telegram.org/bot8942164862:AAEGbX-FW5J1ymTcNQQalAv8C6ak4UyB_q8/getUpdates "HTTP/1.1 200 OK"
2026-09-10 00:41:24,298 - httpx - INFO - HTTP Request: POST https://api.telegram.org/bot8942164862:AAEGbX-FW5J1ymTcNQQalAv8C6ak4UyB_q8/getUpdates "HTTP/1.1 200 OK"
2026-09-10 00:41:34,404 - httpx - INFO - HTTP Request: POST https://api.telegram.org/bot8942164862:AAEGbX-FW5J1ymTcNQQalAv8C6ak4UyB_q8/getUpdates "HTTP/1.1 200 OK"
2026-09-10 00:41:44,603 - httpx - INFO - HTTP Request: POST https://api.telegram.org/bot8942164862:AAEGbX-FW5J1ymTcNQQalAv8C6ak4UyB_q8/getUpdates "HTTP/1.1 200 OK"
2026-09-10 00:41:54,705 - httpx - INFO - HTTP Request: POST https://api.telegram.org/bot8942164862:AAEGbX-FW5J1ymTcNQQalAv8C6ak4UyB_q8/getUpdates "HTTP/1.1 200 OK"
2026-09-10 00:42:04,807 - httpx - INFO - HTTP Request: POST https://api.telegram.org/bot8942164862:AAEGbX-FW5J1ymTcNQQalAv8C6ak4UyB_q8/getUpdates "HTTP/1.1 200 OK"
2026-09-10 00:42:14,914 - httpx - INFO - HTTP Request: POST https://api.telegram.org/bot8942164862:AAEGbX-FW5J1ymTcNQQalAv8C6ak4UyB_q8/getUpdates "HTTP/1.1 200 OK"
2026-09-10 00:42:25,017 - httpx - INFO - HTTP Request: POST https://api.telegram.org/bot8942164862:AAEGbX-FW5J1ymTcNQQalAv8C6ak4UyB_q8/getUpdates "HTTP/1.1 200 OK"
2026-09-10 00:42:35,191 - httpx - INFO - HTTP Request: POST https://api.telegram.org/bot8942164862:AAEGbX-FW5J1ymTcNQQalAv8C6ak4UyB_q8/getUpdates "HTTP/1.1 200 OK"
2026-09-10 00:42:45,327 - httpx - INFO - HTTP Request: POST https://api.telegram.org/bot8942164862:AAEGbX-FW5J1ymTcNQQalAv8C6ak4UyB_q8/getUpdates "HTTP/1.1 200 OK"
2026-09-10 00:42:55,466 - httpx - INFO - HTTP Request: POST https://api.telegram.org/bot8942164862:AAEGbX-FW5J1ymTcNQQalAv8C6ak4UyB_q8/getUpdates "HTTP/1.1 200 OK"
2026-09-10 00:43:05,607 - httpx - INFO - HTTP Request: POST https://api.telegram.org/bot8942164862:AAEGbX-FW5J1ymTcNQQalAv8C6ak4UyB_q8/getUpdates "HTTP/1.1 200 OK"
2026-09-10 00:43:15,741 - httpx - INFO - HTTP Request: POST https://api.telegram.org/bot8942164862:AAEGbX-FW5J1ymTcNQQalAv8C6ak4UyB_q8/getUpdates "HTTP/1.1 200 OK"
2026-09-10 00:43:25,877 - httpx - INFO - HTTP Request: POST https://api.telegram.org/bot8942164862:AAEGbX-FW5J1ymTcNQQalAv8C6ak4UyB_q8/getUpdates "HTTP/1.1 200 OK"
2026-09-10 00:43:35,994 - httpx - INFO - HTTP Request: POST https://api.telegram.org/bot8942164862:AAEGbX-FW5J1ymTcNQQalAv8C6ak4UyB_q8/getUpdates "HTTP/1.1 200 OK"
2026-09-10 00:43:46,136 - httpx - INFO - HTTP Request: POST https://api.telegram.org/bot8942164862:AAEGbX-FW5J1ymTcNQQalAv8C6ak4UyB_q8/getUpdates "HTTP/1.1 200 OK"
2026-09-10 00:43:56,246 - httpx - INFO - HTTP Request: POST https://api.telegram.org/bot8942164862:AAEGbX-FW5J1ymTcNQQalAv8C6ak4UyB_q8/getUpdates "HTTP/1.1 200 OK"
2026-09-10 00:44:06,350 - httpx - INFO - HTTP Request: POST https://api.telegram.org/bot8942164862:AAEGbX-FW5J1ymTcNQQalAv8C6ak4UyB_q8/getUpdates "HTTP/1.1 200 OK"
2026-09-10 00:44:16,479 - httpx - INFO - HTTP Request: POST https://api.telegram.org/bot8942164862:AAEGbX-FW5J1ymTcNQQalAv8C6ak4UyB_q8/getUpdates "HTTP/1.1 200 OK"
2026-09-10 00:44:26,607 - httpx - INFO - HTTP Request: POST https://api.telegram.org/bot8942164862:AAEGbX-FW5J1ymTcNQQalAv8C6ak4UyB_q8/getUpdates "HTTP/1.1 200 OK"
2026-09-10 00:44:36,738 - httpx - INFO - HTTP Request: POST https://api.telegram.org/bot8942164862:AAEGbX-FW5J1ymTcNQQalAv8C6ak4UyB_q8/getUpdates "HTTP/1.1 200 OK"
2026-09-10 00:44:46,885 - httpx - INFO - HTTP Request: POST https://api.telegram.org/bot8942164862:AAEGbX-FW5J1ymTcNQQalAv8C6ak4UyB_q8/getUpdates "HTTP/1.1 200 OK"
2026-09-10 00:44:57,013 - httpx - INFO - HTTP Request: POST https://api.telegram.org/bot8942164862:AAEGbX-FW5J1ymTcNQQalAv8C6ak4UyB_q8/getUpdates "HTTP/1.1 200 OK"
2026-09-10 00:45:07,154 - httpx - INFO - HTTP Request: POST https://api.telegram.org/bot8942164862:AAEGbX-FW5J1ymTcNQQalAv8C6ak4UyB_q8/getUpdates "HTTP/1.1 200 OK"
2026-09-10 00:45:17,294 - httpx - INFO - HTTP Request: POST https://api.telegram.org/bot8942164862:AAEGbX-FW5J1ymTcNQQalAv8C6ak4UyB_q8/getUpdates "HTTP/1.1 200 OK"
2026-09-10 00:45:27,429 - httpx - INFO - HTTP Request: POST https://api.telegram.org/bot8942164862:AAEGbX-FW5J1ymTcNQQalAv8C6ak4UyB_q8/getUpdates "HTTP/1.1 200 OK"
2026-09-10 00:45:37,667 - httpx - INFO - HTTP Request: POST https://api.telegram.org/bot8942164862:AAEGbX-FW5J1ymTcNQQalAv8C6ak4UyB_q8/getUpdates "HTTP/1.1 200 OK"
2026-09-10 00:45:47,774 - httpx - INFO - HTTP Request: POST https://api.telegram.org/bot8942164862:AAEGbX-FW5J1ymTcNQQalAv8C6ak4UyB_q8/getUpdates "HTTP/1.1 200 OK"
2026-09-10 00:45:57,883 - httpx - INFO - HTTP Request: POST https://api.telegram.org/bot8942164862:AAEGbX-FW5J1ymTcNQQalAv8C6ak4UyB_q8/getUpdates "HTTP/1.1 200 OK"
2026-09-10 00:46:08,080 - httpx - INFO - HTTP Request: POST https://api.telegram.org/bot8942164862:AAEGbX-FW5J1ymTcNQQalAv8C6ak4UyB_q8/getUpdates "HTTP/1.1 200 OK"
2026-09-10 00:46:18,423 - httpx - INFO - HTTP Request: POST https://api.telegram.org/bot8942164862:AAEGbX-FW5J1ymTcNQQalAv8C6ak4UyB_q8/getUpdates "HTTP/1.1 200 OK"
2026-09-10 00:46:28,527 - httpx - INFO - HTTP Request: POST https://api.telegram.org/bot8942164862:AAEGbX-FW5J1ymTcNQQalAv8C6ak4UyB_q8/getUpdates "HTTP/1.1 200 OK"
2026-09-10 00:46:38,670 - httpx - INFO - HTTP Request: POST https://api.telegram.org/bot8942164862:AAEGbX-FW5J1ymTcNQQalAv8C6ak4UyB_q8/getUpdates "HTTP/1.1 200 OK"
2026-09-10 00:46:48,835 - httpx - INFO - HTTP Request: POST https://api.telegram.org/bot8942164862:AAEGbX-FW5J1ymTcNQQalAv8C6ak4UyB_q8/getUpdates "HTTP/1.1 200 OK"
2026-09-10 00:46:58,973 - httpx - INFO - HTTP Request: POST https://api.telegram.org/bot8942164862:AAEGbX-FW5J1ymTcNQQalAv8C6ak4UyB_q8/getUpdates "HTTP/1.1 200 OK"
2026-09-10 00:47:09,115 - httpx - INFO - HTTP Request: POST https://api.telegram.org/bot8942164862:AAEGbX-FW5J1ymTcNQQalAv8C6ak4UyB_q8/getUpdates "HTTP/1.1 200 OK"
2026-09-10 00:47:19,236 - httpx - INFO - HTTP Request: POST https://api.telegram.org/bot8942164862:AAEGbX-FW5J1ymTcNQQalAv8C6ak4UyB_q8/getUpdates "HTTP/1.1 200 OK"
2026-09-10 00:47:29,391 - httpx - INFO - HTTP Request: POST https://api.telegram.org/bot8942164862:AAEGbX-FW5J1ymTcNQQalAv8C6ak4UyB_q8/getUpdates "HTTP/1.1 200 OK"
2026-09-10 00:47:39,524 - httpx - INFO - HTTP Request: POST https://api.telegram.org/bot8942164862:AAEGbX-FW5J1ymTcNQQalAv8C6ak4UyB_q8/getUpdates "HTTP/1.1 200 OK"
2026-09-10 00:47:49,661 - httpx - INFO - HTTP Request: POST https://api.telegram.org/bot8942164862:AAEGbX-FW5J1ymTcNQQalAv8C6ak4UyB_q8/getUpdates "HTTP/1.1 200 OK"
2026-09-10 00:47:59,799 - httpx - INFO - HTTP Request: POST https://api.telegram.org/bot8942164862:AAEGbX-FW5J1ymTcNQQalAv8C6ak4UyB_q8/getUpdates "HTTP/1.1 200 OK"
2026-09-10 00:48:09,935 - httpx - INFO - HTTP Request: POST https://api.telegram.org/bot8942164862:AAEGbX-FW5J1ymTcNQQalAv8C6ak4UyB_q8/getUpdates "HTTP/1.1 200 OK"
2026-09-10 00:48:20,033 - httpx - INFO - HTTP Request: POST https://api.telegram.org/bot8942164862:AAEGbX-FW5J1ymTcNQQalAv8C6ak4UyB_q8/getUpdates "HTTP/1.1 200 OK"
2026-09-10 00:48:30,131 - httpx - INFO - HTTP Request: POST https://api.telegram.org/bot8942164862:AAEGbX-FW5J1ymTcNQQalAv8C6ak4UyB_q8/getUpdates "HTTP/1.1 200 OK"
2026-09-10 00:48:40,247 - httpx - INFO - HTTP Request: POST https://api.telegram.org/bot8942164862:AAEGbX-FW5J1ymTcNQQalAv8C6ak4UyB_q8/getUpdates "HTTP/1.1 200 OK"
2026-09-10 00:48:50,349 - httpx - INFO - HTTP Request: POST https://api.telegram.org/bot8942164862:AAEGbX-FW5J1ymTcNQQalAv8C6ak4UyB_q8/getUpdates "HTTP/1.1 200 OK"
2026-09-10 00:49:00,522 - httpx - INFO - HTTP Request: POST https://api.telegram.org/bot8942164862:AAEGbX-FW5J1ymTcNQQalAv8C6ak4UyB_q8/getUpdates "HTTP/1.1 200 OK"
2026-09-10 00:49:10,660 - httpx - INFO - HTTP Request: POST https://api.telegram.org/bot8942164862:AAEGbX-FW5J1ymTcNQQalAv8C6ak4UyB_q8/getUpdates "HTTP/1.1 200 OK"
2026-09-10 00:49:20,762 - httpx - INFO - HTTP Request: POST https://api.telegram.org/bot8942164862:AAEGbX-FW5J1ymTcNQQalAv8C6ak4UyB_q8/getUpdates "HTTP/1.1 200 OK"
2026-09-10 00:49:30,861 - httpx - INFO - HTTP Request: POST https://api.telegram.org/bot8942164862:AAEGbX-FW5J1ymTcNQQalAv8C6ak4UyB_q8/getUpdates "HTTP/1.1 200 OK"
2026-09-10 00:49:40,971 - httpx - INFO - HTTP Request: POST https://api.telegram.org/bot8942164862:AAEGbX-FW5J1ymTcNQQalAv8C6ak4UyB_q8/getUpdates "HTTP/1.1 200 OK"
2026-09-10 00:49:51,108 - httpx - INFO - HTTP Request: POST https://api.telegram.org/bot8942164862:AAEGbX-FW5J1ymTcNQQalAv8C6ak4UyB_q8/getUpdates "HTTP/1.1 200 OK"
2026-09-10 00:50:01,206 - httpx - INFO - HTTP Request: POST https://api.telegram.org/bot8942164862:AAEGbX-FW5J1ymTcNQQalAv8C6ak4UyB_q8/getUpdates "HTTP/1.1 200 OK"
2026-09-10 00:50:11,460 - httpx - INFO - HTTP Request: POST https://api.telegram.org/bot8942164862:AAEGbX-FW5J1ymTcNQQalAv8C6ak4UyB_q8/getUpdates "HTTP/1.1 200 OK"
2026-09-10 00:50:21,566 - httpx - INFO - HTTP Request: POST https://api.telegram.org/bot8942164862:AAEGbX-FW5J1ymTcNQQalAv8C6ak4UyB_q8/getUpdates "HTTP/1.1 200 OK"
2026-09-10 00:50:31,679 - httpx - INFO - HTTP Request: POST https://api.telegram.org/bot8942164862:AAEGbX-FW5J1ymTcNQQalAv8C6ak4UyB_q8/getUpdates "HTTP/1.1 200 OK"
2026-09-10 00:50:41,909 - httpx - INFO - HTTP Request: POST https://api.telegram.org/bot8942164862:AAEGbX-FW5J1ymTcNQQalAv8C6ak4UyB_q8/getUpdates "HTTP/1.1 200 OK"
2026-09-10 00:50:52,134 - httpx - INFO - HTTP Request: POST https://api.telegram.org/bot8942164862:AAEGbX-FW5J1ymTcNQQalAv8C6ak4UyB_q8/getUpdates "HTTP/1.1 200 OK"
2026-09-10 00:51:02,293 - httpx - INFO - HTTP Request: POST https://api.telegram.org/bot8942164862:AAEGbX-FW5J1ymTcNQQalAv8C6ak4UyB_q8/getUpdates "HTTP/1.1 200 OK"
2026-09-10 00:51:12,417 - httpx - INFO - HTTP Request: POST https://api.telegram.org/bot8942164862:AAEGbX-FW5J1ymTcNQQalAv8C6ak4UyB_q8/getUpdates "HTTP/1.1 200 OK"
2026-09-10 00:51:22,552 - httpx - INFO - HTTP Request: POST https://api.telegram.org/bot8942164862:AAEGbX-FW5J1ymTcNQQalAv8C6ak4UyB_q8/getUpdates "HTTP/1.1 200 OK"
2026-09-10 00:51:32,657 - httpx - INFO - HTTP Request: POST https://api.telegram.org/bot8942164862:AAEGbX-FW5J1ymTcNQQalAv8C6ak4UyB_q8/getUpdates "HTTP/1.1 200 OK"
2026-09-10 00:51:42,827 - httpx - INFO - HTTP Request: POST https://api.telegram.org/bot8942164862:AAEGbX-FW5J1ymTcNQQalAv8C6ak4UyB_q8/getUpdates "HTTP/1.1 200 OK"
2026-09-10 00:51:52,928 - httpx - INFO - HTTP Request: POST https://api.telegram.org/bot8942164862:AAEGbX-FW5J1ymTcNQQalAv8C6ak4UyB_q8/getUpdates "HTTP/1.1 200 OK"
2026-09-10 00:52:03,028 - httpx - INFO - HTTP Request: POST https://api.telegram.org/bot8942164862:AAEGbX-FW5J1ymTcNQQalAv8C6ak4UyB_q8/getUpdates "HTTP/1.1 200 OK"
2026-09-10 00:52:13,139 - httpx - INFO - HTTP Request: POST https://api.telegram.org/bot8942164862:AAEGbX-FW5J1ymTcNQQalAv8C6ak4UyB_q8/getUpdates "HTTP/1.1 200 OK"
2026-09-10 00:52:23,251 - httpx - INFO - HTTP Request: POST https://api.telegram.org/bot8942164862:AAEGbX-FW5J1ymTcNQQalAv8C6ak4UyB_q8/getUpdates "HTTP/1.1 200 OK"
2026-09-10 00:52:33,414 - httpx - INFO - HTTP Request: POST https://api.telegram.org/bot8942164862:AAEGbX-FW5J1ymTcNQQalAv8C6ak4UyB_q8/getUpdates "HTTP/1.1 200 OK"
2026-09-10 00:52:43,551 - httpx - INFO - HTTP Request: POST https://api.telegram.org/bot8942164862:AAEGbX-FW5J1ymTcNQQalAv8C6ak4UyB_q8/getUpdates "HTTP/1.1 200 OK"
2026-09-10 00:52:53,693 - httpx - INFO - HTTP Request: POST https://api.telegram.org/bot8942164862:AAEGbX-FW5J1ymTcNQQalAv8C6ak4UyB_q8/getUpdates "HTTP/1.1 200 OK"
2026-09-10 00:53:03,826 - httpx - INFO - HTTP Request: POST https://api.telegram.org/bot8942164862:AAEGbX-FW5J1ymTcNQQalAv8C6ak4UyB_q8/getUpdates "HTTP/1.1 200 OK"
2026-09-10 00:53:13,977 - httpx - INFO - HTTP Request: POST https://api.telegram.org/bot8942164862:AAEGbX-FW5J1ymTcNQQalAv8C6ak4UyB_q8/getUpdates "HTTP/1.1 200 OK"
2026-09-10 00:53:24,101 - httpx - INFO - HTTP Request: POST https://api.telegram.org/bot8942164862:AAEGbX-FW5J1ymTcNQQalAv8C6ak4UyB_q8/getUpdates "HTTP/1.1 200 OK"
2026-09-10 00:53:34,239 - httpx - INFO - HTTP Request: POST https://api.telegram.org/bot8942164862:AAEGbX-FW5J1ymTcNQQalAv8C6ak4UyB_q8/getUpdates "HTTP/1.1 200 OK"
2026-09-10 00:53:44,346 - httpx - INFO - HTTP Request: POST https://api.telegram.org/bot8942164862:AAEGbX-FW5J1ymTcNQQalAv8C6ak4UyB_q8/getUpdates "HTTP/1.1 200 OK"
2026-09-10 00:53:54,514 - httpx - INFO - HTTP Request: POST https://api.telegram.org/bot8942164862:AAEGbX-FW5J1ymTcNQQalAv8C6ak4UyB_q8/getUpdates "HTTP/1.1 200 OK"
2026-09-10 00:54:04,652 - httpx - INFO - HTTP Request: POST https://api.telegram.org/bot8942164862:AAEGbX-FW5J1ymTcNQQalAv8C6ak4UyB_q8/getUpdates "HTTP/1.1 200 OK"
2026-09-10 00:54:14,789 - httpx - INFO - HTTP Request: POST https://api.telegram.org/bot8942164862:AAEGbX-FW5J1ymTcNQQalAv8C6ak4UyB_q8/getUpdates "HTTP/1.1 200 OK"
2026-09-10 00:54:24,887 - httpx - INFO - HTTP Request: POST https://api.telegram.org/bot8942164862:AAEGbX-FW5J1ymTcNQQalAv8C6ak4UyB_q8/getUpdates "HTTP/1.1 200 OK"
2026-09-10 00:54:34,994 - httpx - INFO - HTTP Request: POST https://api.telegram.org/bot8942164862:AAEGbX-FW5J1ymTcNQQalAv8C6ak4UyB_q8/getUpdates "HTTP/1.1 200 OK"
2026-09-10 00:54:45,093 - httpx - INFO - HTTP Request: POST https://api.telegram.org/bot8942164862:AAEGbX-FW5J1ymTcNQQalAv8C6ak4UyB_q8/getUpdates "HTTP/1.1 200 OK"
2026-09-10 00:54:55,200 - httpx - INFO - HTTP Request: POST https://api.telegram.org/bot8942164862:AAEGbX-FW5J1ymTcNQQalAv8C6ak4UyB_q8/getUpdates "HTTP/1.1 200 OK"
2026-09-10 00:55:05,376 - httpx - INFO - HTTP Request: POST https://api.telegram.org/bot8942164862:AAEGbX-FW5J1ymTcNQQalAv8C6ak4UyB_q8/getUpdates "HTTP/1.1 200 OK"
2026-09-10 00:55:15,517 - httpx - INFO - HTTP Request: POST https://api.telegram.org/bot8942164862:AAEGbX-FW5J1ymTcNQQalAv8C6ak4UyB_q8/getUpdates "HTTP/1.1 200 OK"
2026-09-10 00:55:25,653 - httpx - INFO - HTTP Request: POST https://api.telegram.org/bot8942164862:AAEGbX-FW5J1ymTcNQQalAv8C6ak4UyB_q8/getUpdates "HTTP/1.1 200 OK"
2026-09-10 00:55:35,751 - httpx - INFO - HTTP Request: POST https://api.telegram.org/bot8942164862:AAEGbX-FW5J1ymTcNQQalAv8C6ak4UyB_q8/getUpdates "HTTP/1.1 200 OK"
2026-09-10 00:55:45,927 - httpx - INFO - HTTP Request: POST https://api.telegram.org/bot8942164862:AAEGbX-FW5J1ymTcNQQalAv8C6ak4UyB_q8/getUpdates "HTTP/1.1 200 OK"
2026-09-10 00:55:56,060 - httpx - INFO - HTTP Request: POST https://api.telegram.org/bot8942164862:AAEGbX-FW5J1ymTcNQQalAv8C6ak4UyB_q8/getUpdates "HTTP/1.1 200 OK"
2026-09-10 00:56:06,304 - httpx - INFO - HTTP Request: POST https://api.telegram.org/bot8942164862:AAEGbX-FW5J1ymTcNQQalAv8C6ak4UyB_q8/getUpdates "HTTP/1.1 200 OK"
2026-09-10 00:56:16,442 - httpx - INFO - HTTP Request: POST https://api.telegram.org/bot8942164862:AAEGbX-FW5J1ymTcNQQalAv8C6ak4UyB_q8/getUpdates "HTTP/1.1 200 OK"
2026-09-10 00:56:26,539 - httpx - INFO - HTTP Request: POST https://api.telegram.org/bot8942164862:AAEGbX-FW5J1ymTcNQQalAv8C6ak4UyB_q8/getUpdates "HTTP/1.1 200 OK"
2026-09-10 00:56:36,717 - httpx - INFO - HTTP Request: POST https://api.telegram.org/bot8942164862:AAEGbX-FW5J1ymTcNQQalAv8C6ak4UyB_q8/getUpdates "HTTP/1.1 200 OK"
2026-09-10 00:56:46,849 - httpx - INFO - HTTP Request: POST https://api.telegram.org/bot8942164862:AAEGbX-FW5J1ymTcNQQalAv8C6ak4UyB_q8/getUpdates "HTTP/1.1 200 OK"
2026-09-10 00:56:56,992 - httpx - INFO - HTTP Request: POST https://api.telegram.org/bot8942164862:AAEGbX-FW5J1ymTcNQQalAv8C6ak4UyB_q8/getUpdates "HTTP/1.1 200 OK"
2026-09-10 00:57:07,101 - httpx - INFO - HTTP Request: POST https://api.telegram.org/bot8942164862:AAEGbX-FW5J1ymTcNQQalAv8C6ak4UyB_q8/getUpdates "HTTP/1.1 200 OK"
2026-09-10 00:57:17,215 - httpx - INFO - HTTP Request: POST https://api.telegram.org/bot8942164862:AAEGbX-FW5J1ymTcNQQalAv8C6ak4UyB_q8/getUpdates "HTTP/1.1 200 OK"
2026-09-10 00:57:27,313 - httpx - INFO - HTTP Request: POST https://api.telegram.org/bot8942164862:AAEGbX-FW5J1ymTcNQQalAv8C6ak4UyB_q8/getUpdates "HTTP/1.1 200 OK"
2026-09-10 00:57:37,413 - httpx - INFO - HTTP Request: POST https://api.telegram.org/bot8942164862:AAEGbX-FW5J1ymTcNQQalAv8C6ak4UyB_q8/getUpdates "HTTP/1.1 200 OK"
2026-09-10 00:57:47,579 - httpx - INFO - HTTP Request: POST https://api.telegram.org/bot8942164862:AAEGbX-FW5J1ymTcNQQalAv8C6ak4UyB_q8/getUpdates "HTTP/1.1 200 OK"
2026-09-10 00:57:57,709 - httpx - INFO - HTTP Request: POST https://api.telegram.org/bot8942164862:AAEGbX-FW5J1ymTcNQQalAv8C6ak4UyB_q8/getUpdates "HTTP/1.1 200 OK"
2026-09-10 00:58:07,811 - httpx - INFO - HTTP Request: POST https://api.telegram.org/bot8942164862:AAEGbX-FW5J1ymTcNQQalAv8C6ak4UyB_q8/getUpdates "HTTP/1.1 200 OK"
2026-09-10 00:58:17,919 - httpx - INFO - HTTP Request: POST https://api.telegram.org/bot8942164862:AAEGbX-FW5J1ymTcNQQalAv8C6ak4UyB_q8/getUpdates "HTTP/1.1 200 OK"
2026-09-10 00:58:28,031 - httpx - INFO - HTTP Request: POST https://api.telegram.org/bot8942164862:AAEGbX-FW5J1ymTcNQQalAv8C6ak4UyB_q8/getUpdates "HTTP/1.1 200 OK"
2026-09-10 00:58:38,164 - httpx - INFO - HTTP Request: POST https://api.telegram.org/bot8942164862:AAEGbX-FW5J1ymTcNQQalAv8C6ak4UyB_q8/getUpdates "HTTP/1.1 200 OK"
2026-09-10 00:58:48,302 - httpx - INFO - HTTP Request: POST https://api.telegram.org/bot8942164862:AAEGbX-FW5J1ymTcNQQalAv8C6ak4UyB_q8/getUpdates "HTTP/1.1 200 OK"
2026-09-10 00:58:58,408 - httpx - INFO - HTTP Request: POST https://api.telegram.org/bot8942164862:AAEGbX-FW5J1ymTcNQQalAv8C6ak4UyB_q8/getUpdates "HTTP/1.1 200 OK"
2026-09-10 00:59:08,507 - httpx - INFO - HTTP Request: POST https://api.telegram.org/bot8942164862:AAEGbX-FW5J1ymTcNQQalAv8C6ak4UyB_q8/getUpdates "HTTP/1.1 200 OK"
2026-09-10 00:59:18,626 - httpx - INFO - HTTP Request: POST https://api.telegram.org/bot8942164862:AAEGbX-FW5J1ymTcNQQalAv8C6ak4UyB_q8/getUpdates "HTTP/1.1 200 OK"
2026-09-10 00:59:28,745 - httpx - INFO - HTTP Request: POST https://api.telegram.org/bot8942164862:AAEGbX-FW5J1ymTcNQQalAv8C6ak4UyB_q8/getUpdates "HTTP/1.1 200 OK"
2026-09-10 00:59:38,844 - httpx - INFO - HTTP Request: POST https://api.telegram.org/bot8942164862:AAEGbX-FW5J1ymTcNQQalAv8C6ak4UyB_q8/getUpdates "HTTP/1.1 200 OK"
2026-09-10 00:59:49,035 - httpx - INFO - HTTP Request: POST https://api.telegram.org/bot8942164862:AAEGbX-FW5J1ymTcNQQalAv8C6ak4UyB_q8/getUpdates "HTTP/1.1 200 OK"
2026-09-10 00:59:59,141 - httpx - INFO - HTTP Request: POST https://api.telegram.org/bot8942164862:AAEGbX-FW5J1ymTcNQQalAv8C6ak4UyB_q8/getUpdates "HTTP/1.1 200 OK"
2026-09-10 01:00:09,248 - httpx - INFO - HTTP Request: POST https://api.telegram.org/bot8942164862:AAEGbX-FW5J1ymTcNQQalAv8C6ak4UyB_q8/getUpdates "HTTP/1.1 200 OK"
2026-09-10 01:00:19,355 - httpx - INFO - HTTP Request: POST https://api.telegram.org/bot8942164862:AAEGbX-FW5J1ymTcNQQalAv8C6ak4UyB_q8/getUpdates "HTTP/1.1 200 OK"
2026-09-10 01:00:29,474 - httpx - INFO - HTTP Request: POST https://api.telegram.org/bot8942164862:AAEGbX-FW5J1ymTcNQQalAv8C6ak4UyB_q8/getUpdates "HTTP/1.1 200 OK"
2026-09-10 01:00:39,612 - httpx - INFO - HTTP Request: POST https://api.telegram.org/bot8942164862:AAEGbX-FW5J1ymTcNQQalAv8C6ak4UyB_q8/getUpdates "HTTP/1.1 200 OK"
2026-09-10 01:00:49,713 - httpx - INFO - HTTP Request: POST https://api.telegram.org/bot8942164862:AAEGbX-FW5J1ymTcNQQalAv8C6ak4UyB_q8/getUpdates "HTTP/1.1 200 OK"
2026-09-10 01:00:59,999 - httpx - INFO - HTTP Request: POST https://api.telegram.org/bot8942164862:AAEGbX-FW5J1ymTcNQQalAv8C6ak4UyB_q8/getUpdates "HTTP/1.1 200 OK"
2026-09-10 01:01:10,106 - httpx - INFO - HTTP Request: POST https://api.telegram.org/bot8942164862:AAEGbX-FW5J1ymTcNQQalAv8C6ak4UyB_q8/getUpdates "HTTP/1.1 200 OK"
2026-09-10 01:01:20,265 - httpx - INFO - HTTP Request: POST https://api.telegram.org/bot8942164862:AAEGbX-FW5J1ymTcNQQalAv8C6ak4UyB_q8/getUpdates "HTTP/1.1 200 OK"
2026-09-10 01:01:30,402 - httpx - INFO - HTTP Request: POST https://api.telegram.org/bot8942164862:AAEGbX-FW5J1ymTcNQQalAv8C6ak4UyB_q8/getUpdates "HTTP/1.1 200 OK"
2026-09-10 01:01:40,511 - httpx - INFO - HTTP Request: POST https://api.telegram.org/bot8942164862:AAEGbX-FW5J1ymTcNQQalAv8C6ak4UyB_q8/getUpdates "HTTP/1.1 200 OK"
2026-09-10 01:01:50,677 - httpx - INFO - HTTP Request: POST https://api.telegram.org/bot8942164862:AAEGbX-FW5J1ymTcNQQalAv8C6ak4UyB_q8/getUpdates "HTTP/1.1 200 OK"
2026-09-10 01:02:00,778 - httpx - INFO - HTTP Request: POST https://api.telegram.org/bot8942164862:AAEGbX-FW5J1ymTcNQQalAv8C6ak4UyB_q8/getUpdates "HTTP/1.1 200 OK"
2026-09-10 01:02:10,875 - httpx - INFO - HTTP Request: POST https://api.telegram.org/bot8942164862:AAEGbX-FW5J1ymTcNQQalAv8C6ak4UyB_q8/getUpdates "HTTP/1.1 200 OK"
2026-09-10 01:02:20,988 - httpx - INFO - HTTP Request: POST https://api.telegram.org/bot8942164862:AAEGbX-FW5J1ymTcNQQalAv8C6ak4UyB_q8/getUpdates "HTTP/1.1 200 OK"
2026-09-10 01:02:31,125 - httpx - INFO - HTTP Request: POST https://api.telegram.org/bot8942164862:AAEGbX-FW5J1ymTcNQQalAv8C6ak4UyB_q8/getUpdates "HTTP/1.1 200 OK"
2026-09-10 01:02:41,232 - httpx - INFO - HTTP Request: POST https://api.telegram.org/bot8942164862:AAEGbX-FW5J1ymTcNQQalAv8C6ak4UyB_q8/getUpdates "HTTP/1.1 200 OK"
2026-09-10 01:02:51,333 - httpx - INFO - HTTP Request: POST https://api.telegram.org/bot8942164862:AAEGbX-FW5J1ymTcNQQalAv8C6ak4UyB_q8/getUpdates "HTTP/1.1 200 OK"
2026-09-10 01:03:01,540 - httpx - INFO - HTTP Request: POST https://api.telegram.org/bot8942164862:AAEGbX-FW5J1ymTcNQQalAv8C6ak4UyB_q8/getUpdates "HTTP/1.1 200 OK"
2026-09-10 01:03:11,682 - httpx - INFO - HTTP Request: POST https://api.telegram.org/bot8942164862:AAEGbX-FW5J1ymTcNQQalAv8C6ak4UyB_q8/getUpdates "HTTP/1.1 200 OK"
2026-09-10 01:03:21,814 - httpx - INFO - HTTP Request: POST https://api.telegram.org/bot8942164862:AAEGbX-FW5J1ymTcNQQalAv8C6ak4UyB_q8/getUpdates "HTTP/1.1 200 OK"
2026-09-10 01:03:31,955 - httpx - INFO - HTTP Request: POST https://api.telegram.org/bot8942164862:AAEGbX-FW5J1ymTcNQQalAv8C6ak4UyB_q8/getUpdates "HTTP/1.1 200 OK"
2026-09-10 01:03:42,082 - httpx - INFO - HTTP Request: POST https://api.telegram.org/bot8942164862:AAEGbX-FW5J1ymTcNQQalAv8C6ak4UyB_q8/getUpdates "HTTP/1.1 200 OK"
2026-09-10 01:03:52,229 - httpx - INFO - HTTP Request: POST https://api.telegram.org/bot8942164862:AAEGbX-FW5J1ymTcNQQalAv8C6ak4UyB_q8/getUpdates "HTTP/1.1 200 OK"
2026-09-10 01:04:02,369 - httpx - INFO - HTTP Request: POST https://api.telegram.org/bot8942164862:AAEGbX-FW5J1ymTcNQQalAv8C6ak4UyB_q8/getUpdates "HTTP/1.1 200 OK"
2026-09-10 01:04:12,470 - httpx - INFO - HTTP Request: POST https://api.telegram.org/bot8942164862:AAEGbX-FW5J1ymTcNQQalAv8C6ak4UyB_q8/getUpdates "HTTP/1.1 200 OK"
2026-09-10 01:04:22,573 - httpx - INFO - HTTP Request: POST https://api.telegram.org/bot8942164862:AAEGbX-FW5J1ymTcNQQalAv8C6ak4UyB_q8/getUpdates "HTTP/1.1 200 OK"
2026-09-10 01:04:32,675 - httpx - INFO - HTTP Request: POST https://api.telegram.org/bot8942164862:AAEGbX-FW5J1ymTcNQQalAv8C6ak4UyB_q8/getUpdates "HTTP/1.1 200 OK"
2026-09-10 01:04:42,814 - httpx - INFO - HTTP Request: POST https://api.telegram.org/bot8942164862:AAEGbX-FW5J1ymTcNQQalAv8C6ak4UyB_q8/getUpdates "HTTP/1.1 200 OK"
2026-09-10 01:04:52,950 - httpx - INFO - HTTP Request: POST https://api.telegram.org/bot8942164862:AAEGbX-FW5J1ymTcNQQalAv8C6ak4UyB_q8/getUpdates "HTTP/1.1 200 OK"
2026-09-10 01:05:03,089 - httpx - INFO - HTTP Request: POST https://api.telegram.org/bot8942164862:AAEGbX-FW5J1ymTcNQQalAv8C6ak4UyB_q8/getUpdates "HTTP/1.1 200 OK"
2026-09-10 01:05:13,193 - httpx - INFO - HTTP Request: POST https://api.telegram.org/bot8942164862:AAEGbX-FW5J1ymTcNQQalAv8C6ak4UyB_q8/getUpdates "HTTP/1.1 200 OK"
2026-09-10 01:05:23,320 - httpx - INFO - HTTP Request: POST https://api.telegram.org/bot8942164862:AAEGbX-FW5J1ymTcNQQalAv8C6ak4UyB_q8/getUpdates "HTTP/1.1 200 OK"
2026-09-10 01:05:33,501 - httpx - INFO - HTTP Request: POST https://api.telegram.org/bot8942164862:AAEGbX-FW5J1ymTcNQQalAv8C6ak4UyB_q8/getUpdates "HTTP/1.1 200 OK"
2026-09-10 01:05:43,608 - httpx - INFO - HTTP Request: POST https://api.telegram.org/bot8942164862:AAEGbX-FW5J1ymTcNQQalAv8C6ak4UyB_q8/getUpdates "HTTP/1.1 200 OK"
2026-09-10 01:05:53,717 - httpx - INFO - HTTP Request: POST https://api.telegram.org/bot8942164862:AAEGbX-FW5J1ymTcNQQalAv8C6ak4UyB_q8/getUpdates "HTTP/1.1 200 OK"
2026-09-10 01:06:03,938 - httpx - INFO - HTTP Request: POST https://api.telegram.org/bot8942164862:AAEGbX-FW5J1ymTcNQQalAv8C6ak4UyB_q8/getUpdates "HTTP/1.1 200 OK"
2026-09-10 01:06:14,052 - httpx - INFO - HTTP Request: POST https://api.telegram.org/bot8942164862:AAEGbX-FW5J1ymTcNQQalAv8C6ak4UyB_q8/getUpdates "HTTP/1.1 200 OK"
2026-09-10 01:06:24,189 - httpx - INFO - HTTP Request: POST https://api.telegram.org/bot8942164862:AAEGbX-FW5J1ymTcNQQalAv8C6ak4UyB_q8/getUpdates "HTTP/1.1 200 OK"
2026-09-10 01:06:34,288 - httpx - INFO - HTTP Request: POST https://api.telegram.org/bot8942164862:AAEGbX-FW5J1ymTcNQQalAv8C6ak4UyB_q8/getUpdates "HTTP/1.1 200 OK"
2026-09-10 01:06:44,390 - httpx - INFO - HTTP Request: POST https://api.telegram.org/bot8942164862:AAEGbX-FW5J1ymTcNQQalAv8C6ak4UyB_q8/getUpdates "HTTP/1.1 200 OK"
2026-09-10 01:06:54,503 - httpx - INFO - HTTP Request: POST https://api.telegram.org/bot8942164862:AAEGbX-FW5J1ymTcNQQalAv8C6ak4UyB_q8/getUpdates "HTTP/1.1 200 OK"
2026-09-10 01:07:04,613 - httpx - INFO - HTTP Request: POST https://api.telegram.org/bot8942164862:AAEGbX-FW5J1ymTcNQQalAv8C6ak4UyB_q8/getUpdates "HTTP/1.1 200 OK"
2026-09-10 01:07:14,785 - httpx - INFO - HTTP Request: POST https://api.telegram.org/bot8942164862:AAEGbX-FW5J1ymTcNQQalAv8C6ak4UyB_q8/getUpdates "HTTP/1.1 200 OK"
2026-09-10 01:07:24,912 - httpx - INFO - HTTP Request: POST https://api.telegram.org/bot8942164862:AAEGbX-FW5J1ymTcNQQalAv8C6ak4UyB_q8/getUpdates "HTTP/1.1 200 OK"
2026-09-10 01:07:35,050 - httpx - INFO - HTTP Request: POST https://api.telegram.org/bot8942164862:AAEGbX-FW5J1ymTcNQQalAv8C6ak4UyB_q8/getUpdates "HTTP/1.1 200 OK"
2026-09-10 01:07:45,188 - httpx - INFO - HTTP Request: POST https://api.telegram.org/bot8942164862:AAEGbX-FW5J1ymTcNQQalAv8C6ak4UyB_q8/getUpdates "HTTP/1.1 200 OK"
2026-09-10 01:07:55,326 - httpx - INFO - HTTP Request: POST https://api.telegram.org/bot8942164862:AAEGbX-FW5J1ymTcNQQalAv8C6ak4UyB_q8/getUpdates "HTTP/1.1 200 OK"
2026-09-10 01:08:05,433 - httpx - INFO - HTTP Request: POST https://api.telegram.org/bot8942164862:AAEGbX-FW5J1ymTcNQQalAv8C6ak4UyB_q8/getUpdates "HTTP/1.1 200 OK"
2026-09-10 01:08:15,602 - httpx - INFO - HTTP Request: POST https://api.telegram.org/bot8942164862:AAEGbX-FW5J1ymTcNQQalAv8C6ak4UyB_q8/getUpdates "HTTP/1.1 200 OK"
2026-09-10 01:08:25,739 - httpx - INFO - HTTP Request: POST https://api.telegram.org/bot8942164862:AAEGbX-FW5J1ymTcNQQalAv8C6ak4UyB_q8/getUpdates "HTTP/1.1 200 OK"
2026-09-10 01:08:35,880 - httpx - INFO - HTTP Request: POST https://api.telegram.org/bot8942164862:AAEGbX-FW5J1ymTcNQQalAv8C6ak4UyB_q8/getUpdates "HTTP/1.1 200 OK"
2026-09-10 01:08:46,014 - httpx - INFO - HTTP Request: POST https://api.telegram.org/bot8942164862:AAEGbX-FW5J1ymTcNQQalAv8C6ak4UyB_q8/getUpdates "HTTP/1.1 200 OK"
2026-09-10 01:08:56,113 - httpx - INFO - HTTP Request: POST https://api.telegram.org/bot8942164862:AAEGbX-FW5J1ymTcNQQalAv8C6ak4UyB_q8/getUpdates "HTTP/1.1 200 OK"
2026-09-10 01:09:06,290 - httpx - INFO - HTTP Request: POST https://api.telegram.org/bot8942164862:AAEGbX-FW5J1ymTcNQQalAv8C6ak4UyB_q8/getUpdates "HTTP/1.1 200 OK"
2026-09-10 01:09:16,427 - httpx - INFO - HTTP Request: POST https://api.telegram.org/bot8942164862:AAEGbX-FW5J1ymTcNQQalAv8C6ak4UyB_q8/getUpdates "HTTP/1.1 200 OK"
2026-09-10 01:09:26,572 - httpx - INFO - HTTP Request: POST https://api.telegram.org/bot8942164862:AAEGbX-FW5J1ymTcNQQalAv8C6ak4UyB_q8/getUpdates "HTTP/1.1 200 OK"
2026-09-10 01:09:36,698 - httpx - INFO - HTTP Request: POST https://api.telegram.org/bot8942164862:AAEGbX-FW5J1ymTcNQQalAv8C6ak4UyB_q8/getUpdates "HTTP/1.1 200 OK"
2026-09-10 01:09:46,844 - httpx - INFO - HTTP Request: POST https://api.telegram.org/bot8942164862:AAEGbX-FW5J1ymTcNQQalAv8C6ak4UyB_q8/getUpdates "HTTP/1.1 200 OK"
2026-09-10 01:09:56,978 - httpx - INFO - HTTP Request: POST https://api.telegram.org/bot8942164862:AAEGbX-FW5J1ymTcNQQalAv8C6ak4UyB_q8/getUpdates "HTTP/1.1 200 OK"
2026-09-10 01:10:07,075 - httpx - INFO - HTTP Request: POST https://api.telegram.org/bot8942164862:AAEGbX-FW5J1ymTcNQQalAv8C6ak4UyB_q8/getUpdates "HTTP/1.1 200 OK"
2026-09-10 01:10:17,179 - httpx - INFO - HTTP Request: POST https://api.telegram.org/bot8942164862:AAEGbX-FW5J1ymTcNQQalAv8C6ak4UyB_q8/getUpdates "HTTP/1.1 200 OK"
2026-09-10 01:10:27,289 - httpx - INFO - HTTP Request: POST https://api.telegram.org/bot8942164862:AAEGbX-FW5J1ymTcNQQalAv8C6ak4UyB_q8/getUpdates "HTTP/1.1 200 OK"
2026-09-10 01:10:37,436 - httpx - INFO - HTTP Request: POST https://api.telegram.org/bot8942164862:AAEGbX-FW5J1ymTcNQQalAv8C6ak4UyB_q8/getUpdates "HTTP/1.1 200 OK"
2026-09-10 01:10:47,564 - httpx - INFO - HTTP Request: POST https://api.telegram.org/bot8942164862:AAEGbX-FW5J1ymTcNQQalAv8C6ak4UyB_q8/getUpdates "HTTP/1.1 200 OK"
2026-09-10 01:10:57,701 - httpx - INFO - HTTP Request: POST https://api.telegram.org/bot8942164862:AAEGbX-FW5J1ymTcNQQalAv8C6ak4UyB_q8/getUpdates "HTTP/1.1 200 OK"
2026-09-10 01:11:07,808 - httpx - INFO - HTTP Request: POST https://api.telegram.org/bot8942164862:AAEGbX-FW5J1ymTcNQQalAv8C6ak4UyB_q8/getUpdates "HTTP/1.1 200 OK"
2026-09-10 01:11:17,907 - httpx - INFO - HTTP Request: POST https://api.telegram.org/bot8942164862:AAEGbX-FW5J1ymTcNQQalAv8C6ak4UyB_q8/getUpdates "HTTP/1.1 200 OK"
2026-09-10 01:11:28,029 - httpx - INFO - HTTP Request: POST https://api.telegram.org/bot8942164862:AAEGbX-FW5J1ymTcNQQalAv8C6ak4UyB_q8/getUpdates "HTTP/1.1 200 OK"
2026-09-10 01:11:38,150 - httpx - INFO - HTTP Request: POST https://api.telegram.org/bot8942164862:AAEGbX-FW5J1ymTcNQQalAv8C6ak4UyB_q8/getUpdates "HTTP/1.1 200 OK"
2026-09-10 01:11:48,249 - httpx - INFO - HTTP Request: POST https://api.telegram.org/bot8942164862:AAEGbX-FW5J1ymTcNQQalAv8C6ak4UyB_q8/getUpdates "HTTP/1.1 200 OK"
2026-09-10 01:11:58,425 - httpx - INFO - HTTP Request: POST https://api.telegram.org/bot8942164862:AAEGbX-FW5J1ymTcNQQalAv8C6ak4UyB_q8/getUpdates "HTTP/1.1 200 OK"
2026-09-10 01:12:08,563 - httpx - INFO - HTTP Request: POST https://api.telegram.org/bot8942164862:AAEGbX-FW5J1ymTcNQQalAv8C6ak4UyB_q8/getUpdates "HTTP/1.1 200 OK"
2026-09-10 01:12:18,663 - httpx - INFO - HTTP Request: POST https://api.telegram.org/bot8942164862:AAEGbX-FW5J1ymTcNQQalAv8C6ak4UyB_q8/getUpdates "HTTP/1.1 200 OK"
2026-09-10 01:12:28,770 - httpx - INFO - HTTP Request: POST https://api.telegram.org/bot8942164862:AAEGbX-FW5J1ymTcNQQalAv8C6ak4UyB_q8/getUpdates "HTTP/1.1 200 OK"
2026-09-10 01:12:38,976 - httpx - INFO - HTTP Request: POST https://api.telegram.org/bot8942164862:AAEGbX-FW5J1ymTcNQQalAv8C6ak4UyB_q8/getUpdates "HTTP/1.1 200 OK"
2026-09-10 01:12:49,083 - httpx - INFO - HTTP Request: POST https://api.telegram.org/bot8942164862:AAEGbX-FW5J1ymTcNQQalAv8C6ak4UyB_q8/getUpdates "HTTP/1.1 200 OK"
2026-09-10 01:12:59,252 - httpx - INFO - HTTP Request: POST https://api.telegram.org/bot8942164862:AAEGbX-FW5J1ymTcNQQalAv8C6ak4UyB_q8/getUpdates "HTTP/1.1 200 OK"
2026-09-10 01:13:09,366 - httpx - INFO - HTTP Request: POST https://api.telegram.org/bot8942164862:AAEGbX-FW5J1ymTcNQQalAv8C6ak4UyB_q8/getUpdates "HTTP/1.1 200 OK"
2026-09-10 01:13:19,527 - httpx - INFO - HTTP Request: POST https://api.telegram.org/bot8942164862:AAEGbX-FW5J1ymTcNQQalAv8C6ak4UyB_q8/getUpdates "HTTP/1.1 200 OK"
2026-09-10 01:13:29,665 - httpx - INFO - HTTP Request: POST https://api.telegram.org/bot8942164862:AAEGbX-FW5J1ymTcNQQalAv8C6ak4UyB_q8/getUpdates "HTTP/1.1 200 OK"
2026-09-10 01:13:39,766 - httpx - INFO - HTTP Request: POST https://api.telegram.org/bot8942164862:AAEGbX-FW5J1ymTcNQQalAv8C6ak4UyB_q8/getUpdates "HTTP/1.1 200 OK"
2026-09-10 01:13:49,866 - httpx - INFO - HTTP Request: POST https://api.telegram.org/bot8942164862:AAEGbX-FW5J1ymTcNQQalAv8C6ak4UyB_q8/getUpdates "HTTP/1.1 200 OK"
2026-09-10 01:14:00,082 - httpx - INFO - HTTP Request: POST https://api.telegram.org/bot8942164862:AAEGbX-FW5J1ymTcNQQalAv8C6ak4UyB_q8/getUpdates "HTTP/1.1 200 OK"
2026-09-10 01:14:10,215 - httpx - INFO - HTTP Request: POST https://api.telegram.org/bot8942164862:AAEGbX-FW5J1ymTcNQQalAv8C6ak4UyB_q8/getUpdates "HTTP/1.1 200 OK"
2026-09-10 01:14:20,352 - httpx - INFO - HTTP Request: POST https://api.telegram.org/bot8942164862:AAEGbX-FW5J1ymTcNQQalAv8C6ak4UyB_q8/getUpdates "HTTP/1.1 200 OK"
2026-09-10 01:14:30,490 - httpx - INFO - HTTP Request: POST https://api.telegram.org/bot8942164862:AAEGbX-FW5J1ymTcNQQalAv8C6ak4UyB_q8/getUpdates "HTTP/1.1 200 OK"
2026-09-10 01:14:40,597 - httpx - INFO - HTTP Request: POST https://api.telegram.org/bot8942164862:AAEGbX-FW5J1ymTcNQQalAv8C6ak4UyB_q8/getUpdates "HTTP/1.1 200 OK"
2026-09-10 01:14:50,765 - httpx - INFO - HTTP Request: POST https://api.telegram.org/bot8942164862:AAEGbX-FW5J1ymTcNQQalAv8C6ak4UyB_q8/getUpdates "HTTP/1.1 200 OK"
2026-09-10 01:15:00,873 - httpx - INFO - HTTP Request: POST https://api.telegram.org/bot8942164862:AAEGbX-FW5J1ymTcNQQalAv8C6ak4UyB_q8/getUpdates "HTTP/1.1 200 OK"
2026-09-10 01:15:11,045 - httpx - INFO - HTTP Request: POST https://api.telegram.org/bot8942164862:AAEGbX-FW5J1ymTcNQQalAv8C6ak4UyB_q8/getUpdates "HTTP/1.1 200 OK"
2026-09-10 01:15:21,188 - httpx - INFO - HTTP Request: POST https://api.telegram.org/bot8942164862:AAEGbX-FW5J1ymTcNQQalAv8C6ak4UyB_q8/getUpdates "HTTP/1.1 200 OK"
2026-09-10 01:15:31,317 - httpx - INFO - HTTP Request: POST https://api.telegram.org/bot8942164862:AAEGbX-FW5J1ymTcNQQalAv8C6ak4UyB_q8/getUpdates "HTTP/1.1 200 OK"
2026-09-10 01:15:41,417 - httpx - INFO - HTTP Request: POST https://api.telegram.org/bot8942164862:AAEGbX-FW5J1ymTcNQQalAv8C6ak4UyB_q8/getUpdates "HTTP/1.1 200 OK"
2026-09-10 01:15:51,515 - httpx - INFO - HTTP Request: POST https://api.telegram.org/bot8942164862:AAEGbX-FW5J1ymTcNQQalAv8C6ak4UyB_q8/getUpdates "HTTP/1.1 200 OK"
2026-09-10 01:16:01,640 - httpx - INFO - HTTP Request: POST https://api.telegram.org/bot8942164862:AAEGbX-FW5J1ymTcNQQalAv8C6ak4UyB_q8/getUpdates "HTTP/1.1 200 OK"
2026-09-10 01:16:11,764 - httpx - INFO - HTTP Request: POST https://api.telegram.org/bot8942164862:AAEGbX-FW5J1ymTcNQQalAv8C6ak4UyB_q8/getUpdates "HTTP/1.1 200 OK"
2026-09-10 01:16:21,880 - httpx - INFO - HTTP Request: POST https://api.telegram.org/bot8942164862:AAEGbX-FW5J1ymTcNQQalAv8C6ak4UyB_q8/getUpdates "HTTP/1.1 200 OK"
2026-09-10 01:16:32,039 - httpx - INFO - HTTP Request: POST https://api.telegram.org/bot8942164862:AAEGbX-FW5J1ymTcNQQalAv8C6ak4UyB_q8/getUpdates "HTTP/1.1 200 OK"
2026-09-10 01:16:42,177 - httpx - INFO - HTTP Request: POST https://api.telegram.org/bot8942164862:AAEGbX-FW5J1ymTcNQQalAv8C6ak4UyB_q8/getUpdates "HTTP/1.1 200 OK"
2026-09-10 01:16:52,315 - httpx - INFO - HTTP Request: POST https://api.telegram.org/bot8942164862:AAEGbX-FW5J1ymTcNQQalAv8C6ak4UyB_q8/getUpdates "HTTP/1.1 200 OK"
2026-09-10 01:17:02,447 - httpx - INFO - HTTP Request: POST https://api.telegram.org/bot8942164862:AAEGbX-FW5J1ymTcNQQalAv8C6ak4UyB_q8/getUpdates "HTTP/1.1 200 OK"
2026-09-10 01:17:12,595 - httpx - INFO - HTTP Request: POST https://api.telegram.org/bot8942164862:AAEGbX-FW5J1ymTcNQQalAv8C6ak4UyB_q8/getUpdates "HTTP/1.1 200 OK"
2026-09-10 01:17:22,728 - httpx - INFO - HTTP Request: POST https://api.telegram.org/bot8942164862:AAEGbX-FW5J1ymTcNQQalAv8C6ak4UyB_q8/getUpdates "HTTP/1.1 200 OK"
2026-09-10 01:17:32,834 - httpx - INFO - HTTP Request: POST https://api.telegram.org/bot8942164862:AAEGbX-FW5J1ymTcNQQalAv8C6ak4UyB_q8/getUpdates "HTTP/1.1 200 OK"
2026-09-10 01:17:43,003 - httpx - INFO - HTTP Request: POST https://api.telegram.org/bot8942164862:AAEGbX-FW5J1ymTcNQQalAv8C6ak4UyB_q8/getUpdates "HTTP/1.1 200 OK"
2026-09-10 01:17:53,146 - httpx - INFO - HTTP Request: POST https://api.telegram.org/bot8942164862:AAEGbX-FW5J1ymTcNQQalAv8C6ak4UyB_q8/getUpdates "HTTP/1.1 200 OK"
2026-09-10 01:18:03,278 - httpx - INFO - HTTP Request: POST https://api.telegram.org/bot8942164862:AAEGbX-FW5J1ymTcNQQalAv8C6ak4UyB_q8/getUpdates "HTTP/1.1 200 OK"
2026-09-10 01:18:13,416 - httpx - INFO - HTTP Request: POST https://api.telegram.org/bot8942164862:AAEGbX-FW5J1ymTcNQQalAv8C6ak4UyB_q8/getUpdates "HTTP/1.1 200 OK"
2026-09-10 01:18:23,527 - httpx - INFO - HTTP Request: POST https://api.telegram.org/bot8942164862:AAEGbX-FW5J1ymTcNQQalAv8C6ak4UyB_q8/getUpdates "HTTP/1.1 200 OK"
2026-09-10 01:18:33,626 - httpx - INFO - HTTP Request: POST https://api.telegram.org/bot8942164862:AAEGbX-FW5J1ymTcNQQalAv8C6ak4UyB_q8/getUpdates "HTTP/1.1 200 OK"
2026-09-10 01:18:43,727 - httpx - INFO - HTTP Request: POST https://api.telegram.org/bot8942164862:AAEGbX-FW5J1ymTcNQQalAv8C6ak4UyB_q8/getUpdates "HTTP/1.1 200 OK"
2026-09-10 01:18:53,834 - httpx - INFO - HTTP Request: POST https://api.telegram.org/bot8942164862:AAEGbX-FW5J1ymTcNQQalAv8C6ak4UyB_q8/getUpdates "HTTP/1.1 200 OK"
2026-09-10 01:19:03,995 - httpx - INFO - HTTP Request: POST https://api.telegram.org/bot8942164862:AAEGbX-FW5J1ymTcNQQalAv8C6ak4UyB_q8/getUpdates "HTTP/1.1 200 OK"
2026-09-10 01:19:14,095 - httpx - INFO - HTTP Request: POST https://api.telegram.org/bot8942164862:AAEGbX-FW5J1ymTcNQQalAv8C6ak4UyB_q8/getUpdates "HTTP/1.1 200 OK"
2026-09-10 01:19:24,199 - httpx - INFO - HTTP Request: POST https://api.telegram.org/bot8942164862:AAEGbX-FW5J1ymTcNQQalAv8C6ak4UyB_q8/getUpdates "HTTP/1.1 200 OK"
2026-09-10 01:19:34,304 - httpx - INFO - HTTP Request: POST https://api.telegram.org/bot8942164862:AAEGbX-FW5J1ymTcNQQalAv8C6ak4UyB_q8/getUpdates "HTTP/1.1 200 OK"
2026-09-10 01:19:44,450 - httpx - INFO - HTTP Request: POST https://api.telegram.org/bot8942164862:AAEGbX-FW5J1ymTcNQQalAv8C6ak4UyB_q8/getUpdates "HTTP/1.1 200 OK"
2026-09-10 01:19:54,593 - httpx - INFO - HTTP Request: POST https://api.telegram.org/bot8942164862:AAEGbX-FW5J1ymTcNQQalAv8C6ak4UyB_q8/getUpdates "HTTP/1.1 200 OK"
2026-09-10 01:20:04,725 - httpx - INFO - HTTP Request: POST https://api.telegram.org/bot8942164862:AAEGbX-FW5J1ymTcNQQalAv8C6ak4UyB_q8/getUpdates "HTTP/1.1 200 OK"
2026-09-10 01:20:14,863 - httpx - INFO - HTTP Request: POST https://api.telegram.org/bot8942164862:AAEGbX-FW5J1ymTcNQQalAv8C6ak4UyB_q8/getUpdates "HTTP/1.1 200 OK"
2026-09-10 01:20:25,001 - httpx - INFO - HTTP Request: POST https://api.telegram.org/bot8942164862:AAEGbX-FW5J1ymTcNQQalAv8C6ak4UyB_q8/getUpdates "HTTP/1.1 200 OK"
2026-09-10 01:20:35,138 - httpx - INFO - HTTP Request: POST https://api.telegram.org/bot8942164862:AAEGbX-FW5J1ymTcNQQalAv8C6ak4UyB_q8/getUpdates "HTTP/1.1 200 OK"
2026-09-10 01:20:45,276 - httpx - INFO - HTTP Request: POST https://api.telegram.org/bot8942164862:AAEGbX-FW5J1ymTcNQQalAv8C6ak4UyB_q8/getUpdates "HTTP/1.1 200 OK"
2026-09-10 01:20:55,414 - httpx - INFO - HTTP Request: POST https://api.telegram.org/bot8942164862:AAEGbX-FW5J1ymTcNQQalAv8C6ak4UyB_q8/getUpdates "HTTP/1.1 200 OK"
2026-09-10 01:21:05,551 - httpx - INFO - HTTP Request: POST https://api.telegram.org/bot8942164862:AAEGbX-FW5J1ymTcNQQalAv8C6ak4UyB_q8/getUpdates "HTTP/1.1 200 OK"
2026-09-10 01:21:15,689 - httpx - INFO - HTTP Request: POST https://api.telegram.org/bot8942164862:AAEGbX-FW5J1ymTcNQQalAv8C6ak4UyB_q8/getUpdates "HTTP/1.1 200 OK"
2026-09-10 01:21:25,788 - httpx - INFO - HTTP Request: POST https://api.telegram.org/bot8942164862:AAEGbX-FW5J1ymTcNQQalAv8C6ak4UyB_q8/getUpdates "HTTP/1.1 200 OK"
2026-09-10 01:21:35,887 - httpx - INFO - HTTP Request: POST https://api.telegram.org/bot8942164862:AAEGbX-FW5J1ymTcNQQalAv8C6ak4UyB_q8/getUpdates "HTTP/1.1 200 OK"
2026-09-10 01:21:45,989 - httpx - INFO - HTTP Request: POST https://api.telegram.org/bot8942164862:AAEGbX-FW5J1ymTcNQQalAv8C6ak4UyB_q8/getUpdates "HTTP/1.1 200 OK"
2026-09-10 01:21:56,137 - httpx - INFO - HTTP Request: POST https://api.telegram.org/bot8942164862:AAEGbX-FW5J1ymTcNQQalAv8C6ak4UyB_q8/getUpdates "HTTP/1.1 200 OK"
2026-09-10 01:22:06,275 - httpx - INFO - HTTP Request: POST https://api.telegram.org/bot8942164862:AAEGbX-FW5J1ymTcNQQalAv8C6ak4UyB_q8/getUpdates "HTTP/1.1 200 OK"
2026-09-10 01:22:16,374 - httpx - INFO - HTTP Request: POST https://api.telegram.org/bot8942164862:AAEGbX-FW5J1ymTcNQQalAv8C6ak4UyB_q8/getUpdates "HTTP/1.1 200 OK"
2026-09-10 01:22:26,550 - httpx - INFO - HTTP Request: POST https://api.telegram.org/bot8942164862:AAEGbX-FW5J1ymTcNQQalAv8C6ak4UyB_q8/getUpdates "HTTP/1.1 200 OK"
2026-09-10 01:22:36,650 - httpx - INFO - HTTP Request: POST https://api.telegram.org/bot8942164862:AAEGbX-FW5J1ymTcNQQalAv8C6ak4UyB_q8/getUpdates "HTTP/1.1 200 OK"
2026-09-10 01:22:46,754 - httpx - INFO - HTTP Request: POST https://api.telegram.org/bot8942164862:AAEGbX-FW5J1ymTcNQQalAv8C6ak4UyB_q8/getUpdates "HTTP/1.1 200 OK"
2026-09-10 01:22:56,952 - httpx - INFO - HTTP Request: POST https://api.telegram.org/bot8942164862:AAEGbX-FW5J1ymTcNQQalAv8C6ak4UyB_q8/getUpdates "HTTP/1.1 200 OK"
2026-09-10 01:23:07,053 - httpx - INFO - HTTP Request: POST https://api.telegram.org/bot8942164862:AAEGbX-FW5J1ymTcNQQalAv8C6ak4UyB_q8/getUpdates "HTTP/1.1 200 OK"
2026-09-10 01:23:17,157 - httpx - INFO - HTTP Request: POST https://api.telegram.org/bot8942164862:AAEGbX-FW5J1ymTcNQQalAv8C6ak4UyB_q8/getUpdates "HTTP/1.1 200 OK"
2026-09-10 01:23:27,265 - httpx - INFO - HTTP Request: POST https://api.telegram.org/bot8942164862:AAEGbX-FW5J1ymTcNQQalAv8C6ak4UyB_q8/getUpdates "HTTP/1.1 200 OK"
2026-09-10 01:23:37,412 - httpx - INFO - HTTP Request: POST https://api.telegram.org/bot8942164862:AAEGbX-FW5J1ymTcNQQalAv8C6ak4UyB_q8/getUpdates "HTTP/1.1 200 OK"
2026-09-10 01:23:47,549 - httpx - INFO - HTTP Request: POST https://api.telegram.org/bot8942164862:AAEGbX-FW5J1ymTcNQQalAv8C6ak4UyB_q8/getUpdates "HTTP/1.1 200 OK"
2026-09-10 01:23:57,687 - httpx - INFO - HTTP Request: POST https://api.telegram.org/bot8942164862:AAEGbX-FW5J1ymTcNQQalAv8C6ak4UyB_q8/getUpdates "HTTP/1.1 200 OK"
2026-09-10 01:24:07,824 - httpx - INFO - HTTP Request: POST https://api.telegram.org/bot8942164862:AAEGbX-FW5J1ymTcNQQalAv8C6ak4UyB_q8/getUpdates "HTTP/1.1 200 OK"
2026-09-10 01:24:17,962 - httpx - INFO - HTTP Request: POST https://api.telegram.org/bot8942164862:AAEGbX-FW5J1ymTcNQQalAv8C6ak4UyB_q8/getUpdates "HTTP/1.1 200 OK"
2026-09-10 01:24:28,100 - httpx - INFO - HTTP Request: POST https://api.telegram.org/bot8942164862:AAEGbX-FW5J1ymTcNQQalAv8C6ak4UyB_q8/getUpdates "HTTP/1.1 200 OK"
2026-09-10 01:24:38,258 - httpx - INFO - HTTP Request: POST https://api.telegram.org/bot8942164862:AAEGbX-FW5J1ymTcNQQalAv8C6ak4UyB_q8/getUpdates "HTTP/1.1 200 OK"
2026-09-10 01:24:48,375 - httpx - INFO - HTTP Request: POST https://api.telegram.org/bot8942164862:AAEGbX-FW5J1ymTcNQQalAv8C6ak4UyB_q8/getUpdates "HTTP/1.1 200 OK"
2026-09-10 01:24:58,477 - httpx - INFO - HTTP Request: POST https://api.telegram.org/bot8942164862:AAEGbX-FW5J1ymTcNQQalAv8C6ak4UyB_q8/getUpdates "HTTP/1.1 200 OK"
2026-09-10 01:25:08,579 - httpx - INFO - HTTP Request: POST https://api.telegram.org/bot8942164862:AAEGbX-FW5J1ymTcNQQalAv8C6ak4UyB_q8/getUpdates "HTTP/1.1 200 OK"
2026-09-10 01:25:18,685 - httpx - INFO - HTTP Request: POST https://api.telegram.org/bot8942164862:AAEGbX-FW5J1ymTcNQQalAv8C6ak4UyB_q8/getUpdates "HTTP/1.1 200 OK"
2026-09-10 01:25:28,824 - httpx - INFO - HTTP Request: POST https://api.telegram.org/bot8942164862:AAEGbX-FW5J1ymTcNQQalAv8C6ak4UyB_q8/getUpdates "HTTP/1.1 200 OK"
2026-09-10 01:25:38,961 - httpx - INFO - HTTP Request: POST https://api.telegram.org/bot8942164862:AAEGbX-FW5J1ymTcNQQalAv8C6ak4UyB_q8/getUpdates "HTTP/1.1 200 OK"
2026-09-10 01:25:49,128 - httpx - INFO - HTTP Request: POST https://api.telegram.org/bot8942164862:AAEGbX-FW5J1ymTcNQQalAv8C6ak4UyB_q8/getUpdates "HTTP/1.1 200 OK"
2026-09-10 01:25:59,232 - httpx - INFO - HTTP Request: POST https://api.telegram.org/bot8942164862:AAEGbX-FW5J1ymTcNQQalAv8C6ak4UyB_q8/getUpdates "HTTP/1.1 200 OK"
2026-09-10 01:26:09,381 - httpx - INFO - HTTP Request: POST https://api.telegram.org/bot8942164862:AAEGbX-FW5J1ymTcNQQalAv8C6ak4UyB_q8/getUpdates "HTTP/1.1 200 OK"
2026-09-10 01:26:19,614 - httpx - INFO - HTTP Request: POST https://api.telegram.org/bot8942164862:AAEGbX-FW5J1ymTcNQQalAv8C6ak4UyB_q8/getUpdates "HTTP/1.1 200 OK"
2026-09-10 01:26:29,717 - httpx - INFO - HTTP Request: POST https://api.telegram.org/bot8942164862:AAEGbX-FW5J1ymTcNQQalAv8C6ak4UyB_q8/getUpdates "HTTP/1.1 200 OK"
2026-09-10 01:26:39,819 - httpx - INFO - HTTP Request: POST https://api.telegram.org/bot8942164862:AAEGbX-FW5J1ymTcNQQalAv8C6ak4UyB_q8/getUpdates "HTTP/1.1 200 OK"
2026-09-10 01:26:49,917 - httpx - INFO - HTTP Request: POST https://api.telegram.org/bot8942164862:AAEGbX-FW5J1ymTcNQQalAv8C6ak4UyB_q8/getUpdates "HTTP/1.1 200 OK"
2026-09-10 01:27:00,020 - httpx - INFO - HTTP Request: POST https://api.telegram.org/bot8942164862:AAEGbX-FW5J1ymTcNQQalAv8C6ak4UyB_q8/getUpdates "HTTP/1.1 200 OK"
2026-09-10 01:27:10,118 - httpx - INFO - HTTP Request: POST https://api.telegram.org/bot8942164862:AAEGbX-FW5J1ymTcNQQalAv8C6ak4UyB_q8/getUpdates "HTTP/1.1 200 OK"
2026-09-10 01:27:20,235 - httpx - INFO - HTTP Request: POST https://api.telegram.org/bot8942164862:AAEGbX-FW5J1ymTcNQQalAv8C6ak4UyB_q8/getUpdates "HTTP/1.1 200 OK"
2026-09-10 01:27:30,373 - httpx - INFO - HTTP Request: POST https://api.telegram.org/bot8942164862:AAEGbX-FW5J1ymTcNQQalAv8C6ak4UyB_q8/getUpdates "HTTP/1.1 200 OK"
2026-09-10 01:27:40,511 - httpx - INFO - HTTP Request: POST https://api.telegram.org/bot8942164862:AAEGbX-FW5J1ymTcNQQalAv8C6ak4UyB_q8/getUpdates "HTTP/1.1 200 OK"
2026-09-10 01:27:50,648 - httpx - INFO - HTTP Request: POST https://api.telegram.org/bot8942164862:AAEGbX-FW5J1ymTcNQQalAv8C6ak4UyB_q8/getUpdates "HTTP/1.1 200 OK"
2026-09-10 01:28:00,786 - httpx - INFO - HTTP Request: POST https://api.telegram.org/bot8942164862:AAEGbX-FW5J1ymTcNQQalAv8C6ak4UyB_q8/getUpdates "HTTP/1.1 200 OK"
2026-09-10 01:28:10,924 - httpx - INFO - HTTP Request: POST https://api.telegram.org/bot8942164862:AAEGbX-FW5J1ymTcNQQalAv8C6ak4UyB_q8/getUpdates "HTTP/1.1 200 OK"
2026-09-10 01:28:21,061 - httpx - INFO - HTTP Request: POST https://api.telegram.org/bot8942164862:AAEGbX-FW5J1ymTcNQQalAv8C6ak4UyB_q8/getUpdates "HTTP/1.1 200 OK"
2026-09-10 01:28:31,163 - httpx - INFO - HTTP Request: POST https://api.telegram.org/bot8942164862:AAEGbX-FW5J1ymTcNQQalAv8C6ak4UyB_q8/getUpdates "HTTP/1.1 200 OK"
2026-09-10 01:28:41,266 - httpx - INFO - HTTP Request: POST https://api.telegram.org/bot8942164862:AAEGbX-FW5J1ymTcNQQalAv8C6ak4UyB_q8/getUpdates "HTTP/1.1 200 OK"
2026-09-10 01:28:51,474 - httpx - INFO - HTTP Request: POST https://api.telegram.org/bot8942164862:AAEGbX-FW5J1ymTcNQQalAv8C6ak4UyB_q8/getUpdates "HTTP/1.1 200 OK"
2026-09-10 01:29:01,612 - httpx - INFO - HTTP Request: POST https://api.telegram.org/bot8942164862:AAEGbX-FW5J1ymTcNQQalAv8C6ak4UyB_q8/getUpdates "HTTP/1.1 200 OK"
2026-09-10 01:29:11,750 - httpx - INFO - HTTP Request: POST https://api.telegram.org/bot8942164862:AAEGbX-FW5J1ymTcNQQalAv8C6ak4UyB_q8/getUpdates "HTTP/1.1 200 OK"
2026-09-10 01:29:21,887 - httpx - INFO - HTTP Request: POST https://api.telegram.org/bot8942164862:AAEGbX-FW5J1ymTcNQQalAv8C6ak4UyB_q8/getUpdates "HTTP/1.1 200 OK"
2026-09-10 01:29:32,025 - httpx - INFO - HTTP Request: POST https://api.telegram.org/bot8942164862:AAEGbX-FW5J1ymTcNQQalAv8C6ak4UyB_q8/getUpdates "HTTP/1.1 200 OK"
2026-09-10 01:29:42,123 - httpx - INFO - HTTP Request: POST https://api.telegram.org/bot8942164862:AAEGbX-FW5J1ymTcNQQalAv8C6ak4UyB_q8/getUpdates "HTTP/1.1 200 OK"
2026-09-10 01:29:52,299 - httpx - INFO - HTTP Request: POST https://api.telegram.org/bot8942164862:AAEGbX-FW5J1ymTcNQQalAv8C6ak4UyB_q8/getUpdates "HTTP/1.1 200 OK"
2026-09-10 01:30:02,398 - httpx - INFO - HTTP Request: POST https://api.telegram.org/bot8942164862:AAEGbX-FW5J1ymTcNQQalAv8C6ak4UyB_q8/getUpdates "HTTP/1.1 200 OK"
2026-09-10 01:30:12,529 - httpx - INFO - HTTP Request: POST https://api.telegram.org/bot8942164862:AAEGbX-FW5J1ymTcNQQalAv8C6ak4UyB_q8/getUpdates "HTTP/1.1 200 OK"
2026-09-10 01:30:22,713 - httpx - INFO - HTTP Request: POST https://api.telegram.org/bot8942164862:AAEGbX-FW5J1ymTcNQQalAv8C6ak4UyB_q8/getUpdates "HTTP/1.1 200 OK"
2026-09-10 01:30:32,851 - httpx - INFO - HTTP Request: POST https://api.telegram.org/bot8942164862:AAEGbX-FW5J1ymTcNQQalAv8C6ak4UyB_q8/getUpdates "HTTP/1.1 200 OK"
2026-09-10 01:30:42,988 - httpx - INFO - HTTP Request: POST https://api.telegram.org/bot8942164862:AAEGbX-FW5J1ymTcNQQalAv8C6ak4UyB_q8/getUpdates "HTTP/1.1 200 OK"
2026-09-10 01:30:53,086 - httpx - INFO - HTTP Request: POST https://api.telegram.org/bot8942164862:AAEGbX-FW5J1ymTcNQQalAv8C6ak4UyB_q8/getUpdates "HTTP/1.1 200 OK"
2026-09-10 01:31:03,266 - httpx - INFO - HTTP Request: POST https://api.telegram.org/bot8942164862:AAEGbX-FW5J1ymTcNQQalAv8C6ak4UyB_q8/getUpdates "HTTP/1.1 200 OK"
2026-09-10 01:31:13,412 - httpx - INFO - HTTP Request: POST https://api.telegram.org/bot8942164862:AAEGbX-FW5J1ymTcNQQalAv8C6ak4UyB_q8/getUpdates "HTTP/1.1 200 OK"
2026-09-10 01:31:23,921 - httpx - INFO - HTTP Request: POST https://api.telegram.org/bot8942164862:AAEGbX-FW5J1ymTcNQQalAv8C6ak4UyB_q8/getUpdates "HTTP/1.1 200 OK"
2026-09-10 01:31:34,086 - httpx - INFO - HTTP Request: POST https://api.telegram.org/bot8942164862:AAEGbX-FW5J1ymTcNQQalAv8C6ak4UyB_q8/getUpdates "HTTP/1.1 200 OK"
2026-09-10 01:31:44,224 - httpx - INFO - HTTP Request: POST https://api.telegram.org/bot8942164862:AAEGbX-FW5J1ymTcNQQalAv8C6ak4UyB_q8/getUpdates "HTTP/1.1 200 OK"
2026-09-10 01:31:54,362 - httpx - INFO - HTTP Request: POST https://api.telegram.org/bot8942164862:AAEGbX-FW5J1ymTcNQQalAv8C6ak4UyB_q8/getUpdates "HTTP/1.1 200 OK"
2026-09-10 01:32:04,458 - httpx - INFO - HTTP Request: POST https://api.telegram.org/bot8942164862:AAEGbX-FW5J1ymTcNQQalAv8C6ak4UyB_q8/getUpdates "HTTP/1.1 200 OK"
2026-09-10 01:32:14,560 - httpx - INFO - HTTP Request: POST https://api.telegram.org/bot8942164862:AAEGbX-FW5J1ymTcNQQalAv8C6ak4UyB_q8/getUpdates "HTTP/1.1 200 OK"
2026-09-10 01:32:24,660 - httpx - INFO - HTTP Request: POST https://api.telegram.org/bot8942164862:AAEGbX-FW5J1ymTcNQQalAv8C6ak4UyB_q8/getUpdates "HTTP/1.1 200 OK"
2026-09-10 01:32:34,757 - httpx - INFO - HTTP Request: POST https://api.telegram.org/bot8942164862:AAEGbX-FW5J1ymTcNQQalAv8C6ak4UyB_q8/getUpdates "HTTP/1.1 200 OK"
2026-09-10 01:32:44,947 - httpx - INFO - HTTP Request: POST https://api.telegram.org/bot8942164862:AAEGbX-FW5J1ymTcNQQalAv8C6ak4UyB_q8/getUpdates "HTTP/1.1 200 OK"
2026-09-10 01:32:55,048 - httpx - INFO - HTTP Request: POST https://api.telegram.org/bot8942164862:AAEGbX-FW5J1ymTcNQQalAv8C6ak4UyB_q8/getUpdates "HTTP/1.1 200 OK"
2026-09-10 01:33:05,145 - httpx - INFO - HTTP Request: POST https://api.telegram.org/bot8942164862:AAEGbX-FW5J1ymTcNQQalAv8C6ak4UyB_q8/getUpdates "HTTP/1.1 200 OK"
2026-09-10 01:33:15,258 - httpx - INFO - HTTP Request: POST https://api.telegram.org/bot8942164862:AAEGbX-FW5J1ymTcNQQalAv8C6ak4UyB_q8/getUpdates "HTTP/1.1 200 OK"
2026-09-10 01:33:25,396 - httpx - INFO - HTTP Request: POST https://api.telegram.org/bot8942164862:AAEGbX-FW5J1ymTcNQQalAv8C6ak4UyB_q8/getUpdates "HTTP/1.1 200 OK"
2026-09-10 01:33:35,534 - httpx - INFO - HTTP Request: POST https://api.telegram.org/bot8942164862:AAEGbX-FW5J1ymTcNQQalAv8C6ak4UyB_q8/getUpdates "HTTP/1.1 200 OK"
2026-09-10 01:33:45,672 - httpx - INFO - HTTP Request: POST https://api.telegram.org/bot8942164862:AAEGbX-FW5J1ymTcNQQalAv8C6ak4UyB_q8/getUpdates "HTTP/1.1 200 OK"
2026-09-10 01:33:55,809 - httpx - INFO - HTTP Request: POST https://api.telegram.org/bot8942164862:AAEGbX-FW5J1ymTcNQQalAv8C6ak4UyB_q8/getUpdates "HTTP/1.1 200 OK"
2026-09-10 01:34:05,947 - httpx - INFO - HTTP Request: POST https://api.telegram.org/bot8942164862:AAEGbX-FW5J1ymTcNQQalAv8C6ak4UyB_q8/getUpdates "HTTP/1.1 200 OK"
2026-09-10 01:34:16,084 - httpx - INFO - HTTP Request: POST https://api.telegram.org/bot8942164862:AAEGbX-FW5J1ymTcNQQalAv8C6ak4UyB_q8/getUpdates "HTTP/1.1 200 OK"
2026-09-10 01:34:26,185 - httpx - INFO - HTTP Request: POST https://api.telegram.org/bot8942164862:AAEGbX-FW5J1ymTcNQQalAv8C6ak4UyB_q8/getUpdates "HTTP/1.1 200 OK"
2026-09-10 01:34:36,281 - httpx - INFO - HTTP Request: POST https://api.telegram.org/bot8942164862:AAEGbX-FW5J1ymTcNQQalAv8C6ak4UyB_q8/getUpdates "HTTP/1.1 200 OK"
2026-09-10 01:34:46,395 - httpx - INFO - HTTP Request: POST https://api.telegram.org/bot8942164862:AAEGbX-FW5J1ymTcNQQalAv8C6ak4UyB_q8/getUpdates "HTTP/1.1 200 OK"
2026-09-10 01:34:56,494 - httpx - INFO - HTTP Request: POST https://api.telegram.org/bot8942164862:AAEGbX-FW5J1ymTcNQQalAv8C6ak4UyB_q8/getUpdates "HTTP/1.1 200 OK"
2026-09-10 01:35:06,670 - httpx - INFO - HTTP Request: POST https://api.telegram.org/bot8942164862:AAEGbX-FW5J1ymTcNQQalAv8C6ak4UyB_q8/getUpdates "HTTP/1.1 200 OK"
2026-09-10 01:35:16,866 - httpx - INFO - HTTP Request: POST https://api.telegram.org/bot8942164862:AAEGbX-FW5J1ymTcNQQalAv8C6ak4UyB_q8/getUpdates "HTTP/1.1 200 OK"
2026-09-10 01:35:27,048 - httpx - INFO - HTTP Request: POST https://api.telegram.org/bot8942164862:AAEGbX-FW5J1ymTcNQQalAv8C6ak4UyB_q8/getUpdates "HTTP/1.1 200 OK"
2026-09-10 01:35:37,187 - httpx - INFO - HTTP Request: POST https://api.telegram.org/bot8942164862:AAEGbX-FW5J1ymTcNQQalAv8C6ak4UyB_q8/getUpdates "HTTP/1.1 200 OK"
2026-09-10 01:35:47,282 - httpx - INFO - HTTP Request: POST https://api.telegram.org/bot8942164862:AAEGbX-FW5J1ymTcNQQalAv8C6ak4UyB_q8/getUpdates "HTTP/1.1 200 OK"
2026-09-10 01:35:57,391 - httpx - INFO - HTTP Request: POST https://api.telegram.org/bot8942164862:AAEGbX-FW5J1ymTcNQQalAv8C6ak4UyB_q8/getUpdates "HTTP/1.1 200 OK"
2026-09-10 01:36:07,490 - httpx - INFO - HTTP Request: POST https://api.telegram.org/bot8942164862:AAEGbX-FW5J1ymTcNQQalAv8C6ak4UyB_q8/getUpdates "HTTP/1.1 200 OK"
2026-09-10 01:36:17,586 - httpx - INFO - HTTP Request: POST https://api.telegram.org/bot8942164862:AAEGbX-FW5J1ymTcNQQalAv8C6ak4UyB_q8/getUpdates "HTTP/1.1 200 OK"
2026-09-10 01:36:27,684 - httpx - INFO - HTTP Request: POST https://api.telegram.org/bot8942164862:AAEGbX-FW5J1ymTcNQQalAv8C6ak4UyB_q8/getUpdates "HTTP/1.1 200 OK"
2026-09-10 01:36:37,807 - httpx - INFO - HTTP Request: POST https://api.telegram.org/bot8942164862:AAEGbX-FW5J1ymTcNQQalAv8C6ak4UyB_q8/getUpdates "HTTP/1.1 200 OK"
2026-09-10 01:36:47,944 - httpx - INFO - HTTP Request: POST https://api.telegram.org/bot8942164862:AAEGbX-FW5J1ymTcNQQalAv8C6ak4UyB_q8/getUpdates "HTTP/1.1 200 OK"
2026-09-10 01:36:58,082 - httpx - INFO - HTTP Request: POST https://api.telegram.org/bot8942164862:AAEGbX-FW5J1ymTcNQQalAv8C6ak4UyB_q8/getUpdates "HTTP/1.1 200 OK"
2026-09-10 01:37:08,183 - httpx - INFO - HTTP Request: POST https://api.telegram.org/bot8942164862:AAEGbX-FW5J1ymTcNQQalAv8C6ak4UyB_q8/getUpdates "HTTP/1.1 200 OK"
2026-09-10 01:37:18,279 - httpx - INFO - HTTP Request: POST https://api.telegram.org/bot8942164862:AAEGbX-FW5J1ymTcNQQalAv8C6ak4UyB_q8/getUpdates "HTTP/1.1 200 OK"
2026-09-10 01:37:28,374 - httpx - INFO - HTTP Request: POST https://api.telegram.org/bot8942164862:AAEGbX-FW5J1ymTcNQQalAv8C6ak4UyB_q8/getUpdates "HTTP/1.1 200 OK"
2026-09-10 01:37:38,472 - httpx - INFO - HTTP Request: POST https://api.telegram.org/bot8942164862:AAEGbX-FW5J1ymTcNQQalAv8C6ak4UyB_q8/getUpdates "HTTP/1.1 200 OK"
2026-09-10 01:37:48,570 - httpx - INFO - HTTP Request: POST https://api.telegram.org/bot8942164862:AAEGbX-FW5J1ymTcNQQalAv8C6ak4UyB_q8/getUpdates "HTTP/1.1 200 OK"
2026-09-10 01:37:58,703 - httpx - INFO - HTTP Request: POST https://api.telegram.org/bot8942164862:AAEGbX-FW5J1ymTcNQQalAv8C6ak4UyB_q8/getUpdates "HTTP/1.1 200 OK"
2026-09-10 01:38:08,841 - httpx - INFO - HTTP Request: POST https://api.telegram.org/bot8942164862:AAEGbX-FW5J1ymTcNQQalAv8C6ak4UyB_q8/getUpdates "HTTP/1.1 200 OK"
2026-09-10 01:38:18,978 - httpx - INFO - HTTP Request: POST https://api.telegram.org/bot8942164862:AAEGbX-FW5J1ymTcNQQalAv8C6ak4UyB_q8/getUpdates "HTTP/1.1 200 OK"
2026-09-10 01:38:29,116 - httpx - INFO - HTTP Request: POST https://api.telegram.org/bot8942164862:AAEGbX-FW5J1ymTcNQQalAv8C6ak4UyB_q8/getUpdates "HTTP/1.1 200 OK"
2026-09-10 01:38:39,254 - httpx - INFO - HTTP Request: POST https://api.telegram.org/bot8942164862:AAEGbX-FW5J1ymTcNQQalAv8C6ak4UyB_q8/getUpdates "HTTP/1.1 200 OK"
2026-09-10 01:38:49,392 - httpx - INFO - HTTP Request: POST https://api.telegram.org/bot8942164862:AAEGbX-FW5J1ymTcNQQalAv8C6ak4UyB_q8/getUpdates "HTTP/1.1 200 OK"
2026-09-10 01:38:59,529 - httpx - INFO - HTTP Request: POST https://api.telegram.org/bot8942164862:AAEGbX-FW5J1ymTcNQQalAv8C6ak4UyB_q8/getUpdates "HTTP/1.1 200 OK"
2026-09-10 01:39:09,667 - httpx - INFO - HTTP Request: POST https://api.telegram.org/bot8942164862:AAEGbX-FW5J1ymTcNQQalAv8C6ak4UyB_q8/getUpdates "HTTP/1.1 200 OK"
2026-09-10 01:39:19,804 - httpx - INFO - HTTP Request: POST https://api.telegram.org/bot8942164862:AAEGbX-FW5J1ymTcNQQalAv8C6ak4UyB_q8/getUpdates "HTTP/1.1 200 OK"
2026-09-10 01:39:29,904 - httpx - INFO - HTTP Request: POST https://api.telegram.org/bot8942164862:AAEGbX-FW5J1ymTcNQQalAv8C6ak4UyB_q8/getUpdates "HTTP/1.1 200 OK"
2026-09-10 01:39:40,000 - httpx - INFO - HTTP Request: POST https://api.telegram.org/bot8942164862:AAEGbX-FW5J1ymTcNQQalAv8C6ak4UyB_q8/getUpdates "HTTP/1.1 200 OK"
2026-09-10 01:39:50,103 - httpx - INFO - HTTP Request: POST https://api.telegram.org/bot8942164862:AAEGbX-FW5J1ymTcNQQalAv8C6ak4UyB_q8/getUpdates "HTTP/1.1 200 OK"
2026-09-10 01:40:00,253 - httpx - INFO - HTTP Request: POST https://api.telegram.org/bot8942164862:AAEGbX-FW5J1ymTcNQQalAv8C6ak4UyB_q8/getUpdates "HTTP/1.1 200 OK"
2026-09-10 01:40:10,350 - httpx - INFO - HTTP Request: POST https://api.telegram.org/bot8942164862:AAEGbX-FW5J1ymTcNQQalAv8C6ak4UyB_q8/getUpdates "HTTP/1.1 200 OK"
2026-09-10 01:40:20,447 - httpx - INFO - HTTP Request: POST https://api.telegram.org/bot8942164862:AAEGbX-FW5J1ymTcNQQalAv8C6ak4UyB_q8/getUpdates "HTTP/1.1 200 OK"
2026-09-10 01:40:30,563 - httpx - INFO - HTTP Request: POST https://api.telegram.org/bot8942164862:AAEGbX-FW5J1ymTcNQQalAv8C6ak4UyB_q8/getUpdates "HTTP/1.1 200 OK"
2026-09-10 01:40:40,660 - httpx - INFO - HTTP Request: POST https://api.telegram.org/bot8942164862:AAEGbX-FW5J1ymTcNQQalAv8C6ak4UyB_q8/getUpdates "HTTP/1.1 200 OK"
2026-09-10 01:40:50,839 - httpx - INFO - HTTP Request: POST https://api.telegram.org/bot8942164862:AAEGbX-FW5J1ymTcNQQalAv8C6ak4UyB_q8/getUpdates "HTTP/1.1 200 OK"
2026-09-10 01:41:00,976 - httpx - INFO - HTTP Request: POST https://api.telegram.org/bot8942164862:AAEGbX-FW5J1ymTcNQQalAv8C6ak4UyB_q8/getUpdates "HTTP/1.1 200 OK"
2026-09-10 01:41:11,079 - httpx - INFO - HTTP Request: POST https://api.telegram.org/bot8942164862:AAEGbX-FW5J1ymTcNQQalAv8C6ak4UyB_q8/getUpdates "HTTP/1.1 200 OK"
2026-09-10 01:41:21,252 - httpx - INFO - HTTP Request: POST https://api.telegram.org/bot8942164862:AAEGbX-FW5J1ymTcNQQalAv8C6ak4UyB_q8/getUpdates "HTTP/1.1 200 OK"
2026-09-10 01:41:31,350 - httpx - INFO - HTTP Request: POST https://api.telegram.org/bot8942164862:AAEGbX-FW5J1ymTcNQQalAv8C6ak4UyB_q8/getUpdates "HTTP/1.1 200 OK"
2026-09-10 01:41:41,447 - httpx - INFO - HTTP Request: POST https://api.telegram.org/bot8942164862:AAEGbX-FW5J1ymTcNQQalAv8C6ak4UyB_q8/getUpdates "HTTP/1.1 200 OK"
2026-09-10 01:41:51,562 - httpx - INFO - HTTP Request: POST https://api.telegram.org/bot8942164862:AAEGbX-FW5J1ymTcNQQalAv8C6ak4UyB_q8/getUpdates "HTTP/1.1 200 OK"
2026-09-10 01:42:01,659 - httpx - INFO - HTTP Request: POST https://api.telegram.org/bot8942164862:AAEGbX-FW5J1ymTcNQQalAv8C6ak4UyB_q8/getUpdates "HTTP/1.1 200 OK"
2026-09-10 01:42:11,756 - httpx - INFO - HTTP Request: POST https://api.telegram.org/bot8942164862:AAEGbX-FW5J1ymTcNQQalAv8C6ak4UyB_q8/getUpdates "HTTP/1.1 200 OK"
2026-09-10 01:42:21,857 - httpx - INFO - HTTP Request: POST https://api.telegram.org/bot8942164862:AAEGbX-FW5J1ymTcNQQalAv8C6ak4UyB_q8/getUpdates "HTTP/1.1 200 OK"
2026-09-10 01:42:32,114 - httpx - INFO - HTTP Request: POST https://api.telegram.org/bot8942164862:AAEGbX-FW5J1ymTcNQQalAv8C6ak4UyB_q8/getUpdates "HTTP/1.1 200 OK"
2026-09-10 01:42:42,213 - httpx - INFO - HTTP Request: POST https://api.telegram.org/bot8942164862:AAEGbX-FW5J1ymTcNQQalAv8C6ak4UyB_q8/getUpdates "HTTP/1.1 200 OK"
2026-09-10 01:42:52,312 - httpx - INFO - HTTP Request: POST https://api.telegram.org/bot8942164862:AAEGbX-FW5J1ymTcNQQalAv8C6ak4UyB_q8/getUpdates "HTTP/1.1 200 OK"
2026-09-10 01:43:02,424 - httpx - INFO - HTTP Request: POST https://api.telegram.org/bot8942164862:AAEGbX-FW5J1ymTcNQQalAv8C6ak4UyB_q8/getUpdates "HTTP/1.1 200 OK"
2026-09-10 01:43:12,526 - httpx - INFO - HTTP Request: POST https://api.telegram.org/bot8942164862:AAEGbX-FW5J1ymTcNQQalAv8C6ak4UyB_q8/getUpdates "HTTP/1.1 200 OK"
2026-09-10 01:43:22,699 - httpx - INFO - HTTP Request: POST https://api.telegram.org/bot8942164862:AAEGbX-FW5J1ymTcNQQalAv8C6ak4UyB_q8/getUpdates "HTTP/1.1 200 OK"
2026-09-10 01:43:32,836 - httpx - INFO - HTTP Request: POST https://api.telegram.org/bot8942164862:AAEGbX-FW5J1ymTcNQQalAv8C6ak4UyB_q8/getUpdates "HTTP/1.1 200 OK"
2026-09-10 01:43:42,974 - httpx - INFO - HTTP Request: POST https://api.telegram.org/bot8942164862:AAEGbX-FW5J1ymTcNQQalAv8C6ak4UyB_q8/getUpdates "HTTP/1.1 200 OK"
2026-09-10 01:43:53,077 - httpx - INFO - HTTP Request: POST https://api.telegram.org/bot8942164862:AAEGbX-FW5J1ymTcNQQalAv8C6ak4UyB_q8/getUpdates "HTTP/1.1 200 OK"
2026-09-10 01:44:03,250 - httpx - INFO - HTTP Request: POST https://api.telegram.org/bot8942164862:AAEGbX-FW5J1ymTcNQQalAv8C6ak4UyB_q8/getUpdates "HTTP/1.1 200 OK"
2026-09-10 01:44:13,387 - httpx - INFO - HTTP Request: POST https://api.telegram.org/bot8942164862:AAEGbX-FW5J1ymTcNQQalAv8C6ak4UyB_q8/getUpdates "HTTP/1.1 200 OK"
2026-09-10 01:44:23,525 - httpx - INFO - HTTP Request: POST https://api.telegram.org/bot8942164862:AAEGbX-FW5J1ymTcNQQalAv8C6ak4UyB_q8/getUpdates "HTTP/1.1 200 OK"
2026-09-10 01:44:33,663 - httpx - INFO - HTTP Request: POST https://api.telegram.org/bot8942164862:AAEGbX-FW5J1ymTcNQQalAv8C6ak4UyB_q8/getUpdates "HTTP/1.1 200 OK"
2026-09-10 01:44:43,800 - httpx - INFO - HTTP Request: POST https://api.telegram.org/bot8942164862:AAEGbX-FW5J1ymTcNQQalAv8C6ak4UyB_q8/getUpdates "HTTP/1.1 200 OK"
2026-09-10 01:44:53,896 - httpx - INFO - HTTP Request: POST https://api.telegram.org/bot8942164862:AAEGbX-FW5J1ymTcNQQalAv8C6ak4UyB_q8/getUpdates "HTTP/1.1 200 OK"
2026-09-10 01:45:04,076 - httpx - INFO - HTTP Request: POST https://api.telegram.org/bot8942164862:AAEGbX-FW5J1ymTcNQQalAv8C6ak4UyB_q8/getUpdates "HTTP/1.1 200 OK"
2026-09-10 01:45:14,214 - httpx - INFO - HTTP Request: POST https://api.telegram.org/bot8942164862:AAEGbX-FW5J1ymTcNQQalAv8C6ak4UyB_q8/getUpdates "HTTP/1.1 200 OK"
2026-09-10 01:45:24,313 - httpx - INFO - HTTP Request: POST https://api.telegram.org/bot8942164862:AAEGbX-FW5J1ymTcNQQalAv8C6ak4UyB_q8/getUpdates "HTTP/1.1 200 OK"
2026-09-10 01:45:34,408 - httpx - INFO - HTTP Request: POST https://api.telegram.org/bot8942164862:AAEGbX-FW5J1ymTcNQQalAv8C6ak4UyB_q8/getUpdates "HTTP/1.1 200 OK"
2026-09-10 01:45:44,525 - httpx - INFO - HTTP Request: POST https://api.telegram.org/bot8942164862:AAEGbX-FW5J1ymTcNQQalAv8C6ak4UyB_q8/getUpdates "HTTP/1.1 200 OK"
2026-09-10 01:45:54,661 - httpx - INFO - HTTP Request: POST https://api.telegram.org/bot8942164862:AAEGbX-FW5J1ymTcNQQalAv8C6ak4UyB_q8/getUpdates "HTTP/1.1 200 OK"
2026-09-10 01:46:04,799 - httpx - INFO - HTTP Request: POST https://api.telegram.org/bot8942164862:AAEGbX-FW5J1ymTcNQQalAv8C6ak4UyB_q8/getUpdates "HTTP/1.1 200 OK"
2026-09-10 01:46:14,897 - httpx - INFO - HTTP Request: POST https://api.telegram.org/bot8942164862:AAEGbX-FW5J1ymTcNQQalAv8C6ak4UyB_q8/getUpdates "HTTP/1.1 200 OK"
2026-09-10 01:46:24,994 - httpx - INFO - HTTP Request: POST https://api.telegram.org/bot8942164862:AAEGbX-FW5J1ymTcNQQalAv8C6ak4UyB_q8/getUpdates "HTTP/1.1 200 OK"
2026-09-10 01:46:35,090 - httpx - INFO - HTTP Request: POST https://api.telegram.org/bot8942164862:AAEGbX-FW5J1ymTcNQQalAv8C6ak4UyB_q8/getUpdates "HTTP/1.1 200 OK"
2026-09-10 01:46:45,188 - httpx - INFO - HTTP Request: POST https://api.telegram.org/bot8942164862:AAEGbX-FW5J1ymTcNQQalAv8C6ak4UyB_q8/getUpdates "HTTP/1.1 200 OK"
2026-09-10 01:46:55,385 - httpx - INFO - HTTP Request: POST https://api.telegram.org/bot8942164862:AAEGbX-FW5J1ymTcNQQalAv8C6ak4UyB_q8/getUpdates "HTTP/1.1 200 OK"
2026-09-10 01:47:05,482 - httpx - INFO - HTTP Request: POST https://api.telegram.org/bot8942164862:AAEGbX-FW5J1ymTcNQQalAv8C6ak4UyB_q8/getUpdates "HTTP/1.1 200 OK"
2026-09-10 01:47:15,578 - httpx - INFO - HTTP Request: POST https://api.telegram.org/bot8942164862:AAEGbX-FW5J1ymTcNQQalAv8C6ak4UyB_q8/getUpdates "HTTP/1.1 200 OK"
2026-09-10 01:47:25,680 - httpx - INFO - HTTP Request: POST https://api.telegram.org/bot8942164862:AAEGbX-FW5J1ymTcNQQalAv8C6ak4UyB_q8/getUpdates "HTTP/1.1 200 OK"
2026-09-10 01:47:35,777 - httpx - INFO - HTTP Request: POST https://api.telegram.org/bot8942164862:AAEGbX-FW5J1ymTcNQQalAv8C6ak4UyB_q8/getUpdates "HTTP/1.1 200 OK"
2026-09-10 01:47:45,872 - httpx - INFO - HTTP Request: POST https://api.telegram.org/bot8942164862:AAEGbX-FW5J1ymTcNQQalAv8C6ak4UyB_q8/getUpdates "HTTP/1.1 200 OK"
2026-09-10 01:47:55,968 - httpx - INFO - HTTP Request: POST https://api.telegram.org/bot8942164862:AAEGbX-FW5J1ymTcNQQalAv8C6ak4UyB_q8/getUpdates "HTTP/1.1 200 OK"
2026-09-10 01:48:06,070 - httpx - INFO - HTTP Request: POST https://api.telegram.org/bot8942164862:AAEGbX-FW5J1ymTcNQQalAv8C6ak4UyB_q8/getUpdates "HTTP/1.1 200 OK"
2026-09-10 01:48:16,179 - httpx - INFO - HTTP Request: POST https://api.telegram.org/bot8942164862:AAEGbX-FW5J1ymTcNQQalAv8C6ak4UyB_q8/getUpdates "HTTP/1.1 200 OK"
2026-09-10 01:48:26,317 - httpx - INFO - HTTP Request: POST https://api.telegram.org/bot8942164862:AAEGbX-FW5J1ymTcNQQalAv8C6ak4UyB_q8/getUpdates "HTTP/1.1 200 OK"
2026-09-10 01:48:36,456 - httpx - INFO - HTTP Request: POST https://api.telegram.org/bot8942164862:AAEGbX-FW5J1ymTcNQQalAv8C6ak4UyB_q8/getUpdates "HTTP/1.1 200 OK"
2026-09-10 01:48:46,592 - httpx - INFO - HTTP Request: POST https://api.telegram.org/bot8942164862:AAEGbX-FW5J1ymTcNQQalAv8C6ak4UyB_q8/getUpdates "HTTP/1.1 200 OK"
2026-09-10 01:48:56,730 - httpx - INFO - HTTP Request: POST https://api.telegram.org/bot8942164862:AAEGbX-FW5J1ymTcNQQalAv8C6ak4UyB_q8/getUpdates "HTTP/1.1 200 OK"
2026-09-10 01:49:06,826 - httpx - INFO - HTTP Request: POST https://api.telegram.org/bot8942164862:AAEGbX-FW5J1ymTcNQQalAv8C6ak4UyB_q8/getUpdates "HTTP/1.1 200 OK"
2026-09-10 01:49:16,924 - httpx - INFO - HTTP Request: POST https://api.telegram.org/bot8942164862:AAEGbX-FW5J1ymTcNQQalAv8C6ak4UyB_q8/getUpdates "HTTP/1.1 200 OK"
2026-09-10 01:49:27,022 - httpx - INFO - HTTP Request: POST https://api.telegram.org/bot8942164862:AAEGbX-FW5J1ymTcNQQalAv8C6ak4UyB_q8/getUpdates "HTTP/1.1 200 OK"
2026-09-10 01:49:37,178 - httpx - INFO - HTTP Request: POST https://api.telegram.org/bot8942164862:AAEGbX-FW5J1ymTcNQQalAv8C6ak4UyB_q8/getUpdates "HTTP/1.1 200 OK"
2026-09-10 01:49:47,316 - httpx - INFO - HTTP Request: POST https://api.telegram.org/bot8942164862:AAEGbX-FW5J1ymTcNQQalAv8C6ak4UyB_q8/getUpdates "HTTP/1.1 200 OK"
2026-09-10 01:49:57,415 - httpx - INFO - HTTP Request: POST https://api.telegram.org/bot8942164862:AAEGbX-FW5J1ymTcNQQalAv8C6ak4UyB_q8/getUpdates "HTTP/1.1 200 OK"
2026-09-10 01:50:07,591 - httpx - INFO - HTTP Request: POST https://api.telegram.org/bot8942164862:AAEGbX-FW5J1ymTcNQQalAv8C6ak4UyB_q8/getUpdates "HTTP/1.1 200 OK"
2026-09-10 01:50:17,688 - httpx - INFO - HTTP Request: POST https://api.telegram.org/bot8942164862:AAEGbX-FW5J1ymTcNQQalAv8C6ak4UyB_q8/getUpdates "HTTP/1.1 200 OK"
2026-09-10 01:50:27,785 - httpx - INFO - HTTP Request: POST https://api.telegram.org/bot8942164862:AAEGbX-FW5J1ymTcNQQalAv8C6ak4UyB_q8/getUpdates "HTTP/1.1 200 OK"
2026-09-10 01:50:37,891 - httpx - INFO - HTTP Request: POST https://api.telegram.org/bot8942164862:AAEGbX-FW5J1ymTcNQQalAv8C6ak4UyB_q8/getUpdates "HTTP/1.1 200 OK"
2026-09-10 01:50:47,987 - httpx - INFO - HTTP Request: POST https://api.telegram.org/bot8942164862:AAEGbX-FW5J1ymTcNQQalAv8C6ak4UyB_q8/getUpdates "HTTP/1.1 200 OK"
2026-09-10 01:50:58,177 - httpx - INFO - HTTP Request: POST https://api.telegram.org/bot8942164862:AAEGbX-FW5J1ymTcNQQalAv8C6ak4UyB_q8/getUpdates "HTTP/1.1 200 OK"
2026-09-10 01:51:08,315 - httpx - INFO - HTTP Request: POST https://api.telegram.org/bot8942164862:AAEGbX-FW5J1ymTcNQQalAv8C6ak4UyB_q8/getUpdates "HTTP/1.1 200 OK"
2026-09-10 01:51:18,410 - httpx - INFO - HTTP Request: POST https://api.telegram.org/bot8942164862:AAEGbX-FW5J1ymTcNQQalAv8C6ak4UyB_q8/getUpdates "HTTP/1.1 200 OK"
2026-09-10 01:51:28,590 - httpx - INFO - HTTP Request: POST https://api.telegram.org/bot8942164862:AAEGbX-FW5J1ymTcNQQalAv8C6ak4UyB_q8/getUpdates "HTTP/1.1 200 OK"
2026-09-10 01:51:38,698 - httpx - INFO - HTTP Request: POST https://api.telegram.org/bot8942164862:AAEGbX-FW5J1ymTcNQQalAv8C6ak4UyB_q8/getUpdates "HTTP/1.1 200 OK"
2026-09-10 01:51:48,866 - httpx - INFO - HTTP Request: POST https://api.telegram.org/bot8942164862:AAEGbX-FW5J1ymTcNQQalAv8C6ak4UyB_q8/getUpdates "HTTP/1.1 200 OK"
2026-09-10 01:51:59,003 - httpx - INFO - HTTP Request: POST https://api.telegram.org/bot8942164862:AAEGbX-FW5J1ymTcNQQalAv8C6ak4UyB_q8/getUpdates "HTTP/1.1 200 OK"
2026-09-10 01:52:09,141 - httpx - INFO - HTTP Request: POST https://api.telegram.org/bot8942164862:AAEGbX-FW5J1ymTcNQQalAv8C6ak4UyB_q8/getUpdates "HTTP/1.1 200 OK"
2026-09-10 01:52:19,240 - httpx - INFO - HTTP Request: POST https://api.telegram.org/bot8942164862:AAEGbX-FW5J1ymTcNQQalAv8C6ak4UyB_q8/getUpdates "HTTP/1.1 200 OK"
2026-09-10 01:52:29,342 - httpx - INFO - HTTP Request: POST https://api.telegram.org/bot8942164862:AAEGbX-FW5J1ymTcNQQalAv8C6ak4UyB_q8/getUpdates "HTTP/1.1 200 OK"
2026-09-10 01:52:39,451 - httpx - INFO - HTTP Request: POST https://api.telegram.org/bot8942164862:AAEGbX-FW5J1ymTcNQQalAv8C6ak4UyB_q8/getUpdates "HTTP/1.1 200 OK"
2026-09-10 01:52:49,548 - httpx - INFO - HTTP Request: POST https://api.telegram.org/bot8942164862:AAEGbX-FW5J1ymTcNQQalAv8C6ak4UyB_q8/getUpdates "HTTP/1.1 200 OK"
2026-09-10 01:52:59,647 - httpx - INFO - HTTP Request: POST https://api.telegram.org/bot8942164862:AAEGbX-FW5J1ymTcNQQalAv8C6ak4UyB_q8/getUpdates "HTTP/1.1 200 OK"
2026-09-10 01:53:09,743 - httpx - INFO - HTTP Request: POST https://api.telegram.org/bot8942164862:AAEGbX-FW5J1ymTcNQQalAv8C6ak4UyB_q8/getUpdates "HTTP/1.1 200 OK"
2026-09-10 01:53:19,899 - httpx - INFO - HTTP Request: POST https://api.telegram.org/bot8942164862:AAEGbX-FW5J1ymTcNQQalAv8C6ak4UyB_q8/getUpdates "HTTP/1.1 200 OK"
2026-09-10 01:53:30,037 - httpx - INFO - HTTP Request: POST https://api.telegram.org/bot8942164862:AAEGbX-FW5J1ymTcNQQalAv8C6ak4UyB_q8/getUpdates "HTTP/1.1 200 OK"
2026-09-10 01:53:40,175 - httpx - INFO - HTTP Request: POST https://api.telegram.org/bot8942164862:AAEGbX-FW5J1ymTcNQQalAv8C6ak4UyB_q8/getUpdates "HTTP/1.1 200 OK"
2026-09-10 01:53:50,312 - httpx - INFO - HTTP Request: POST https://api.telegram.org/bot8942164862:AAEGbX-FW5J1ymTcNQQalAv8C6ak4UyB_q8/getUpdates "HTTP/1.1 200 OK"
2026-09-10 01:54:00,450 - httpx - INFO - HTTP Request: POST https://api.telegram.org/bot8942164862:AAEGbX-FW5J1ymTcNQQalAv8C6ak4UyB_q8/getUpdates "HTTP/1.1 200 OK"
2026-09-10 01:54:10,589 - httpx - INFO - HTTP Request: POST https://api.telegram.org/bot8942164862:AAEGbX-FW5J1ymTcNQQalAv8C6ak4UyB_q8/getUpdates "HTTP/1.1 200 OK"
2026-09-10 01:54:20,685 - httpx - INFO - HTTP Request: POST https://api.telegram.org/bot8942164862:AAEGbX-FW5J1ymTcNQQalAv8C6ak4UyB_q8/getUpdates "HTTP/1.1 200 OK"
2026-09-10 01:54:30,863 - httpx - INFO - HTTP Request: POST https://api.telegram.org/bot8942164862:AAEGbX-FW5J1ymTcNQQalAv8C6ak4UyB_q8/getUpdates "HTTP/1.1 200 OK"
2026-09-10 01:54:41,001 - httpx - INFO - HTTP Request: POST https://api.telegram.org/bot8942164862:AAEGbX-FW5J1ymTcNQQalAv8C6ak4UyB_q8/getUpdates "HTTP/1.1 200 OK"
2026-09-10 01:54:51,138 - httpx - INFO - HTTP Request: POST https://api.telegram.org/bot8942164862:AAEGbX-FW5J1ymTcNQQalAv8C6ak4UyB_q8/getUpdates "HTTP/1.1 200 OK"
2026-09-10 01:55:01,276 - httpx - INFO - HTTP Request: POST https://api.telegram.org/bot8942164862:AAEGbX-FW5J1ymTcNQQalAv8C6ak4UyB_q8/getUpdates "HTTP/1.1 200 OK"
2026-09-10 01:55:11,414 - httpx - INFO - HTTP Request: POST https://api.telegram.org/bot8942164862:AAEGbX-FW5J1ymTcNQQalAv8C6ak4UyB_q8/getUpdates "HTTP/1.1 200 OK"
2026-09-10 01:55:21,553 - httpx - INFO - HTTP Request: POST https://api.telegram.org/bot8942164862:AAEGbX-FW5J1ymTcNQQalAv8C6ak4UyB_q8/getUpdates "HTTP/1.1 200 OK"
2026-09-10 01:55:31,689 - httpx - INFO - HTTP Request: POST https://api.telegram.org/bot8942164862:AAEGbX-FW5J1ymTcNQQalAv8C6ak4UyB_q8/getUpdates "HTTP/1.1 200 OK"
2026-09-10 01:55:41,788 - httpx - INFO - HTTP Request: POST https://api.telegram.org/bot8942164862:AAEGbX-FW5J1ymTcNQQalAv8C6ak4UyB_q8/getUpdates "HTTP/1.1 200 OK"
2026-09-10 01:55:51,966 - httpx - INFO - HTTP Request: POST https://api.telegram.org/bot8942164862:AAEGbX-FW5J1ymTcNQQalAv8C6ak4UyB_q8/getUpdates "HTTP/1.1 200 OK"
2026-09-10 01:56:02,102 - httpx - INFO - HTTP Request: POST https://api.telegram.org/bot8942164862:AAEGbX-FW5J1ymTcNQQalAv8C6ak4UyB_q8/getUpdates "HTTP/1.1 200 OK"
2026-09-10 01:56:12,240 - httpx - INFO - HTTP Request: POST https://api.telegram.org/bot8942164862:AAEGbX-FW5J1ymTcNQQalAv8C6ak4UyB_q8/getUpdates "HTTP/1.1 200 OK"
2026-09-10 01:56:22,475 - httpx - INFO - HTTP Request: POST https://api.telegram.org/bot8942164862:AAEGbX-FW5J1ymTcNQQalAv8C6ak4UyB_q8/getUpdates "HTTP/1.1 200 OK"
2026-09-10 01:56:32,618 - httpx - INFO - HTTP Request: POST https://api.telegram.org/bot8942164862:AAEGbX-FW5J1ymTcNQQalAv8C6ak4UyB_q8/getUpdates "HTTP/1.1 200 OK"
2026-09-10 01:56:42,755 - httpx - INFO - HTTP Request: POST https://api.telegram.org/bot8942164862:AAEGbX-FW5J1ymTcNQQalAv8C6ak4UyB_q8/getUpdates "HTTP/1.1 200 OK"
2026-09-10 01:56:52,893 - httpx - INFO - HTTP Request: POST https://api.telegram.org/bot8942164862:AAEGbX-FW5J1ymTcNQQalAv8C6ak4UyB_q8/getUpdates "HTTP/1.1 200 OK"
2026-09-10 01:57:02,992 - httpx - INFO - HTTP Request: POST https://api.telegram.org/bot8942164862:AAEGbX-FW5J1ymTcNQQalAv8C6ak4UyB_q8/getUpdates "HTTP/1.1 200 OK"
2026-09-10 01:57:13,168 - httpx - INFO - HTTP Request: POST https://api.telegram.org/bot8942164862:AAEGbX-FW5J1ymTcNQQalAv8C6ak4UyB_q8/getUpdates "HTTP/1.1 200 OK"
2026-09-10 01:57:23,265 - httpx - INFO - HTTP Request: POST https://api.telegram.org/bot8942164862:AAEGbX-FW5J1ymTcNQQalAv8C6ak4UyB_q8/getUpdates "HTTP/1.1 200 OK"
2026-09-10 01:57:33,365 - httpx - INFO - HTTP Request: POST https://api.telegram.org/bot8942164862:AAEGbX-FW5J1ymTcNQQalAv8C6ak4UyB_q8/getUpdates "HTTP/1.1 200 OK"
2026-09-10 01:57:43,479 - httpx - INFO - HTTP Request: POST https://api.telegram.org/bot8942164862:AAEGbX-FW5J1ymTcNQQalAv8C6ak4UyB_q8/getUpdates "HTTP/1.1 200 OK"
2026-09-10 01:57:53,617 - httpx - INFO - HTTP Request: POST https://api.telegram.org/bot8942164862:AAEGbX-FW5J1ymTcNQQalAv8C6ak4UyB_q8/getUpdates "HTTP/1.1 200 OK"
2026-09-10 01:58:03,756 - httpx - INFO - HTTP Request: POST https://api.telegram.org/bot8942164862:AAEGbX-FW5J1ymTcNQQalAv8C6ak4UyB_q8/getUpdates "HTTP/1.1 200 OK"
2026-09-10 01:58:13,892 - httpx - INFO - HTTP Request: POST https://api.telegram.org/bot8942164862:AAEGbX-FW5J1ymTcNQQalAv8C6ak4UyB_q8/getUpdates "HTTP/1.1 200 OK"
2026-09-10 01:58:24,030 - httpx - INFO - HTTP Request: POST https://api.telegram.org/bot8942164862:AAEGbX-FW5J1ymTcNQQalAv8C6ak4UyB_q8/getUpdates "HTTP/1.1 200 OK"
2026-09-10 01:58:34,169 - httpx - INFO - HTTP Request: POST https://api.telegram.org/bot8942164862:AAEGbX-FW5J1ymTcNQQalAv8C6ak4UyB_q8/getUpdates "HTTP/1.1 200 OK"
2026-09-10 01:58:44,265 - httpx - INFO - HTTP Request: POST https://api.telegram.org/bot8942164862:AAEGbX-FW5J1ymTcNQQalAv8C6ak4UyB_q8/getUpdates "HTTP/1.1 200 OK"
2026-09-10 01:58:54,444 - httpx - INFO - HTTP Request: POST https://api.telegram.org/bot8942164862:AAEGbX-FW5J1ymTcNQQalAv8C6ak4UyB_q8/getUpdates "HTTP/1.1 200 OK"
2026-09-10 01:59:04,581 - httpx - INFO - HTTP Request: POST https://api.telegram.org/bot8942164862:AAEGbX-FW5J1ymTcNQQalAv8C6ak4UyB_q8/getUpdates "HTTP/1.1 200 OK"
2026-09-10 01:59:14,719 - httpx - INFO - HTTP Request: POST https://api.telegram.org/bot8942164862:AAEGbX-FW5J1ymTcNQQalAv8C6ak4UyB_q8/getUpdates "HTTP/1.1 200 OK"
2026-09-10 01:59:24,858 - httpx - INFO - HTTP Request: POST https://api.telegram.org/bot8942164862:AAEGbX-FW5J1ymTcNQQalAv8C6ak4UyB_q8/getUpdates "HTTP/1.1 200 OK"
2026-09-10 01:59:34,993 - httpx - INFO - HTTP Request: POST https://api.telegram.org/bot8942164862:AAEGbX-FW5J1ymTcNQQalAv8C6ak4UyB_q8/getUpdates "HTTP/1.1 200 OK"
2026-09-10 01:59:45,090 - httpx - INFO - HTTP Request: POST https://api.telegram.org/bot8942164862:AAEGbX-FW5J1ymTcNQQalAv8C6ak4UyB_q8/getUpdates "HTTP/1.1 200 OK"
2026-09-10 01:59:55,268 - httpx - INFO - HTTP Request: POST https://api.telegram.org/bot8942164862:AAEGbX-FW5J1ymTcNQQalAv8C6ak4UyB_q8/getUpdates "HTTP/1.1 200 OK"
2026-09-10 02:00:05,365 - httpx - INFO - HTTP Request: POST https://api.telegram.org/bot8942164862:AAEGbX-FW5J1ymTcNQQalAv8C6ak4UyB_q8/getUpdates "HTTP/1.1 200 OK"
2026-09-10 02:00:15,544 - httpx - INFO - HTTP Request: POST https://api.telegram.org/bot8942164862:AAEGbX-FW5J1ymTcNQQalAv8C6ak4UyB_q8/getUpdates "HTTP/1.1 200 OK"
2026-09-10 02:00:25,681 - httpx - INFO - HTTP Request: POST https://api.telegram.org/bot8942164862:AAEGbX-FW5J1ymTcNQQalAv8C6ak4UyB_q8/getUpdates "HTTP/1.1 200 OK"
2026-09-10 02:00:35,819 - httpx - INFO - HTTP Request: POST https://api.telegram.org/bot8942164862:AAEGbX-FW5J1ymTcNQQalAv8C6ak4UyB_q8/getUpdates "HTTP/1.1 200 OK"
2026-09-10 02:00:45,914 - httpx - INFO - HTTP Request: POST https://api.telegram.org/bot8942164862:AAEGbX-FW5J1ymTcNQQalAv8C6ak4UyB_q8/getUpdates "HTTP/1.1 200 OK"
2026-09-10 02:00:56,010 - httpx - INFO - HTTP Request: POST https://api.telegram.org/bot8942164862:AAEGbX-FW5J1ymTcNQQalAv8C6ak4UyB_q8/getUpdates "HTTP/1.1 200 OK"
2026-09-10 02:01:06,130 - httpx - INFO - HTTP Request: POST https://api.telegram.org/bot8942164862:AAEGbX-FW5J1ymTcNQQalAv8C6ak4UyB_q8/getUpdates "HTTP/1.1 200 OK"
2026-09-10 02:01:16,226 - httpx - INFO - HTTP Request: POST https://api.telegram.org/bot8942164862:AAEGbX-FW5J1ymTcNQQalAv8C6ak4UyB_q8/getUpdates "HTTP/1.1 200 OK"
2026-09-10 02:01:26,325 - httpx - INFO - HTTP Request: POST https://api.telegram.org/bot8942164862:AAEGbX-FW5J1ymTcNQQalAv8C6ak4UyB_q8/getUpdates "HTTP/1.1 200 OK"
2026-09-10 02:01:36,421 - httpx - INFO - HTTP Request: POST https://api.telegram.org/bot8942164862:AAEGbX-FW5J1ymTcNQQalAv8C6ak4UyB_q8/getUpdates "HTTP/1.1 200 OK"
2026-09-10 02:01:46,518 - httpx - INFO - HTTP Request: POST https://api.telegram.org/bot8942164862:AAEGbX-FW5J1ymTcNQQalAv8C6ak4UyB_q8/getUpdates "HTTP/1.1 200 OK"
2026-09-10 02:01:56,622 - httpx - INFO - HTTP Request: POST https://api.telegram.org/bot8942164862:AAEGbX-FW5J1ymTcNQQalAv8C6ak4UyB_q8/getUpdates "HTTP/1.1 200 OK"
2026-09-10 02:02:06,723 - httpx - INFO - HTTP Request: POST https://api.telegram.org/bot8942164862:AAEGbX-FW5J1ymTcNQQalAv8C6ak4UyB_q8/getUpdates "HTTP/1.1 200 OK"
2026-09-10 02:02:16,837 - httpx - INFO - HTTP Request: POST https://api.telegram.org/bot8942164862:AAEGbX-FW5J1ymTcNQQalAv8C6ak4UyB_q8/getUpdates "HTTP/1.1 200 OK"
2026-09-10 02:02:26,937 - httpx - INFO - HTTP Request: POST https://api.telegram.org/bot8942164862:AAEGbX-FW5J1ymTcNQQalAv8C6ak4UyB_q8/getUpdates "HTTP/1.1 200 OK"
2026-09-10 02:02:37,032 - httpx - INFO - HTTP Request: POST https://api.telegram.org/bot8942164862:AAEGbX-FW5J1ymTcNQQalAv8C6ak4UyB_q8/getUpdates "HTTP/1.1 200 OK"
2026-09-10 02:02:47,201 - httpx - INFO - HTTP Request: POST https://api.telegram.org/bot8942164862:AAEGbX-FW5J1ymTcNQQalAv8C6ak4UyB_q8/getUpdates "HTTP/1.1 200 OK"
2026-09-10 02:02:57,297 - httpx - INFO - HTTP Request: POST https://api.telegram.org/bot8942164862:AAEGbX-FW5J1ymTcNQQalAv8C6ak4UyB_q8/getUpdates "HTTP/1.1 200 OK"
2026-09-10 02:03:07,474 - httpx - INFO - HTTP Request: POST https://api.telegram.org/bot8942164862:AAEGbX-FW5J1ymTcNQQalAv8C6ak4UyB_q8/getUpdates "HTTP/1.1 200 OK"
2026-09-10 02:03:17,612 - httpx - INFO - HTTP Request: POST https://api.telegram.org/bot8942164862:AAEGbX-FW5J1ymTcNQQalAv8C6ak4UyB_q8/getUpdates "HTTP/1.1 200 OK"
2026-09-10 02:03:27,710 - httpx - INFO - HTTP Request: POST https://api.telegram.org/bot8942164862:AAEGbX-FW5J1ymTcNQQalAv8C6ak4UyB_q8/getUpdates "HTTP/1.1 200 OK"
2026-09-10 02:03:37,887 - httpx - INFO - HTTP Request: POST https://api.telegram.org/bot8942164862:AAEGbX-FW5J1ymTcNQQalAv8C6ak4UyB_q8/getUpdates "HTTP/1.1 200 OK"
2026-09-10 02:03:47,984 - httpx - INFO - HTTP Request: POST https://api.telegram.org/bot8942164862:AAEGbX-FW5J1ymTcNQQalAv8C6ak4UyB_q8/getUpdates "HTTP/1.1 200 OK"
2026-09-10 02:03:58,079 - httpx - INFO - HTTP Request: POST https://api.telegram.org/bot8942164862:AAEGbX-FW5J1ymTcNQQalAv8C6ak4UyB_q8/getUpdates "HTTP/1.1 200 OK"
2026-09-10 02:04:08,197 - httpx - INFO - HTTP Request: POST https://api.telegram.org/bot8942164862:AAEGbX-FW5J1ymTcNQQalAv8C6ak4UyB_q8/getUpdates "HTTP/1.1 200 OK"
2026-09-10 02:04:18,336 - httpx - INFO - HTTP Request: POST https://api.telegram.org/bot8942164862:AAEGbX-FW5J1ymTcNQQalAv8C6ak4UyB_q8/getUpdates "HTTP/1.1 200 OK"
2026-09-10 02:04:28,474 - httpx - INFO - HTTP Request: POST https://api.telegram.org/bot8942164862:AAEGbX-FW5J1ymTcNQQalAv8C6ak4UyB_q8/getUpdates "HTTP/1.1 200 OK"
2026-09-10 02:04:38,575 - httpx - INFO - HTTP Request: POST https://api.telegram.org/bot8942164862:AAEGbX-FW5J1ymTcNQQalAv8C6ak4UyB_q8/getUpdates "HTTP/1.1 200 OK"
2026-09-10 02:04:48,680 - httpx - INFO - HTTP Request: POST https://api.telegram.org/bot8942164862:AAEGbX-FW5J1ymTcNQQalAv8C6ak4UyB_q8/getUpdates "HTTP/1.1 200 OK"
2026-09-10 02:04:58,887 - httpx - INFO - HTTP Request: POST https://api.telegram.org/bot8942164862:AAEGbX-FW5J1ymTcNQQalAv8C6ak4UyB_q8/getUpdates "HTTP/1.1 200 OK"
2026-09-10 02:05:09,024 - httpx - INFO - HTTP Request: POST https://api.telegram.org/bot8942164862:AAEGbX-FW5J1ymTcNQQalAv8C6ak4UyB_q8/getUpdates "HTTP/1.1 200 OK"
2026-09-10 02:05:19,162 - httpx - INFO - HTTP Request: POST https://api.telegram.org/bot8942164862:AAEGbX-FW5J1ymTcNQQalAv8C6ak4UyB_q8/getUpdates "HTTP/1.1 200 OK"
2026-09-10 02:05:29,299 - httpx - INFO - HTTP Request: POST https://api.telegram.org/bot8942164862:AAEGbX-FW5J1ymTcNQQalAv8C6ak4UyB_q8/getUpdates "HTTP/1.1 200 OK"
2026-09-10 02:05:39,397 - httpx - INFO - HTTP Request: POST https://api.telegram.org/bot8942164862:AAEGbX-FW5J1ymTcNQQalAv8C6ak4UyB_q8/getUpdates "HTTP/1.1 200 OK"
2026-09-10 02:05:49,575 - httpx - INFO - HTTP Request: POST https://api.telegram.org/bot8942164862:AAEGbX-FW5J1ymTcNQQalAv8C6ak4UyB_q8/getUpdates "HTTP/1.1 200 OK"
2026-09-10 02:05:59,714 - httpx - INFO - HTTP Request: POST https://api.telegram.org/bot8942164862:AAEGbX-FW5J1ymTcNQQalAv8C6ak4UyB_q8/getUpdates "HTTP/1.1 200 OK"
2026-09-10 02:06:09,810 - httpx - INFO - HTTP Request: POST https://api.telegram.org/bot8942164862:AAEGbX-FW5J1ymTcNQQalAv8C6ak4UyB_q8/getUpdates "HTTP/1.1 200 OK"
2026-09-10 02:06:19,909 - httpx - INFO - HTTP Request: POST https://api.telegram.org/bot8942164862:AAEGbX-FW5J1ymTcNQQalAv8C6ak4UyB_q8/getUpdates "HTTP/1.1 200 OK"
2026-09-10 02:06:30,023 - httpx - INFO - HTTP Request: POST https://api.telegram.org/bot8942164862:AAEGbX-FW5J1ymTcNQQalAv8C6ak4UyB_q8/getUpdates "HTTP/1.1 200 OK"
2026-09-10 02:06:40,130 - httpx - INFO - HTTP Request: POST https://api.telegram.org/bot8942164862:AAEGbX-FW5J1ymTcNQQalAv8C6ak4UyB_q8/getUpdates "HTTP/1.1 200 OK"
2026-09-10 02:06:50,231 - httpx - INFO - HTTP Request: POST https://api.telegram.org/bot8942164862:AAEGbX-FW5J1ymTcNQQalAv8C6ak4UyB_q8/getUpdates "HTTP/1.1 200 OK"
2026-09-10 02:07:00,335 - httpx - INFO - HTTP Request: POST https://api.telegram.org/bot8942164862:AAEGbX-FW5J1ymTcNQQalAv8C6ak4UyB_q8/getUpdates "HTTP/1.1 200 OK"
2026-09-10 02:07:10,472 - httpx - INFO - HTTP Request: POST https://api.telegram.org/bot8942164862:AAEGbX-FW5J1ymTcNQQalAv8C6ak4UyB_q8/getUpdates "HTTP/1.1 200 OK"
2026-09-10 02:07:20,609 - httpx - INFO - HTTP Request: POST https://api.telegram.org/bot8942164862:AAEGbX-FW5J1ymTcNQQalAv8C6ak4UyB_q8/getUpdates "HTTP/1.1 200 OK"
2026-09-10 02:07:30,746 - httpx - INFO - HTTP Request: POST https://api.telegram.org/bot8942164862:AAEGbX-FW5J1ymTcNQQalAv8C6ak4UyB_q8/getUpdates "HTTP/1.1 200 OK"
2026-09-10 02:07:40,842 - httpx - INFO - HTTP Request: POST https://api.telegram.org/bot8942164862:AAEGbX-FW5J1ymTcNQQalAv8C6ak4UyB_q8/getUpdates "HTTP/1.1 200 OK"
2026-09-10 02:07:50,944 - httpx - INFO - HTTP Request: POST https://api.telegram.org/bot8942164862:AAEGbX-FW5J1ymTcNQQalAv8C6ak4UyB_q8/getUpdates "HTTP/1.1 200 OK"
2026-09-10 02:08:01,057 - httpx - INFO - HTTP Request: POST https://api.telegram.org/bot8942164862:AAEGbX-FW5J1ymTcNQQalAv8C6ak4UyB_q8/getUpdates "HTTP/1.1 200 OK"
2026-09-10 02:08:11,159 - httpx - INFO - HTTP Request: POST https://api.telegram.org/bot8942164862:AAEGbX-FW5J1ymTcNQQalAv8C6ak4UyB_q8/getUpdates "HTTP/1.1 200 OK"
2026-09-10 02:08:21,259 - httpx - INFO - HTTP Request: POST https://api.telegram.org/bot8942164862:AAEGbX-FW5J1ymTcNQQalAv8C6ak4UyB_q8/getUpdates "HTTP/1.1 200 OK"
2026-09-10 02:08:31,371 - httpx - INFO - HTTP Request: POST https://api.telegram.org/bot8942164862:AAEGbX-FW5J1ymTcNQQalAv8C6ak4UyB_q8/getUpdates "HTTP/1.1 200 OK"
2026-09-10 02:08:41,467 - httpx - INFO - HTTP Request: POST https://api.telegram.org/bot8942164862:AAEGbX-FW5J1ymTcNQQalAv8C6ak4UyB_q8/getUpdates "HTTP/1.1 200 OK"
2026-09-10 02:08:51,643 - httpx - INFO - HTTP Request: POST https://api.telegram.org/bot8942164862:AAEGbX-FW5J1ymTcNQQalAv8C6ak4UyB_q8/getUpdates "HTTP/1.1 200 OK"
2026-09-10 02:09:01,780 - httpx - INFO - HTTP Request: POST https://api.telegram.org/bot8942164862:AAEGbX-FW5J1ymTcNQQalAv8C6ak4UyB_q8/getUpdates "HTTP/1.1 200 OK"
2026-09-10 02:09:11,880 - httpx - INFO - HTTP Request: POST https://api.telegram.org/bot8942164862:AAEGbX-FW5J1ymTcNQQalAv8C6ak4UyB_q8/getUpdates "HTTP/1.1 200 OK"
2026-09-10 02:09:22,056 - httpx - INFO - HTTP Request: POST https://api.telegram.org/bot8942164862:AAEGbX-FW5J1ymTcNQQalAv8C6ak4UyB_q8/getUpdates "HTTP/1.1 200 OK"
2026-09-10 02:09:32,193 - httpx - INFO - HTTP Request: POST https://api.telegram.org/bot8942164862:AAEGbX-FW5J1ymTcNQQalAv8C6ak4UyB_q8/getUpdates "HTTP/1.1 200 OK"
2026-09-10 02:09:42,292 - httpx - INFO - HTTP Request: POST https://api.telegram.org/bot8942164862:AAEGbX-FW5J1ymTcNQQalAv8C6ak4UyB_q8/getUpdates "HTTP/1.1 200 OK"
2026-09-10 02:09:52,401 - httpx - INFO - HTTP Request: POST https://api.telegram.org/bot8942164862:AAEGbX-FW5J1ymTcNQQalAv8C6ak4UyB_q8/getUpdates "HTTP/1.1 200 OK"
2026-09-10 02:10:02,519 - httpx - INFO - HTTP Request: POST https://api.telegram.org/bot8942164862:AAEGbX-FW5J1ymTcNQQalAv8C6ak4UyB_q8/getUpdates "HTTP/1.1 200 OK"
2026-09-10 02:10:12,642 - httpx - INFO - HTTP Request: POST https://api.telegram.org/bot8942164862:AAEGbX-FW5J1ymTcNQQalAv8C6ak4UyB_q8/getUpdates "HTTP/1.1 200 OK"
2026-09-10 02:10:22,779 - httpx - INFO - HTTP Request: POST https://api.telegram.org/bot8942164862:AAEGbX-FW5J1ymTcNQQalAv8C6ak4UyB_q8/getUpdates "HTTP/1.1 200 OK"
2026-09-10 02:10:32,882 - httpx - INFO - HTTP Request: POST https://api.telegram.org/bot8942164862:AAEGbX-FW5J1ymTcNQQalAv8C6ak4UyB_q8/getUpdates "HTTP/1.1 200 OK"
2026-09-10 02:10:42,982 - httpx - INFO - HTTP Request: POST https://api.telegram.org/bot8942164862:AAEGbX-FW5J1ymTcNQQalAv8C6ak4UyB_q8/getUpdates "HTTP/1.1 200 OK"
2026-09-10 02:10:53,077 - httpx - INFO - HTTP Request: POST https://api.telegram.org/bot8942164862:AAEGbX-FW5J1ymTcNQQalAv8C6ak4UyB_q8/getUpdates "HTTP/1.1 200 OK"
2026-09-10 02:11:03,176 - httpx - INFO - HTTP Request: POST https://api.telegram.org/bot8942164862:AAEGbX-FW5J1ymTcNQQalAv8C6ak4UyB_q8/getUpdates "HTTP/1.1 200 OK"
2026-09-10 02:11:13,277 - httpx - INFO - HTTP Request: POST https://api.telegram.org/bot8942164862:AAEGbX-FW5J1ymTcNQQalAv8C6ak4UyB_q8/getUpdates "HTTP/1.1 200 OK"
2026-09-10 02:11:23,382 - httpx - INFO - HTTP Request: POST https://api.telegram.org/bot8942164862:AAEGbX-FW5J1ymTcNQQalAv8C6ak4UyB_q8/getUpdates "HTTP/1.1 200 OK"
2026-09-10 02:11:33,538 - httpx - INFO - HTTP Request: POST https://api.telegram.org/bot8942164862:AAEGbX-FW5J1ymTcNQQalAv8C6ak4UyB_q8/getUpdates "HTTP/1.1 200 OK"
2026-09-10 02:11:43,678 - httpx - INFO - HTTP Request: POST https://api.telegram.org/bot8942164862:AAEGbX-FW5J1ymTcNQQalAv8C6ak4UyB_q8/getUpdates "HTTP/1.1 200 OK"
2026-09-10 02:11:53,815 - httpx - INFO - HTTP Request: POST https://api.telegram.org/bot8942164862:AAEGbX-FW5J1ymTcNQQalAv8C6ak4UyB_q8/getUpdates "HTTP/1.1 200 OK"
2026-09-10 02:12:03,952 - httpx - INFO - HTTP Request: POST https://api.telegram.org/bot8942164862:AAEGbX-FW5J1ymTcNQQalAv8C6ak4UyB_q8/getUpdates "HTTP/1.1 200 OK"
2026-09-10 02:12:14,051 - httpx - INFO - HTTP Request: POST https://api.telegram.org/bot8942164862:AAEGbX-FW5J1ymTcNQQalAv8C6ak4UyB_q8/getUpdates "HTTP/1.1 200 OK"
2026-09-10 02:12:24,154 - httpx - INFO - HTTP Request: POST https://api.telegram.org/bot8942164862:AAEGbX-FW5J1ymTcNQQalAv8C6ak4UyB_q8/getUpdates "HTTP/1.1 200 OK"
2026-09-10 02:12:34,262 - httpx - INFO - HTTP Request: POST https://api.telegram.org/bot8942164862:AAEGbX-FW5J1ymTcNQQalAv8C6ak4UyB_q8/getUpdates "HTTP/1.1 200 OK"
2026-09-10 02:12:44,365 - httpx - INFO - HTTP Request: POST https://api.telegram.org/bot8942164862:AAEGbX-FW5J1ymTcNQQalAv8C6ak4UyB_q8/getUpdates "HTTP/1.1 200 OK"
2026-09-10 02:12:54,537 - httpx - INFO - HTTP Request: POST https://api.telegram.org/bot8942164862:AAEGbX-FW5J1ymTcNQQalAv8C6ak4UyB_q8/getUpdates "HTTP/1.1 200 OK"
2026-09-10 02:13:04,675 - httpx - INFO - HTTP Request: POST https://api.telegram.org/bot8942164862:AAEGbX-FW5J1ymTcNQQalAv8C6ak4UyB_q8/getUpdates "HTTP/1.1 200 OK"
2026-09-10 02:13:14,772 - httpx - INFO - HTTP Request: POST https://api.telegram.org/bot8942164862:AAEGbX-FW5J1ymTcNQQalAv8C6ak4UyB_q8/getUpdates "HTTP/1.1 200 OK"
2026-09-10 02:13:24,867 - httpx - INFO - HTTP Request: POST https://api.telegram.org/bot8942164862:AAEGbX-FW5J1ymTcNQQalAv8C6ak4UyB_q8/getUpdates "HTTP/1.1 200 OK"
2026-09-10 02:13:34,968 - httpx - INFO - HTTP Request: POST https://api.telegram.org/bot8942164862:AAEGbX-FW5J1ymTcNQQalAv8C6ak4UyB_q8/getUpdates "HTTP/1.1 200 OK"
2026-09-10 02:13:45,123 - httpx - INFO - HTTP Request: POST https://api.telegram.org/bot8942164862:AAEGbX-FW5J1ymTcNQQalAv8C6ak4UyB_q8/getUpdates "HTTP/1.1 200 OK"
2026-09-10 02:13:55,261 - httpx - INFO - HTTP Request: POST https://api.telegram.org/bot8942164862:AAEGbX-FW5J1ymTcNQQalAv8C6ak4UyB_q8/getUpdates "HTTP/1.1 200 OK"
2026-09-10 02:14:05,399 - httpx - INFO - HTTP Request: POST https://api.telegram.org/bot8942164862:AAEGbX-FW5J1ymTcNQQalAv8C6ak4UyB_q8/getUpdates "HTTP/1.1 200 OK"
2026-09-10 02:14:15,536 - httpx - INFO - HTTP Request: POST https://api.telegram.org/bot8942164862:AAEGbX-FW5J1ymTcNQQalAv8C6ak4UyB_q8/getUpdates "HTTP/1.1 200 OK"
2026-09-10 02:14:25,674 - httpx - INFO - HTTP Request: POST https://api.telegram.org/bot8942164862:AAEGbX-FW5J1ymTcNQQalAv8C6ak4UyB_q8/getUpdates "HTTP/1.1 200 OK"
2026-09-10 02:14:35,811 - httpx - INFO - HTTP Request: POST https://api.telegram.org/bot8942164862:AAEGbX-FW5J1ymTcNQQalAv8C6ak4UyB_q8/getUpdates "HTTP/1.1 200 OK"
2026-09-10 02:14:45,949 - httpx - INFO - HTTP Request: POST https://api.telegram.org/bot8942164862:AAEGbX-FW5J1ymTcNQQalAv8C6ak4UyB_q8/getUpdates "HTTP/1.1 200 OK"
2026-09-10 02:14:56,048 - httpx - INFO - HTTP Request: POST https://api.telegram.org/bot8942164862:AAEGbX-FW5J1ymTcNQQalAv8C6ak4UyB_q8/getUpdates "HTTP/1.1 200 OK"
2026-09-10 02:15:06,147 - httpx - INFO - HTTP Request: POST https://api.telegram.org/bot8942164862:AAEGbX-FW5J1ymTcNQQalAv8C6ak4UyB_q8/getUpdates "HTTP/1.1 200 OK"
2026-09-10 02:15:16,248 - httpx - INFO - HTTP Request: POST https://api.telegram.org/bot8942164862:AAEGbX-FW5J1ymTcNQQalAv8C6ak4UyB_q8/getUpdates "HTTP/1.1 200 OK"
2026-09-10 02:15:26,345 - httpx - INFO - HTTP Request: POST https://api.telegram.org/bot8942164862:AAEGbX-FW5J1ymTcNQQalAv8C6ak4UyB_q8/getUpdates "HTTP/1.1 200 OK"
2026-09-10 02:15:36,535 - httpx - INFO - HTTP Request: POST https://api.telegram.org/bot8942164862:AAEGbX-FW5J1ymTcNQQalAv8C6ak4UyB_q8/getUpdates "HTTP/1.1 200 OK"
2026-09-10 02:15:46,633 - httpx - INFO - HTTP Request: POST https://api.telegram.org/bot8942164862:AAEGbX-FW5J1ymTcNQQalAv8C6ak4UyB_q8/getUpdates "HTTP/1.1 200 OK"
2026-09-10 02:15:56,730 - httpx - INFO - HTTP Request: POST https://api.telegram.org/bot8942164862:AAEGbX-FW5J1ymTcNQQalAv8C6ak4UyB_q8/getUpdates "HTTP/1.1 200 OK"
2026-09-10 02:16:06,827 - httpx - INFO - HTTP Request: POST https://api.telegram.org/bot8942164862:AAEGbX-FW5J1ymTcNQQalAv8C6ak4UyB_q8/getUpdates "HTTP/1.1 200 OK"
2026-09-10 02:16:16,926 - httpx - INFO - HTTP Request: POST https://api.telegram.org/bot8942164862:AAEGbX-FW5J1ymTcNQQalAv8C6ak4UyB_q8/getUpdates "HTTP/1.1 200 OK"
2026-09-10 02:16:27,022 - httpx - INFO - HTTP Request: POST https://api.telegram.org/bot8942164862:AAEGbX-FW5J1ymTcNQQalAv8C6ak4UyB_q8/getUpdates "HTTP/1.1 200 OK"
2026-09-10 02:16:37,123 - httpx - INFO - HTTP Request: POST https://api.telegram.org/bot8942164862:AAEGbX-FW5J1ymTcNQQalAv8C6ak4UyB_q8/getUpdates "HTTP/1.1 200 OK"
2026-09-10 02:16:47,231 - httpx - INFO - HTTP Request: POST https://api.telegram.org/bot8942164862:AAEGbX-FW5J1ymTcNQQalAv8C6ak4UyB_q8/getUpdates "HTTP/1.1 200 OK"
2026-09-10 02:16:57,330 - httpx - INFO - HTTP Request: POST https://api.telegram.org/bot8942164862:AAEGbX-FW5J1ymTcNQQalAv8C6ak4UyB_q8/getUpdates "HTTP/1.1 200 OK"
2026-09-10 02:17:07,467 - httpx - INFO - HTTP Request: POST https://api.telegram.org/bot8942164862:AAEGbX-FW5J1ymTcNQQalAv8C6ak4UyB_q8/getUpdates "HTTP/1.1 200 OK"
2026-09-10 02:17:17,604 - httpx - INFO - HTTP Request: POST https://api.telegram.org/bot8942164862:AAEGbX-FW5J1ymTcNQQalAv8C6ak4UyB_q8/getUpdates "HTTP/1.1 200 OK"
2026-09-10 02:17:27,742 - httpx - INFO - HTTP Request: POST https://api.telegram.org/bot8942164862:AAEGbX-FW5J1ymTcNQQalAv8C6ak4UyB_q8/getUpdates "HTTP/1.1 200 OK"
2026-09-10 02:17:37,879 - httpx - INFO - HTTP Request: POST https://api.telegram.org/bot8942164862:AAEGbX-FW5J1ymTcNQQalAv8C6ak4UyB_q8/getUpdates "HTTP/1.1 200 OK"
2026-09-10 02:17:47,984 - httpx - INFO - HTTP Request: POST https://api.telegram.org/bot8942164862:AAEGbX-FW5J1ymTcNQQalAv8C6ak4UyB_q8/getUpdates "HTTP/1.1 200 OK"
2026-09-10 02:17:58,079 - httpx - INFO - HTTP Request: POST https://api.telegram.org/bot8942164862:AAEGbX-FW5J1ymTcNQQalAv8C6ak4UyB_q8/getUpdates "HTTP/1.1 200 OK"
2026-09-10 02:18:08,190 - httpx - INFO - HTTP Request: POST https://api.telegram.org/bot8942164862:AAEGbX-FW5J1ymTcNQQalAv8C6ak4UyB_q8/getUpdates "HTTP/1.1 200 OK"
2026-09-10 02:18:18,286 - httpx - INFO - HTTP Request: POST https://api.telegram.org/bot8942164862:AAEGbX-FW5J1ymTcNQQalAv8C6ak4UyB_q8/getUpdates "HTTP/1.1 200 OK"
2026-09-10 02:18:28,388 - httpx - INFO - HTTP Request: POST https://api.telegram.org/bot8942164862:AAEGbX-FW5J1ymTcNQQalAv8C6ak4UyB_q8/getUpdates "HTTP/1.1 200 OK"
2026-09-10 02:18:38,484 - httpx - INFO - HTTP Request: POST https://api.telegram.org/bot8942164862:AAEGbX-FW5J1ymTcNQQalAv8C6ak4UyB_q8/getUpdates "HTTP/1.1 200 OK"
2026-09-10 02:18:48,638 - httpx - INFO - HTTP Request: POST https://api.telegram.org/bot8942164862:AAEGbX-FW5J1ymTcNQQalAv8C6ak4UyB_q8/getUpdates "HTTP/1.1 200 OK"
2026-09-10 02:18:58,776 - httpx - INFO - HTTP Request: POST https://api.telegram.org/bot8942164862:AAEGbX-FW5J1ymTcNQQalAv8C6ak4UyB_q8/getUpdates "HTTP/1.1 200 OK"
2026-09-10 02:19:08,874 - httpx - INFO - HTTP Request: POST https://api.telegram.org/bot8942164862:AAEGbX-FW5J1ymTcNQQalAv8C6ak4UyB_q8/getUpdates "HTTP/1.1 200 OK"
2026-09-10 02:19:19,051 - httpx - INFO - HTTP Request: POST https://api.telegram.org/bot8942164862:AAEGbX-FW5J1ymTcNQQalAv8C6ak4UyB_q8/getUpdates "HTTP/1.1 200 OK"
2026-09-10 02:19:29,188 - httpx - INFO - HTTP Request: POST https://api.telegram.org/bot8942164862:AAEGbX-FW5J1ymTcNQQalAv8C6ak4UyB_q8/getUpdates "HTTP/1.1 200 OK"
2026-09-10 02:19:39,297 - httpx - INFO - HTTP Request: POST https://api.telegram.org/bot8942164862:AAEGbX-FW5J1ymTcNQQalAv8C6ak4UyB_q8/getUpdates "HTTP/1.1 200 OK"
2026-09-10 02:19:49,464 - httpx - INFO - HTTP Request: POST https://api.telegram.org/bot8942164862:AAEGbX-FW5J1ymTcNQQalAv8C6ak4UyB_q8/getUpdates "HTTP/1.1 200 OK"
2026-09-10 02:19:59,562 - httpx - INFO - HTTP Request: POST https://api.telegram.org/bot8942164862:AAEGbX-FW5J1ymTcNQQalAv8C6ak4UyB_q8/getUpdates "HTTP/1.1 200 OK"
2026-09-10 02:20:09,660 - httpx - INFO - HTTP Request: POST https://api.telegram.org/bot8942164862:AAEGbX-FW5J1ymTcNQQalAv8C6ak4UyB_q8/getUpdates "HTTP/1.1 200 OK"
2026-09-10 02:20:19,775 - httpx - INFO - HTTP Request: POST https://api.telegram.org/bot8942164862:AAEGbX-FW5J1ymTcNQQalAv8C6ak4UyB_q8/getUpdates "HTTP/1.1 200 OK"
2026-09-10 02:20:29,872 - httpx - INFO - HTTP Request: POST https://api.telegram.org/bot8942164862:AAEGbX-FW5J1ymTcNQQalAv8C6ak4UyB_q8/getUpdates "HTTP/1.1 200 OK"
2026-09-10 02:20:40,050 - httpx - INFO - HTTP Request: POST https://api.telegram.org/bot8942164862:AAEGbX-FW5J1ymTcNQQalAv8C6ak4UyB_q8/getUpdates "HTTP/1.1 200 OK"
2026-09-10 02:20:50,145 - httpx - INFO - HTTP Request: POST https://api.telegram.org/bot8942164862:AAEGbX-FW5J1ymTcNQQalAv8C6ak4UyB_q8/getUpdates "HTTP/1.1 200 OK"
2026-09-10 02:21:00,248 - httpx - INFO - HTTP Request: POST https://api.telegram.org/bot8942164862:AAEGbX-FW5J1ymTcNQQalAv8C6ak4UyB_q8/getUpdates "HTTP/1.1 200 OK"
2026-09-10 02:21:10,350 - httpx - INFO - HTTP Request: POST https://api.telegram.org/bot8942164862:AAEGbX-FW5J1ymTcNQQalAv8C6ak4UyB_q8/getUpdates "HTTP/1.1 200 OK"
2026-09-10 02:21:20,446 - httpx - INFO - HTTP Request: POST https://api.telegram.org/bot8942164862:AAEGbX-FW5J1ymTcNQQalAv8C6ak4UyB_q8/getUpdates "HTTP/1.1 200 OK"
2026-09-10 02:21:30,632 - httpx - INFO - HTTP Request: POST https://api.telegram.org/bot8942164862:AAEGbX-FW5J1ymTcNQQalAv8C6ak4UyB_q8/getUpdates "HTTP/1.1 200 OK"
2026-09-10 02:21:40,876 - httpx - INFO - HTTP Request: POST https://api.telegram.org/bot8942164862:AAEGbX-FW5J1ymTcNQQalAv8C6ak4UyB_q8/getUpdates "HTTP/1.1 200 OK"
2026-09-10 02:21:51,014 - httpx - INFO - HTTP Request: POST https://api.telegram.org/bot8942164862:AAEGbX-FW5J1ymTcNQQalAv8C6ak4UyB_q8/getUpdates "HTTP/1.1 200 OK"
2026-09-10 02:22:01,112 - httpx - INFO - HTTP Request: POST https://api.telegram.org/bot8942164862:AAEGbX-FW5J1ymTcNQQalAv8C6ak4UyB_q8/getUpdates "HTTP/1.1 200 OK"
2026-09-10 02:22:11,290 - httpx - INFO - HTTP Request: POST https://api.telegram.org/bot8942164862:AAEGbX-FW5J1ymTcNQQalAv8C6ak4UyB_q8/getUpdates "HTTP/1.1 200 OK"
2026-09-10 02:22:21,427 - httpx - INFO - HTTP Request: POST https://api.telegram.org/bot8942164862:AAEGbX-FW5J1ymTcNQQalAv8C6ak4UyB_q8/getUpdates "HTTP/1.1 200 OK"
2026-09-10 02:22:31,521 - httpx - INFO - HTTP Request: POST https://api.telegram.org/bot8942164862:AAEGbX-FW5J1ymTcNQQalAv8C6ak4UyB_q8/getUpdates "HTTP/1.1 200 OK"
2026-09-10 02:22:41,702 - httpx - INFO - HTTP Request: POST https://api.telegram.org/bot8942164862:AAEGbX-FW5J1ymTcNQQalAv8C6ak4UyB_q8/getUpdates "HTTP/1.1 200 OK"
2026-09-10 02:22:51,839 - httpx - INFO - HTTP Request: POST https://api.telegram.org/bot8942164862:AAEGbX-FW5J1ymTcNQQalAv8C6ak4UyB_q8/getUpdates "HTTP/1.1 200 OK"
2026-09-10 02:23:01,978 - httpx - INFO - HTTP Request: POST https://api.telegram.org/bot8942164862:AAEGbX-FW5J1ymTcNQQalAv8C6ak4UyB_q8/getUpdates "HTTP/1.1 200 OK"
2026-09-10 02:23:12,116 - httpx - INFO - HTTP Request: POST https://api.telegram.org/bot8942164862:AAEGbX-FW5J1ymTcNQQalAv8C6ak4UyB_q8/getUpdates "HTTP/1.1 200 OK"
2026-09-10 02:23:22,252 - httpx - INFO - HTTP Request: POST https://api.telegram.org/bot8942164862:AAEGbX-FW5J1ymTcNQQalAv8C6ak4UyB_q8/getUpdates "HTTP/1.1 200 OK"
2026-09-10 02:23:32,390 - httpx - INFO - HTTP Request: POST https://api.telegram.org/bot8942164862:AAEGbX-FW5J1ymTcNQQalAv8C6ak4UyB_q8/getUpdates "HTTP/1.1 200 OK"
2026-09-10 02:23:42,489 - httpx - INFO - HTTP Request: POST https://api.telegram.org/bot8942164862:AAEGbX-FW5J1ymTcNQQalAv8C6ak4UyB_q8/getUpdates "HTTP/1.1 200 OK"
2026-09-10 02:23:52,665 - httpx - INFO - HTTP Request: POST https://api.telegram.org/bot8942164862:AAEGbX-FW5J1ymTcNQQalAv8C6ak4UyB_q8/getUpdates "HTTP/1.1 200 OK"
2026-09-10 02:24:02,803 - httpx - INFO - HTTP Request: POST https://api.telegram.org/bot8942164862:AAEGbX-FW5J1ymTcNQQalAv8C6ak4UyB_q8/getUpdates "HTTP/1.1 200 OK"
2026-09-10 02:24:12,942 - httpx - INFO - HTTP Request: POST https://api.telegram.org/bot8942164862:AAEGbX-FW5J1ymTcNQQalAv8C6ak4UyB_q8/getUpdates "HTTP/1.1 200 OK"
2026-09-10 02:24:23,078 - httpx - INFO - HTTP Request: POST https://api.telegram.org/bot8942164862:AAEGbX-FW5J1ymTcNQQalAv8C6ak4UyB_q8/getUpdates "HTTP/1.1 200 OK"
2026-09-10 02:24:33,177 - httpx - INFO - HTTP Request: POST https://api.telegram.org/bot8942164862:AAEGbX-FW5J1ymTcNQQalAv8C6ak4UyB_q8/getUpdates "HTTP/1.1 200 OK"
2026-09-10 02:24:43,353 - httpx - INFO - HTTP Request: POST https://api.telegram.org/bot8942164862:AAEGbX-FW5J1ymTcNQQalAv8C6ak4UyB_q8/getUpdates "HTTP/1.1 200 OK"
2026-09-10 02:24:53,491 - httpx - INFO - HTTP Request: POST https://api.telegram.org/bot8942164862:AAEGbX-FW5J1ymTcNQQalAv8C6ak4UyB_q8/getUpdates "HTTP/1.1 200 OK"
2026-09-10 02:25:03,629 - httpx - INFO - HTTP Request: POST https://api.telegram.org/bot8942164862:AAEGbX-FW5J1ymTcNQQalAv8C6ak4UyB_q8/getUpdates "HTTP/1.1 200 OK"
2026-09-10 02:25:13,767 - httpx - INFO - HTTP Request: POST https://api.telegram.org/bot8942164862:AAEGbX-FW5J1ymTcNQQalAv8C6ak4UyB_q8/getUpdates "HTTP/1.1 200 OK"
2026-09-10 02:25:23,904 - httpx - INFO - HTTP Request: POST https://api.telegram.org/bot8942164862:AAEGbX-FW5J1ymTcNQQalAv8C6ak4UyB_q8/getUpdates "HTTP/1.1 200 OK"
2026-09-10 02:25:34,000 - httpx - INFO - HTTP Request: POST https://api.telegram.org/bot8942164862:AAEGbX-FW5J1ymTcNQQalAv8C6ak4UyB_q8/getUpdates "HTTP/1.1 200 OK"
2026-09-10 02:25:44,180 - httpx - INFO - HTTP Request: POST https://api.telegram.org/bot8942164862:AAEGbX-FW5J1ymTcNQQalAv8C6ak4UyB_q8/getUpdates "HTTP/1.1 200 OK"
2026-09-10 02:25:54,277 - httpx - INFO - HTTP Request: POST https://api.telegram.org/bot8942164862:AAEGbX-FW5J1ymTcNQQalAv8C6ak4UyB_q8/getUpdates "HTTP/1.1 200 OK"
2026-09-10 02:26:04,454 - httpx - INFO - HTTP Request: POST https://api.telegram.org/bot8942164862:AAEGbX-FW5J1ymTcNQQalAv8C6ak4UyB_q8/getUpdates "HTTP/1.1 200 OK"
2026-09-10 02:26:14,593 - httpx - INFO - HTTP Request: POST https://api.telegram.org/bot8942164862:AAEGbX-FW5J1ymTcNQQalAv8C6ak4UyB_q8/getUpdates "HTTP/1.1 200 OK"
2026-09-10 02:26:24,730 - httpx - INFO - HTTP Request: POST https://api.telegram.org/bot8942164862:AAEGbX-FW5J1ymTcNQQalAv8C6ak4UyB_q8/getUpdates "HTTP/1.1 200 OK"
2026-09-10 02:26:34,878 - httpx - INFO - HTTP Request: POST https://api.telegram.org/bot8942164862:AAEGbX-FW5J1ymTcNQQalAv8C6ak4UyB_q8/getUpdates "HTTP/1.1 200 OK"
2026-09-10 02:26:45,005 - httpx - INFO - HTTP Request: POST https://api.telegram.org/bot8942164862:AAEGbX-FW5J1ymTcNQQalAv8C6ak4UyB_q8/getUpdates "HTTP/1.1 200 OK"
2026-09-10 02:26:55,105 - httpx - INFO - HTTP Request: POST https://api.telegram.org/bot8942164862:AAEGbX-FW5J1ymTcNQQalAv8C6ak4UyB_q8/getUpdates "HTTP/1.1 200 OK"
2026-09-10 02:27:05,217 - httpx - INFO - HTTP Request: POST https://api.telegram.org/bot8942164862:AAEGbX-FW5J1ymTcNQQalAv8C6ak4UyB_q8/getUpdates "HTTP/1.1 200 OK"
2026-09-10 02:27:15,418 - httpx - INFO - HTTP Request: POST https://api.telegram.org/bot8942164862:AAEGbX-FW5J1ymTcNQQalAv8C6ak4UyB_q8/getUpdates "HTTP/1.1 200 OK"
2026-09-10 02:27:25,516 - httpx - INFO - HTTP Request: POST https://api.telegram.org/bot8942164862:AAEGbX-FW5J1ymTcNQQalAv8C6ak4UyB_q8/getUpdates "HTTP/1.1 200 OK"
2026-09-10 02:27:35,612 - httpx - INFO - HTTP Request: POST https://api.telegram.org/bot8942164862:AAEGbX-FW5J1ymTcNQQalAv8C6ak4UyB_q8/getUpdates "HTTP/1.1 200 OK"
2026-09-10 02:27:45,709 - httpx - INFO - HTTP Request: POST https://api.telegram.org/bot8942164862:AAEGbX-FW5J1ymTcNQQalAv8C6ak4UyB_q8/getUpdates "HTTP/1.1 200 OK"
2026-09-10 02:27:55,805 - httpx - INFO - HTTP Request: POST https://api.telegram.org/bot8942164862:AAEGbX-FW5J1ymTcNQQalAv8C6ak4UyB_q8/getUpdates "HTTP/1.1 200 OK"
2026-09-10 02:28:05,902 - httpx - INFO - HTTP Request: POST https://api.telegram.org/bot8942164862:AAEGbX-FW5J1ymTcNQQalAv8C6ak4UyB_q8/getUpdates "HTTP/1.1 200 OK"
2026-09-10 02:28:16,039 - httpx - INFO - HTTP Request: POST https://api.telegram.org/bot8942164862:AAEGbX-FW5J1ymTcNQQalAv8C6ak4UyB_q8/getUpdates "HTTP/1.1 200 OK"
2026-09-10 02:28:26,177 - httpx - INFO - HTTP Request: POST https://api.telegram.org/bot8942164862:AAEGbX-FW5J1ymTcNQQalAv8C6ak4UyB_q8/getUpdates "HTTP/1.1 200 OK"
2026-09-10 02:28:36,317 - httpx - INFO - HTTP Request: POST https://api.telegram.org/bot8942164862:AAEGbX-FW5J1ymTcNQQalAv8C6ak4UyB_q8/getUpdates "HTTP/1.1 200 OK"
2026-09-10 02:28:46,455 - httpx - INFO - HTTP Request: POST https://api.telegram.org/bot8942164862:AAEGbX-FW5J1ymTcNQQalAv8C6ak4UyB_q8/getUpdates "HTTP/1.1 200 OK"
2026-09-10 02:28:56,592 - httpx - INFO - HTTP Request: POST https://api.telegram.org/bot8942164862:AAEGbX-FW5J1ymTcNQQalAv8C6ak4UyB_q8/getUpdates "HTTP/1.1 200 OK"
2026-09-10 02:29:06,688 - httpx - INFO - HTTP Request: POST https://api.telegram.org/bot8942164862:AAEGbX-FW5J1ymTcNQQalAv8C6ak4UyB_q8/getUpdates "HTTP/1.1 200 OK"
2026-09-10 02:29:16,867 - httpx - INFO - HTTP Request: POST https://api.telegram.org/bot8942164862:AAEGbX-FW5J1ymTcNQQalAv8C6ak4UyB_q8/getUpdates "HTTP/1.1 200 OK"
2026-09-10 02:29:27,005 - httpx - INFO - HTTP Request: POST https://api.telegram.org/bot8942164862:AAEGbX-FW5J1ymTcNQQalAv8C6ak4UyB_q8/getUpdates "HTTP/1.1 200 OK"
2026-09-10 02:29:37,101 - httpx - INFO - HTTP Request: POST https://api.telegram.org/bot8942164862:AAEGbX-FW5J1ymTcNQQalAv8C6ak4UyB_q8/getUpdates "HTTP/1.1 200 OK"
2026-09-10 02:29:47,281 - httpx - INFO - HTTP Request: POST https://api.telegram.org/bot8942164862:AAEGbX-FW5J1ymTcNQQalAv8C6ak4UyB_q8/getUpdates "HTTP/1.1 200 OK"
2026-09-10 02:29:57,386 - httpx - INFO - HTTP Request: POST https://api.telegram.org/bot8942164862:AAEGbX-FW5J1ymTcNQQalAv8C6ak4UyB_q8/getUpdates "HTTP/1.1 200 OK"
2026-09-10 02:30:07,555 - httpx - INFO - HTTP Request: POST https://api.telegram.org/bot8942164862:AAEGbX-FW5J1ymTcNQQalAv8C6ak4UyB_q8/getUpdates "HTTP/1.1 200 OK"
2026-09-10 02:30:17,694 - httpx - INFO - HTTP Request: POST https://api.telegram.org/bot8942164862:AAEGbX-FW5J1ymTcNQQalAv8C6ak4UyB_q8/getUpdates "HTTP/1.1 200 OK"
2026-09-10 02:30:27,791 - httpx - INFO - HTTP Request: POST https://api.telegram.org/bot8942164862:AAEGbX-FW5J1ymTcNQQalAv8C6ak4UyB_q8/getUpdates "HTTP/1.1 200 OK"
2026-09-10 02:30:37,889 - httpx - INFO - HTTP Request: POST https://api.telegram.org/bot8942164862:AAEGbX-FW5J1ymTcNQQalAv8C6ak4UyB_q8/getUpdates "HTTP/1.1 200 OK"
2026-09-10 02:30:47,985 - httpx - INFO - HTTP Request: POST https://api.telegram.org/bot8942164862:AAEGbX-FW5J1ymTcNQQalAv8C6ak4UyB_q8/getUpdates "HTTP/1.1 200 OK"
2026-09-10 02:30:58,143 - httpx - INFO - HTTP Request: POST https://api.telegram.org/bot8942164862:AAEGbX-FW5J1ymTcNQQalAv8C6ak4UyB_q8/getUpdates "HTTP/1.1 200 OK"
2026-09-10 02:31:08,381 - httpx - INFO - HTTP Request: POST https://api.telegram.org/bot8942164862:AAEGbX-FW5J1ymTcNQQalAv8C6ak4UyB_q8/getUpdates "HTTP/1.1 200 OK"
2026-09-10 02:31:18,519 - httpx - INFO - HTTP Request: POST https://api.telegram.org/bot8942164862:AAEGbX-FW5J1ymTcNQQalAv8C6ak4UyB_q8/getUpdates "HTTP/1.1 200 OK"
2026-09-10 02:31:28,654 - httpx - INFO - HTTP Request: POST https://api.telegram.org/bot8942164862:AAEGbX-FW5J1ymTcNQQalAv8C6ak4UyB_q8/getUpdates "HTTP/1.1 200 OK"
2026-09-10 02:31:39,000 - httpx - INFO - HTTP Request: POST https://api.telegram.org/bot8942164862:AAEGbX-FW5J1ymTcNQQalAv8C6ak4UyB_q8/getUpdates "HTTP/1.1 200 OK"
2026-09-10 02:31:49,136 - httpx - INFO - HTTP Request: POST https://api.telegram.org/bot8942164862:AAEGbX-FW5J1ymTcNQQalAv8C6ak4UyB_q8/getUpdates "HTTP/1.1 200 OK"
2026-09-10 02:31:59,272 - httpx - INFO - HTTP Request: POST https://api.telegram.org/bot8942164862:AAEGbX-FW5J1ymTcNQQalAv8C6ak4UyB_q8/getUpdates "HTTP/1.1 200 OK"
2026-09-10 02:32:09,413 - httpx - INFO - HTTP Request: POST https://api.telegram.org/bot8942164862:AAEGbX-FW5J1ymTcNQQalAv8C6ak4UyB_q8/getUpdates "HTTP/1.1 200 OK"
2026-09-10 02:32:19,550 - httpx - INFO - HTTP Request: POST https://api.telegram.org/bot8942164862:AAEGbX-FW5J1ymTcNQQalAv8C6ak4UyB_q8/getUpdates "HTTP/1.1 200 OK"
2026-09-10 02:32:29,688 - httpx - INFO - HTTP Request: POST https://api.telegram.org/bot8942164862:AAEGbX-FW5J1ymTcNQQalAv8C6ak4UyB_q8/getUpdates "HTTP/1.1 200 OK"
2026-09-10 02:32:39,825 - httpx - INFO - HTTP Request: POST https://api.telegram.org/bot8942164862:AAEGbX-FW5J1ymTcNQQalAv8C6ak4UyB_q8/getUpdates "HTTP/1.1 200 OK"
2026-09-10 02:32:49,963 - httpx - INFO - HTTP Request: POST https://api.telegram.org/bot8942164862:AAEGbX-FW5J1ymTcNQQalAv8C6ak4UyB_q8/getUpdates "HTTP/1.1 200 OK"
2026-09-10 02:33:00,061 - httpx - INFO - HTTP Request: POST https://api.telegram.org/bot8942164862:AAEGbX-FW5J1ymTcNQQalAv8C6ak4UyB_q8/getUpdates "HTTP/1.1 200 OK"
2026-09-10 02:33:10,238 - httpx - INFO - HTTP Request: POST https://api.telegram.org/bot8942164862:AAEGbX-FW5J1ymTcNQQalAv8C6ak4UyB_q8/getUpdates "HTTP/1.1 200 OK"
2026-09-10 02:33:20,377 - httpx - INFO - HTTP Request: POST https://api.telegram.org/bot8942164862:AAEGbX-FW5J1ymTcNQQalAv8C6ak4UyB_q8/getUpdates "HTTP/1.1 200 OK"
2026-09-10 02:33:30,514 - httpx - INFO - HTTP Request: POST https://api.telegram.org/bot8942164862:AAEGbX-FW5J1ymTcNQQalAv8C6ak4UyB_q8/getUpdates "HTTP/1.1 200 OK"
2026-09-10 02:33:40,649 - httpx - INFO - HTTP Request: POST https://api.telegram.org/bot8942164862:AAEGbX-FW5J1ymTcNQQalAv8C6ak4UyB_q8/getUpdates "HTTP/1.1 200 OK"
2026-09-10 02:33:50,747 - httpx - INFO - HTTP Request: POST https://api.telegram.org/bot8942164862:AAEGbX-FW5J1ymTcNQQalAv8C6ak4UyB_q8/getUpdates "HTTP/1.1 200 OK"
2026-09-10 02:34:00,846 - httpx - INFO - HTTP Request: POST https://api.telegram.org/bot8942164862:AAEGbX-FW5J1ymTcNQQalAv8C6ak4UyB_q8/getUpdates "HTTP/1.1 200 OK"
2026-09-10 02:34:10,960 - httpx - INFO - HTTP Request: POST https://api.telegram.org/bot8942164862:AAEGbX-FW5J1ymTcNQQalAv8C6ak4UyB_q8/getUpdates "HTTP/1.1 200 OK"
2026-09-10 02:34:21,101 - httpx - INFO - HTTP Request: POST https://api.telegram.org/bot8942164862:AAEGbX-FW5J1ymTcNQQalAv8C6ak4UyB_q8/getUpdates "HTTP/1.1 200 OK"
2026-09-10 02:34:31,198 - httpx - INFO - HTTP Request: POST https://api.telegram.org/bot8942164862:AAEGbX-FW5J1ymTcNQQalAv8C6ak4UyB_q8/getUpdates "HTTP/1.1 200 OK"
2026-09-10 02:34:41,373 - httpx - INFO - HTTP Request: POST https://api.telegram.org/bot8942164862:AAEGbX-FW5J1ymTcNQQalAv8C6ak4UyB_q8/getUpdates "HTTP/1.1 200 OK"
2026-09-10 02:34:51,510 - httpx - INFO - HTTP Request: POST https://api.telegram.org/bot8942164862:AAEGbX-FW5J1ymTcNQQalAv8C6ak4UyB_q8/getUpdates "HTTP/1.1 200 OK"
2026-09-10 02:35:01,648 - httpx - INFO - HTTP Request: POST https://api.telegram.org/bot8942164862:AAEGbX-FW5J1ymTcNQQalAv8C6ak4UyB_q8/getUpdates "HTTP/1.1 200 OK"
2026-09-10 02:35:11,786 - httpx - INFO - HTTP Request: POST https://api.telegram.org/bot8942164862:AAEGbX-FW5J1ymTcNQQalAv8C6ak4UyB_q8/getUpdates "HTTP/1.1 200 OK"
2026-09-10 02:35:21,891 - httpx - INFO - HTTP Request: POST https://api.telegram.org/bot8942164862:AAEGbX-FW5J1ymTcNQQalAv8C6ak4UyB_q8/getUpdates "HTTP/1.1 200 OK"
2026-09-10 02:35:32,066 - httpx - INFO - HTTP Request: POST https://api.telegram.org/bot8942164862:AAEGbX-FW5J1ymTcNQQalAv8C6ak4UyB_q8/getUpdates "HTTP/1.1 200 OK"
2026-09-10 02:35:42,198 - httpx - INFO - HTTP Request: POST https://api.telegram.org/bot8942164862:AAEGbX-FW5J1ymTcNQQalAv8C6ak4UyB_q8/getUpdates "HTTP/1.1 200 OK"
2026-09-10 02:35:52,295 - httpx - INFO - HTTP Request: POST https://api.telegram.org/bot8942164862:AAEGbX-FW5J1ymTcNQQalAv8C6ak4UyB_q8/getUpdates "HTTP/1.1 200 OK"
2026-09-10 02:36:02,474 - httpx - INFO - HTTP Request: POST https://api.telegram.org/bot8942164862:AAEGbX-FW5J1ymTcNQQalAv8C6ak4UyB_q8/getUpdates "HTTP/1.1 200 OK"
2026-09-10 02:36:12,582 - httpx - INFO - HTTP Request: POST https://api.telegram.org/bot8942164862:AAEGbX-FW5J1ymTcNQQalAv8C6ak4UyB_q8/getUpdates "HTTP/1.1 200 OK"
2026-09-10 02:36:22,680 - httpx - INFO - HTTP Request: POST https://api.telegram.org/bot8942164862:AAEGbX-FW5J1ymTcNQQalAv8C6ak4UyB_q8/getUpdates "HTTP/1.1 200 OK"
2026-09-10 02:36:32,887 - httpx - INFO - HTTP Request: POST https://api.telegram.org/bot8942164862:AAEGbX-FW5J1ymTcNQQalAv8C6ak4UyB_q8/getUpdates "HTTP/1.1 200 OK"
2026-09-10 02:36:43,024 - httpx - INFO - HTTP Request: POST https://api.telegram.org/bot8942164862:AAEGbX-FW5J1ymTcNQQalAv8C6ak4UyB_q8/getUpdates "HTTP/1.1 200 OK"
2026-09-10 02:36:53,121 - httpx - INFO - HTTP Request: POST https://api.telegram.org/bot8942164862:AAEGbX-FW5J1ymTcNQQalAv8C6ak4UyB_q8/getUpdates "HTTP/1.1 200 OK"
2026-09-10 02:37:03,219 - httpx - INFO - HTTP Request: POST https://api.telegram.org/bot8942164862:AAEGbX-FW5J1ymTcNQQalAv8C6ak4UyB_q8/getUpdates "HTTP/1.1 200 OK"
2026-09-10 02:37:13,335 - httpx - INFO - HTTP Request: POST https://api.telegram.org/bot8942164862:AAEGbX-FW5J1ymTcNQQalAv8C6ak4UyB_q8/getUpdates "HTTP/1.1 200 OK"
2026-09-10 02:37:23,478 - httpx - INFO - HTTP Request: POST https://api.telegram.org/bot8942164862:AAEGbX-FW5J1ymTcNQQalAv8C6ak4UyB_q8/getUpdates "HTTP/1.1 200 OK"
2026-09-10 02:37:33,615 - httpx - INFO - HTTP Request: POST https://api.telegram.org/bot8942164862:AAEGbX-FW5J1ymTcNQQalAv8C6ak4UyB_q8/getUpdates "HTTP/1.1 200 OK"
2026-09-10 02:37:43,748 - httpx - INFO - HTTP Request: POST https://api.telegram.org/bot8942164862:AAEGbX-FW5J1ymTcNQQalAv8C6ak4UyB_q8/getUpdates "HTTP/1.1 200 OK"
2026-09-10 02:37:53,885 - httpx - INFO - HTTP Request: POST https://api.telegram.org/bot8942164862:AAEGbX-FW5J1ymTcNQQalAv8C6ak4UyB_q8/getUpdates "HTTP/1.1 200 OK"
2026-09-10 02:38:04,023 - httpx - INFO - HTTP Request: POST https://api.telegram.org/bot8942164862:AAEGbX-FW5J1ymTcNQQalAv8C6ak4UyB_q8/getUpdates "HTTP/1.1 200 OK"
2026-09-10 02:38:14,161 - httpx - INFO - HTTP Request: POST https://api.telegram.org/bot8942164862:AAEGbX-FW5J1ymTcNQQalAv8C6ak4UyB_q8/getUpdates "HTTP/1.1 200 OK"
2026-09-10 02:38:24,260 - httpx - INFO - HTTP Request: POST https://api.telegram.org/bot8942164862:AAEGbX-FW5J1ymTcNQQalAv8C6ak4UyB_q8/getUpdates "HTTP/1.1 200 OK"
2026-09-10 02:38:34,361 - httpx - INFO - HTTP Request: POST https://api.telegram.org/bot8942164862:AAEGbX-FW5J1ymTcNQQalAv8C6ak4UyB_q8/getUpdates "HTTP/1.1 200 OK"
2026-09-10 02:38:44,471 - httpx - INFO - HTTP Request: POST https://api.telegram.org/bot8942164862:AAEGbX-FW5J1ymTcNQQalAv8C6ak4UyB_q8/getUpdates "HTTP/1.1 200 OK"
2026-09-10 02:38:54,573 - httpx - INFO - HTTP Request: POST https://api.telegram.org/bot8942164862:AAEGbX-FW5J1ymTcNQQalAv8C6ak4UyB_q8/getUpdates "HTTP/1.1 200 OK"
2026-09-10 02:39:04,747 - httpx - INFO - HTTP Request: POST https://api.telegram.org/bot8942164862:AAEGbX-FW5J1ymTcNQQalAv8C6ak4UyB_q8/getUpdates "HTTP/1.1 200 OK"
2026-09-10 02:39:14,884 - httpx - INFO - HTTP Request: POST https://api.telegram.org/bot8942164862:AAEGbX-FW5J1ymTcNQQalAv8C6ak4UyB_q8/getUpdates "HTTP/1.1 200 OK"
2026-09-10 02:39:25,022 - httpx - INFO - HTTP Request: POST https://api.telegram.org/bot8942164862:AAEGbX-FW5J1ymTcNQQalAv8C6ak4UyB_q8/getUpdates "HTTP/1.1 200 OK"
2026-09-10 02:39:35,154 - httpx - INFO - HTTP Request: POST https://api.telegram.org/bot8942164862:AAEGbX-FW5J1ymTcNQQalAv8C6ak4UyB_q8/getUpdates "HTTP/1.1 200 OK"
2026-09-10 02:39:45,253 - httpx - INFO - HTTP Request: POST https://api.telegram.org/bot8942164862:AAEGbX-FW5J1ymTcNQQalAv8C6ak4UyB_q8/getUpdates "HTTP/1.1 200 OK"
2026-09-10 02:39:55,435 - httpx - INFO - HTTP Request: POST https://api.telegram.org/bot8942164862:AAEGbX-FW5J1ymTcNQQalAv8C6ak4UyB_q8/getUpdates "HTTP/1.1 200 OK"
2026-09-10 02:40:04,958 - httpx - INFO - HTTP Request: POST https://api.telegram.org/bot8942164862:AAEGbX-FW5J1ymTcNQQalAv8C6ak4UyB_q8/getUpdates "HTTP/1.1 200 OK"
2026-09-10 02:40:05,316 - httpx - INFO - HTTP Request: POST https://api.telegram.org/bot8942164862:AAEGbX-FW5J1ymTcNQQalAv8C6ak4UyB_q8/sendMessage "HTTP/1.1 200 OK"
2026-09-10 02:40:15,057 - httpx - INFO - HTTP Request: POST https://api.telegram.org/bot8942164862:AAEGbX-FW5J1ymTcNQQalAv8C6ak4UyB_q8/getUpdates "HTTP/1.1 200 OK"
2026-09-10 02:40:25,157 - httpx - INFO - HTTP Request: POST https://api.telegram.org/bot8942164862:AAEGbX-FW5J1ymTcNQQalAv8C6ak4UyB_q8/getUpdates "HTTP/1.1 200 OK"
2026-09-10 02:40:33,688 - httpx - INFO - HTTP Request: POST https://api.telegram.org/bot8942164862:AAEGbX-FW5J1ymTcNQQalAv8C6ak4UyB_q8/getUpdates "HTTP/1.1 200 OK"
2026-09-10 02:40:33,996 - httpx - INFO - HTTP Request: POST https://api.telegram.org/bot8942164862:AAEGbX-FW5J1ymTcNQQalAv8C6ak4UyB_q8/answerCallbackQuery "HTTP/1.1 200 OK"
2026-09-10 02:40:34,120 - httpx - INFO - HTTP Request: POST https://api.telegram.org/bot8942164862:AAEGbX-FW5J1ymTcNQQalAv8C6ak4UyB_q8/editMessageText "HTTP/1.1 200 OK"
2026-09-10 02:40:43,870 - httpx - INFO - HTTP Request: POST https://api.telegram.org/bot8942164862:AAEGbX-FW5J1ymTcNQQalAv8C6ak4UyB_q8/getUpdates "HTTP/1.1 200 OK"
2026-09-10 02:40:54,008 - httpx - INFO - HTTP Request: POST https://api.telegram.org/bot8942164862:AAEGbX-FW5J1ymTcNQQalAv8C6ak4UyB_q8/getUpdates "HTTP/1.1 200 OK"
2026-09-10 02:41:04,146 - httpx - INFO - HTTP Request: POST https://api.telegram.org/bot8942164862:AAEGbX-FW5J1ymTcNQQalAv8C6ak4UyB_q8/getUpdates "HTTP/1.1 200 OK"
2026-09-10 02:41:14,245 - httpx - INFO - HTTP Request: POST https://api.telegram.org/bot8942164862:AAEGbX-FW5J1ymTcNQQalAv8C6ak4UyB_q8/getUpdates "HTTP/1.1 200 OK"
2026-09-10 02:41:24,421 - httpx - INFO - HTTP Request: POST https://api.telegram.org/bot8942164862:AAEGbX-FW5J1ymTcNQQalAv8C6ak4UyB_q8/getUpdates "HTTP/1.1 200 OK"
2026-09-10 02:41:34,522 - httpx - INFO - HTTP Request: POST https://api.telegram.org/bot8942164862:AAEGbX-FW5J1ymTcNQQalAv8C6ak4UyB_q8/getUpdates "HTTP/1.1 200 OK"
2026-09-10 02:41:44,624 - httpx - INFO - HTTP Request: POST https://api.telegram.org/bot8942164862:AAEGbX-FW5J1ymTcNQQalAv8C6ak4UyB_q8/getUpdates "HTTP/1.1 200 OK"
2026-09-10 02:41:54,726 - httpx - INFO - HTTP Request: POST https://api.telegram.org/bot8942164862:AAEGbX-FW5J1ymTcNQQalAv8C6ak4UyB_q8/getUpdates "HTTP/1.1 200 OK"
2026-09-10 02:42:04,830 - httpx - INFO - HTTP Request: POST https://api.telegram.org/bot8942164862:AAEGbX-FW5J1ymTcNQQalAv8C6ak4UyB_q8/getUpdates "HTTP/1.1 200 OK"
2026-09-10 02:42:15,006 - httpx - INFO - HTTP Request: POST https://api.telegram.org/bot8942164862:AAEGbX-FW5J1ymTcNQQalAv8C6ak4UyB_q8/getUpdates "HTTP/1.1 200 OK"
2026-09-10 02:42:25,109 - httpx - INFO - HTTP Request: POST https://api.telegram.org/bot8942164862:AAEGbX-FW5J1ymTcNQQalAv8C6ak4UyB_q8/getUpdates "HTTP/1.1 200 OK"
2026-09-10 02:42:35,208 - httpx - INFO - HTTP Request: POST https://api.telegram.org/bot8942164862:AAEGbX-FW5J1ymTcNQQalAv8C6ak4UyB_q8/getUpdates "HTTP/1.1 200 OK"
2026-09-10 02:42:45,317 - httpx - INFO - HTTP Request: POST https://api.telegram.org/bot8942164862:AAEGbX-FW5J1ymTcNQQalAv8C6ak4UyB_q8/getUpdates "HTTP/1.1 200 OK"
2026-09-10 02:42:55,415 - httpx - INFO - HTTP Request: POST https://api.telegram.org/bot8942164862:AAEGbX-FW5J1ymTcNQQalAv8C6ak4UyB_q8/getUpdates "HTTP/1.1 200 OK"
2026-09-10 02:43:05,593 - httpx - INFO - HTTP Request: POST https://api.telegram.org/bot8942164862:AAEGbX-FW5J1ymTcNQQalAv8C6ak4UyB_q8/getUpdates "HTTP/1.1 200 OK"
2026-09-10 02:43:15,730 - httpx - INFO - HTTP Request: POST https://api.telegram.org/bot8942164862:AAEGbX-FW5J1ymTcNQQalAv8C6ak4UyB_q8/getUpdates "HTTP/1.1 200 OK"
2026-09-10 02:43:25,868 - httpx - INFO - HTTP Request: POST https://api.telegram.org/bot8942164862:AAEGbX-FW5J1ymTcNQQalAv8C6ak4UyB_q8/getUpdates "HTTP/1.1 200 OK"
2026-09-10 02:43:35,970 - httpx - INFO - HTTP Request: POST https://api.telegram.org/bot8942164862:AAEGbX-FW5J1ymTcNQQalAv8C6ak4UyB_q8/getUpdates "HTTP/1.1 200 OK"
2026-09-10 02:43:46,143 - httpx - INFO - HTTP Request: POST https://api.telegram.org/bot8942164862:AAEGbX-FW5J1ymTcNQQalAv8C6ak4UyB_q8/getUpdates "HTTP/1.1 200 OK"
2026-09-10 02:43:56,281 - httpx - INFO - HTTP Request: POST https://api.telegram.org/bot8942164862:AAEGbX-FW5J1ymTcNQQalAv8C6ak4UyB_q8/getUpdates "HTTP/1.1 200 OK"
2026-09-10 02:44:06,418 - httpx - INFO - HTTP Request: POST https://api.telegram.org/bot8942164862:AAEGbX-FW5J1ymTcNQQalAv8C6ak4UyB_q8/getUpdates "HTTP/1.1 200 OK"
2026-09-10 02:44:16,556 - httpx - INFO - HTTP Request: POST https://api.telegram.org/bot8942164862:AAEGbX-FW5J1ymTcNQQalAv8C6ak4UyB_q8/getUpdates "HTTP/1.1 200 OK"
2026-09-10 02:44:26,694 - httpx - INFO - HTTP Request: POST https://api.telegram.org/bot8942164862:AAEGbX-FW5J1ymTcNQQalAv8C6ak4UyB_q8/getUpdates "HTTP/1.1 200 OK"
2026-09-10 02:44:36,831 - httpx - INFO - HTTP Request: POST https://api.telegram.org/bot8942164862:AAEGbX-FW5J1ymTcNQQalAv8C6ak4UyB_q8/getUpdates "HTTP/1.1 200 OK"
2026-09-10 02:44:46,929 - httpx - INFO - HTTP Request: POST https://api.telegram.org/bot8942164862:AAEGbX-FW5J1ymTcNQQalAv8C6ak4UyB_q8/getUpdates "HTTP/1.1 200 OK"
2026-09-10 02:44:57,107 - httpx - INFO - HTTP Request: POST https://api.telegram.org/bot8942164862:AAEGbX-FW5J1ymTcNQQalAv8C6ak4UyB_q8/getUpdates "HTTP/1.1 200 OK"
2026-09-10 02:45:07,215 - httpx - INFO - HTTP Request: POST https://api.telegram.org/bot8942164862:AAEGbX-FW5J1ymTcNQQalAv8C6ak4UyB_q8/getUpdates "HTTP/1.1 200 OK"
2026-09-10 02:45:17,382 - httpx - INFO - HTTP Request: POST https://api.telegram.org/bot8942164862:AAEGbX-FW5J1ymTcNQQalAv8C6ak4UyB_q8/getUpdates "HTTP/1.1 200 OK"
2026-09-10 02:45:27,479 - httpx - INFO - HTTP Request: POST https://api.telegram.org/bot8942164862:AAEGbX-FW5J1ymTcNQQalAv8C6ak4UyB_q8/getUpdates "HTTP/1.1 200 OK"
2026-09-10 02:45:37,657 - httpx - INFO - HTTP Request: POST https://api.telegram.org/bot8942164862:AAEGbX-FW5J1ymTcNQQalAv8C6ak4UyB_q8/getUpdates "HTTP/1.1 200 OK"
2026-09-10 02:45:47,795 - httpx - INFO - HTTP Request: POST https://api.telegram.org/bot8942164862:AAEGbX-FW5J1ymTcNQQalAv8C6ak4UyB_q8/getUpdates "HTTP/1.1 200 OK"
2026-09-10 02:45:57,893 - httpx - INFO - HTTP Request: POST https://api.telegram.org/bot8942164862:AAEGbX-FW5J1ymTcNQQalAv8C6ak4UyB_q8/getUpdates "HTTP/1.1 200 OK"
2026-09-10 02:46:07,990 - httpx - INFO - HTTP Request: POST https://api.telegram.org/bot8942164862:AAEGbX-FW5J1ymTcNQQalAv8C6ak4UyB_q8/getUpdates "HTTP/1.1 200 OK"
2026-09-10 02:46:18,091 - httpx - INFO - HTTP Request: POST https://api.telegram.org/bot8942164862:AAEGbX-FW5J1ymTcNQQalAv8C6ak4UyB_q8/getUpdates "HTTP/1.1 200 OK"
2026-09-10 02:46:28,243 - httpx - INFO - HTTP Request: POST https://api.telegram.org/bot8942164862:AAEGbX-FW5J1ymTcNQQalAv8C6ak4UyB_q8/getUpdates "HTTP/1.1 200 OK"
2026-09-10 02:46:38,381 - httpx - INFO - HTTP Request: POST https://api.telegram.org/bot8942164862:AAEGbX-FW5J1ymTcNQQalAv8C6ak4UyB_q8/getUpdates "HTTP/1.1 200 OK"
2026-09-10 02:46:48,477 - httpx - INFO - HTTP Request: POST https://api.telegram.org/bot8942164862:AAEGbX-FW5J1ymTcNQQalAv8C6ak4UyB_q8/getUpdates "HTTP/1.1 200 OK"
2026-09-10 02:46:58,656 - httpx - INFO - HTTP Request: POST https://api.telegram.org/bot8942164862:AAEGbX-FW5J1ymTcNQQalAv8C6ak4UyB_q8/getUpdates "HTTP/1.1 200 OK"
2026-09-10 02:47:08,794 - httpx - INFO - HTTP Request: POST https://api.telegram.org/bot8942164862:AAEGbX-FW5J1ymTcNQQalAv8C6ak4UyB_q8/getUpdates "HTTP/1.1 200 OK"
2026-09-10 02:47:18,932 - httpx - INFO - HTTP Request: POST https://api.telegram.org/bot8942164862:AAEGbX-FW5J1ymTcNQQalAv8C6ak4UyB_q8/getUpdates "HTTP/1.1 200 OK"
2026-09-10 02:47:29,069 - httpx - INFO - HTTP Request: POST https://api.telegram.org/bot8942164862:AAEGbX-FW5J1ymTcNQQalAv8C6ak4UyB_q8/getUpdates "HTTP/1.1 200 OK"
2026-09-10 02:47:39,207 - httpx - INFO - HTTP Request: POST https://api.telegram.org/bot8942164862:AAEGbX-FW5J1ymTcNQQalAv8C6ak4UyB_q8/getUpdates "HTTP/1.1 200 OK"
2026-09-10 02:47:49,344 - httpx - INFO - HTTP Request: POST https://api.telegram.org/bot8942164862:AAEGbX-FW5J1ymTcNQQalAv8C6ak4UyB_q8/getUpdates "HTTP/1.1 200 OK"
2026-09-10 02:47:59,440 - httpx - INFO - HTTP Request: POST https://api.telegram.org/bot8942164862:AAEGbX-FW5J1ymTcNQQalAv8C6ak4UyB_q8/getUpdates "HTTP/1.1 200 OK"
2026-09-10 02:48:09,538 - httpx - INFO - HTTP Request: POST https://api.telegram.org/bot8942164862:AAEGbX-FW5J1ymTcNQQalAv8C6ak4UyB_q8/getUpdates "HTTP/1.1 200 OK"
2026-09-10 02:48:19,655 - httpx - INFO - HTTP Request: POST https://api.telegram.org/bot8942164862:AAEGbX-FW5J1ymTcNQQalAv8C6ak4UyB_q8/getUpdates "HTTP/1.1 200 OK"
2026-09-10 02:48:29,755 - httpx - INFO - HTTP Request: POST https://api.telegram.org/bot8942164862:AAEGbX-FW5J1ymTcNQQalAv8C6ak4UyB_q8/getUpdates "HTTP/1.1 200 OK"
2026-09-10 02:48:39,853 - httpx - INFO - HTTP Request: POST https://api.telegram.org/bot8942164862:AAEGbX-FW5J1ymTcNQQalAv8C6ak4UyB_q8/getUpdates "HTTP/1.1 200 OK"
2026-09-10 02:48:49,948 - httpx - INFO - HTTP Request: POST https://api.telegram.org/bot8942164862:AAEGbX-FW5J1ymTcNQQalAv8C6ak4UyB_q8/getUpdates "HTTP/1.1 200 OK"
2026-09-10 02:49:00,103 - httpx - INFO - HTTP Request: POST https://api.telegram.org/bot8942164862:AAEGbX-FW5J1ymTcNQQalAv8C6ak4UyB_q8/getUpdates "HTTP/1.1 200 OK"
2026-09-10 02:49:10,264 - httpx - INFO - HTTP Request: POST https://api.telegram.org/bot8942164862:AAEGbX-FW5J1ymTcNQQalAv8C6ak4UyB_q8/getUpdates "HTTP/1.1 200 OK"
2026-09-10 02:49:20,361 - httpx - INFO - HTTP Request: POST https://api.telegram.org/bot8942164862:AAEGbX-FW5J1ymTcNQQalAv8C6ak4UyB_q8/getUpdates "HTTP/1.1 200 OK"
2026-09-10 02:49:30,465 - httpx - INFO - HTTP Request: POST https://api.telegram.org/bot8942164862:AAEGbX-FW5J1ymTcNQQalAv8C6ak4UyB_q8/getUpdates "HTTP/1.1 200 OK"
2026-09-10 02:49:40,568 - httpx - INFO - HTTP Request: POST https://api.telegram.org/bot8942164862:AAEGbX-FW5J1ymTcNQQalAv8C6ak4UyB_q8/getUpdates "HTTP/1.1 200 OK"
2026-09-10 02:49:50,689 - httpx - INFO - HTTP Request: POST https://api.telegram.org/bot8942164862:AAEGbX-FW5J1ymTcNQQalAv8C6ak4UyB_q8/getUpdates "HTTP/1.1 200 OK"
2026-09-10 02:50:00,786 - httpx - INFO - HTTP Request: POST https://api.telegram.org/bot8942164862:AAEGbX-FW5J1ymTcNQQalAv8C6ak4UyB_q8/getUpdates "HTTP/1.1 200 OK"
2026-09-10 02:50:10,884 - httpx - INFO - HTTP Request: POST https://api.telegram.org/bot8942164862:AAEGbX-FW5J1ymTcNQQalAv8C6ak4UyB_q8/getUpdates "HTTP/1.1 200 OK"
2026-09-10 02:50:20,984 - httpx - INFO - HTTP Request: POST https://api.telegram.org/bot8942164862:AAEGbX-FW5J1ymTcNQQalAv8C6ak4UyB_q8/getUpdates "HTTP/1.1 200 OK"
2026-09-10 02:50:31,088 - httpx - INFO - HTTP Request: POST https://api.telegram.org/bot8942164862:AAEGbX-FW5J1ymTcNQQalAv8C6ak4UyB_q8/getUpdates "HTTP/1.1 200 OK"
2026-09-10 02:50:41,275 - httpx - INFO - HTTP Request: POST https://api.telegram.org/bot8942164862:AAEGbX-FW5J1ymTcNQQalAv8C6ak4UyB_q8/getUpdates "HTTP/1.1 200 OK"
2026-09-10 02:50:51,412 - httpx - INFO - HTTP Request: POST https://api.telegram.org/bot8942164862:AAEGbX-FW5J1ymTcNQQalAv8C6ak4UyB_q8/getUpdates "HTTP/1.1 200 OK"
2026-09-10 02:51:01,550 - httpx - INFO - HTTP Request: POST https://api.telegram.org/bot8942164862:AAEGbX-FW5J1ymTcNQQalAv8C6ak4UyB_q8/getUpdates "HTTP/1.1 200 OK"
2026-09-10 02:51:11,688 - httpx - INFO - HTTP Request: POST https://api.telegram.org/bot8942164862:AAEGbX-FW5J1ymTcNQQalAv8C6ak4UyB_q8/getUpdates "HTTP/1.1 200 OK"
2026-09-10 02:51:21,789 - httpx - INFO - HTTP Request: POST https://api.telegram.org/bot8942164862:AAEGbX-FW5J1ymTcNQQalAv8C6ak4UyB_q8/getUpdates "HTTP/1.1 200 OK"
2026-09-10 02:51:31,964 - httpx - INFO - HTTP Request: POST https://api.telegram.org/bot8942164862:AAEGbX-FW5J1ymTcNQQalAv8C6ak4UyB_q8/getUpdates "HTTP/1.1 200 OK"
2026-09-10 02:51:42,103 - httpx - INFO - HTTP Request: POST https://api.telegram.org/bot8942164862:AAEGbX-FW5J1ymTcNQQalAv8C6ak4UyB_q8/getUpdates "HTTP/1.1 200 OK"
2026-09-10 02:51:52,245 - httpx - INFO - HTTP Request: POST https://api.telegram.org/bot8942164862:AAEGbX-FW5J1ymTcNQQalAv8C6ak4UyB_q8/getUpdates "HTTP/1.1 200 OK"
2026-09-10 02:52:02,377 - httpx - INFO - HTTP Request: POST https://api.telegram.org/bot8942164862:AAEGbX-FW5J1ymTcNQQalAv8C6ak4UyB_q8/getUpdates "HTTP/1.1 200 OK"
2026-09-10 02:52:12,477 - httpx - INFO - HTTP Request: POST https://api.telegram.org/bot8942164862:AAEGbX-FW5J1ymTcNQQalAv8C6ak4UyB_q8/getUpdates "HTTP/1.1 200 OK"
2026-09-10 02:52:22,576 - httpx - INFO - HTTP Request: POST https://api.telegram.org/bot8942164862:AAEGbX-FW5J1ymTcNQQalAv8C6ak4UyB_q8/getUpdates "HTTP/1.1 200 OK"
2026-09-10 02:52:32,687 - httpx - INFO - HTTP Request: POST https://api.telegram.org/bot8942164862:AAEGbX-FW5J1ymTcNQQalAv8C6ak4UyB_q8/getUpdates "HTTP/1.1 200 OK"
2026-09-10 02:52:42,827 - httpx - INFO - HTTP Request: POST https://api.telegram.org/bot8942164862:AAEGbX-FW5J1ymTcNQQalAv8C6ak4UyB_q8/getUpdates "HTTP/1.1 200 OK"
2026-09-10 02:52:52,962 - httpx - INFO - HTTP Request: POST https://api.telegram.org/bot8942164862:AAEGbX-FW5J1ymTcNQQalAv8C6ak4UyB_q8/getUpdates "HTTP/1.1 200 OK"
2026-09-10 02:53:03,060 - httpx - INFO - HTTP Request: POST https://api.telegram.org/bot8942164862:AAEGbX-FW5J1ymTcNQQalAv8C6ak4UyB_q8/getUpdates "HTTP/1.1 200 OK"
2026-09-10 02:53:13,159 - httpx - INFO - HTTP Request: POST https://api.telegram.org/bot8942164862:AAEGbX-FW5J1ymTcNQQalAv8C6ak4UyB_q8/getUpdates "HTTP/1.1 200 OK"
2026-09-10 02:53:23,258 - httpx - INFO - HTTP Request: POST https://api.telegram.org/bot8942164862:AAEGbX-FW5J1ymTcNQQalAv8C6ak4UyB_q8/getUpdates "HTTP/1.1 200 OK"
2026-09-10 02:53:33,359 - httpx - INFO - HTTP Request: POST https://api.telegram.org/bot8942164862:AAEGbX-FW5J1ymTcNQQalAv8C6ak4UyB_q8/getUpdates "HTTP/1.1 200 OK"
2026-09-10 02:53:43,460 - httpx - INFO - HTTP Request: POST https://api.telegram.org/bot8942164862:AAEGbX-FW5J1ymTcNQQalAv8C6ak4UyB_q8/getUpdates "HTTP/1.1 200 OK"
2026-09-10 02:53:53,583 - httpx - INFO - HTTP Request: POST https://api.telegram.org/bot8942164862:AAEGbX-FW5J1ymTcNQQalAv8C6ak4UyB_q8/getUpdates "HTTP/1.1 200 OK"
2026-09-10 02:54:03,681 - httpx - INFO - HTTP Request: POST https://api.telegram.org/bot8942164862:AAEGbX-FW5J1ymTcNQQalAv8C6ak4UyB_q8/getUpdates "HTTP/1.1 200 OK"
2026-09-10 02:54:13,780 - httpx - INFO - HTTP Request: POST https://api.telegram.org/bot8942164862:AAEGbX-FW5J1ymTcNQQalAv8C6ak4UyB_q8/getUpdates "HTTP/1.1 200 OK"
2026-09-10 02:54:23,875 - httpx - INFO - HTTP Request: POST https://api.telegram.org/bot8942164862:AAEGbX-FW5J1ymTcNQQalAv8C6ak4UyB_q8/getUpdates "HTTP/1.1 200 OK"
2026-09-10 02:54:33,973 - httpx - INFO - HTTP Request: POST https://api.telegram.org/bot8942164862:AAEGbX-FW5J1ymTcNQQalAv8C6ak4UyB_q8/getUpdates "HTTP/1.1 200 OK"
2026-09-10 02:54:44,075 - httpx - INFO - HTTP Request: POST https://api.telegram.org/bot8942164862:AAEGbX-FW5J1ymTcNQQalAv8C6ak4UyB_q8/getUpdates "HTTP/1.1 200 OK"
2026-09-10 02:54:54,204 - httpx - INFO - HTTP Request: POST https://api.telegram.org/bot8942164862:AAEGbX-FW5J1ymTcNQQalAv8C6ak4UyB_q8/getUpdates "HTTP/1.1 200 OK"
2026-09-10 02:55:04,311 - httpx - INFO - HTTP Request: POST https://api.telegram.org/bot8942164862:AAEGbX-FW5J1ymTcNQQalAv8C6ak4UyB_q8/getUpdates "HTTP/1.1 200 OK"
2026-09-10 02:55:14,408 - httpx - INFO - HTTP Request: POST https://api.telegram.org/bot8942164862:AAEGbX-FW5J1ymTcNQQalAv8C6ak4UyB_q8/getUpdates "HTTP/1.1 200 OK"
2026-09-10 02:55:24,510 - httpx - INFO - HTTP Request: POST https://api.telegram.org/bot8942164862:AAEGbX-FW5J1ymTcNQQalAv8C6ak4UyB_q8/getUpdates "HTTP/1.1 200 OK"
2026-09-10 02:55:34,606 - httpx - INFO - HTTP Request: POST https://api.telegram.org/bot8942164862:AAEGbX-FW5J1ymTcNQQalAv8C6ak4UyB_q8/getUpdates "HTTP/1.1 200 OK"
2026-09-10 02:55:44,791 - httpx - INFO - HTTP Request: POST https://api.telegram.org/bot8942164862:AAEGbX-FW5J1ymTcNQQalAv8C6ak4UyB_q8/getUpdates "HTTP/1.1 200 OK"
2026-09-10 02:55:54,887 - httpx - INFO - HTTP Request: POST https://api.telegram.org/bot8942164862:AAEGbX-FW5J1ymTcNQQalAv8C6ak4UyB_q8/getUpdates "HTTP/1.1 200 OK"
2026-09-10 02:56:04,984 - httpx - INFO - HTTP Request: POST https://api.telegram.org/bot8942164862:AAEGbX-FW5J1ymTcNQQalAv8C6ak4UyB_q8/getUpdates "HTTP/1.1 200 OK"
2026-09-10 02:56:15,101 - httpx - INFO - HTTP Request: POST https://api.telegram.org/bot8942164862:AAEGbX-FW5J1ymTcNQQalAv8C6ak4UyB_q8/getUpdates "HTTP/1.1 200 OK"
2026-09-10 02:56:25,239 - httpx - INFO - HTTP Request: POST https://api.telegram.org/bot8942164862:AAEGbX-FW5J1ymTcNQQalAv8C6ak4UyB_q8/getUpdates "HTTP/1.1 200 OK"
2026-09-10 02:56:35,376 - httpx - INFO - HTTP Request: POST https://api.telegram.org/bot8942164862:AAEGbX-FW5J1ymTcNQQalAv8C6ak4UyB_q8/getUpdates "HTTP/1.1 200 OK"
2026-09-10 02:56:45,514 - httpx - INFO - HTTP Request: POST https://api.telegram.org/bot8942164862:AAEGbX-FW5J1ymTcNQQalAv8C6ak4UyB_q8/getUpdates "HTTP/1.1 200 OK"
2026-09-10 02:56:55,652 - httpx - INFO - HTTP Request: POST https://api.telegram.org/bot8942164862:AAEGbX-FW5J1ymTcNQQalAv8C6ak4UyB_q8/getUpdates "HTTP/1.1 200 OK"
2026-09-10 02:57:05,789 - httpx - INFO - HTTP Request: POST https://api.telegram.org/bot8942164862:AAEGbX-FW5J1ymTcNQQalAv8C6ak4UyB_q8/getUpdates "HTTP/1.1 200 OK"
2026-09-10 02:57:15,885 - httpx - INFO - HTTP Request: POST https://api.telegram.org/bot8942164862:AAEGbX-FW5J1ymTcNQQalAv8C6ak4UyB_q8/getUpdates "HTTP/1.1 200 OK"
2026-09-10 02:57:26,065 - httpx - INFO - HTTP Request: POST https://api.telegram.org/bot8942164862:AAEGbX-FW5J1ymTcNQQalAv8C6ak4UyB_q8/getUpdates "HTTP/1.1 200 OK"
2026-09-10 02:57:36,203 - httpx - INFO - HTTP Request: POST https://api.telegram.org/bot8942164862:AAEGbX-FW5J1ymTcNQQalAv8C6ak4UyB_q8/getUpdates "HTTP/1.1 200 OK"
2026-09-10 02:57:46,340 - httpx - INFO - HTTP Request: POST https://api.telegram.org/bot8942164862:AAEGbX-FW5J1ymTcNQQalAv8C6ak4UyB_q8/getUpdates "HTTP/1.1 200 OK"
2026-09-10 02:57:56,478 - httpx - INFO - HTTP Request: POST https://api.telegram.org/bot8942164862:AAEGbX-FW5J1ymTcNQQalAv8C6ak4UyB_q8/getUpdates "HTTP/1.1 200 OK"
2026-09-10 02:58:06,583 - httpx - INFO - HTTP Request: POST https://api.telegram.org/bot8942164862:AAEGbX-FW5J1ymTcNQQalAv8C6ak4UyB_q8/getUpdates "HTTP/1.1 200 OK"
2026-09-10 02:58:16,683 - httpx - INFO - HTTP Request: POST https://api.telegram.org/bot8942164862:AAEGbX-FW5J1ymTcNQQalAv8C6ak4UyB_q8/getUpdates "HTTP/1.1 200 OK"
2026-09-10 02:58:26,788 - httpx - INFO - HTTP Request: POST https://api.telegram.org/bot8942164862:AAEGbX-FW5J1ymTcNQQalAv8C6ak4UyB_q8/getUpdates "HTTP/1.1 200 OK"
2026-09-10 02:58:36,890 - httpx - INFO - HTTP Request: POST https://api.telegram.org/bot8942164862:AAEGbX-FW5J1ymTcNQQalAv8C6ak4UyB_q8/getUpdates "HTTP/1.1 200 OK"
2026-09-10 02:58:46,986 - httpx - INFO - HTTP Request: POST https://api.telegram.org/bot8942164862:AAEGbX-FW5J1ymTcNQQalAv8C6ak4UyB_q8/getUpdates "HTTP/1.1 200 OK"
2026-09-10 02:58:57,098 - httpx - INFO - HTTP Request: POST https://api.telegram.org/bot8942164862:AAEGbX-FW5J1ymTcNQQalAv8C6ak4UyB_q8/getUpdates "HTTP/1.1 200 OK"
2026-09-10 02:59:07,195 - httpx - INFO - HTTP Request: POST https://api.telegram.org/bot8942164862:AAEGbX-FW5J1ymTcNQQalAv8C6ak4UyB_q8/getUpdates "HTTP/1.1 200 OK"
2026-09-10 02:59:17,374 - httpx - INFO - HTTP Request: POST https://api.telegram.org/bot8942164862:AAEGbX-FW5J1ymTcNQQalAv8C6ak4UyB_q8/getUpdates "HTTP/1.1 200 OK"
2026-09-10 02:59:27,511 - httpx - INFO - HTTP Request: POST https://api.telegram.org/bot8942164862:AAEGbX-FW5J1ymTcNQQalAv8C6ak4UyB_q8/getUpdates "HTTP/1.1 200 OK"
2026-09-10 02:59:37,613 - httpx - INFO - HTTP Request: POST https://api.telegram.org/bot8942164862:AAEGbX-FW5J1ymTcNQQalAv8C6ak4UyB_q8/getUpdates "HTTP/1.1 200 OK"
2026-09-10 02:59:47,713 - httpx - INFO - HTTP Request: POST https://api.telegram.org/bot8942164862:AAEGbX-FW5J1ymTcNQQalAv8C6ak4UyB_q8/getUpdates "HTTP/1.1 200 OK"
2026-09-10 02:59:57,809 - httpx - INFO - HTTP Request: POST https://api.telegram.org/bot8942164862:AAEGbX-FW5J1ymTcNQQalAv8C6ak4UyB_q8/getUpdates "HTTP/1.1 200 OK"
2026-09-10 03:00:07,960 - httpx - INFO - HTTP Request: POST https://api.telegram.org/bot8942164862:AAEGbX-FW5J1ymTcNQQalAv8C6ak4UyB_q8/getUpdates "HTTP/1.1 200 OK"
2026-09-10 03:00:18,098 - httpx - INFO - HTTP Request: POST https://api.telegram.org/bot8942164862:AAEGbX-FW5J1ymTcNQQalAv8C6ak4UyB_q8/getUpdates "HTTP/1.1 200 OK"
2026-09-10 03:00:28,199 - httpx - INFO - HTTP Request: POST https://api.telegram.org/bot8942164862:AAEGbX-FW5J1ymTcNQQalAv8C6ak4UyB_q8/getUpdates "HTTP/1.1 200 OK"
2026-09-10 03:00:38,373 - httpx - INFO - HTTP Request: POST https://api.telegram.org/bot8942164862:AAEGbX-FW5J1ymTcNQQalAv8C6ak4UyB_q8/getUpdates "HTTP/1.1 200 OK"
2026-09-10 03:00:48,471 - httpx - INFO - HTTP Request: POST https://api.telegram.org/bot8942164862:AAEGbX-FW5J1ymTcNQQalAv8C6ak4UyB_q8/getUpdates "HTTP/1.1 200 OK"
2026-09-10 03:00:58,568 - httpx - INFO - HTTP Request: POST https://api.telegram.org/bot8942164862:AAEGbX-FW5J1ymTcNQQalAv8C6ak4UyB_q8/getUpdates "HTTP/1.1 200 OK"
2026-09-10 03:01:08,684 - httpx - INFO - HTTP Request: POST https://api.telegram.org/bot8942164862:AAEGbX-FW5J1ymTcNQQalAv8C6ak4UyB_q8/getUpdates "HTTP/1.1 200 OK"
2026-09-10 03:01:18,788 - httpx - INFO - HTTP Request: POST https://api.telegram.org/bot8942164862:AAEGbX-FW5J1ymTcNQQalAv8C6ak4UyB_q8/getUpdates "HTTP/1.1 200 OK"
2026-09-10 03:01:28,959 - httpx - INFO - HTTP Request: POST https://api.telegram.org/bot8942164862:AAEGbX-FW5J1ymTcNQQalAv8C6ak4UyB_q8/getUpdates "HTTP/1.1 200 OK"
2026-09-10 03:01:39,055 - httpx - INFO - HTTP Request: POST https://api.telegram.org/bot8942164862:AAEGbX-FW5J1ymTcNQQalAv8C6ak4UyB_q8/getUpdates "HTTP/1.1 200 OK"
2026-09-10 03:01:49,360 - httpx - INFO - HTTP Request: POST https://api.telegram.org/bot8942164862:AAEGbX-FW5J1ymTcNQQalAv8C6ak4UyB_q8/getUpdates "HTTP/1.1 200 OK"
2026-09-10 03:01:59,462 - httpx - INFO - HTTP Request: POST https://api.telegram.org/bot8942164862:AAEGbX-FW5J1ymTcNQQalAv8C6ak4UyB_q8/getUpdates "HTTP/1.1 200 OK"
2026-09-10 03:02:09,612 - httpx - INFO - HTTP Request: POST https://api.telegram.org/bot8942164862:AAEGbX-FW5J1ymTcNQQalAv8C6ak4UyB_q8/getUpdates "HTTP/1.1 200 OK"
2026-09-10 03:02:19,708 - httpx - INFO - HTTP Request: POST https://api.telegram.org/bot8942164862:AAEGbX-FW5J1ymTcNQQalAv8C6ak4UyB_q8/getUpdates "HTTP/1.1 200 OK"
2026-09-10 03:02:29,817 - httpx - INFO - HTTP Request: POST https://api.telegram.org/bot8942164862:AAEGbX-FW5J1ymTcNQQalAv8C6ak4UyB_q8/getUpdates "HTTP/1.1 200 OK"
2026-09-10 03:02:39,918 - httpx - INFO - HTTP Request: POST https://api.telegram.org/bot8942164862:AAEGbX-FW5J1ymTcNQQalAv8C6ak4UyB_q8/getUpdates "HTTP/1.1 200 OK"
2026-09-10 03:02:50,016 - httpx - INFO - HTTP Request: POST https://api.telegram.org/bot8942164862:AAEGbX-FW5J1ymTcNQQalAv8C6ak4UyB_q8/getUpdates "HTTP/1.1 200 OK"
2026-09-10 03:03:00,198 - httpx - INFO - HTTP Request: POST https://api.telegram.org/bot8942164862:AAEGbX-FW5J1ymTcNQQalAv8C6ak4UyB_q8/getUpdates "HTTP/1.1 200 OK"
2026-09-10 03:03:10,335 - httpx - INFO - HTTP Request: POST https://api.telegram.org/bot8942164862:AAEGbX-FW5J1ymTcNQQalAv8C6ak4UyB_q8/getUpdates "HTTP/1.1 200 OK"
2026-09-10 03:03:20,472 - httpx - INFO - HTTP Request: POST https://api.telegram.org/bot8942164862:AAEGbX-FW5J1ymTcNQQalAv8C6ak4UyB_q8/getUpdates "HTTP/1.1 200 OK"
2026-09-10 03:03:30,611 - httpx - INFO - HTTP Request: POST https://api.telegram.org/bot8942164862:AAEGbX-FW5J1ymTcNQQalAv8C6ak4UyB_q8/getUpdates "HTTP/1.1 200 OK"
2026-09-10 03:03:40,706 - httpx - INFO - HTTP Request: POST https://api.telegram.org/bot8942164862:AAEGbX-FW5J1ymTcNQQalAv8C6ak4UyB_q8/getUpdates "HTTP/1.1 200 OK"
2026-09-10 03:03:50,886 - httpx - INFO - HTTP Request: POST https://api.telegram.org/bot8942164862:AAEGbX-FW5J1ymTcNQQalAv8C6ak4UyB_q8/getUpdates "HTTP/1.1 200 OK"
2026-09-10 03:04:01,024 - httpx - INFO - HTTP Request: POST https://api.telegram.org/bot8942164862:AAEGbX-FW5J1ymTcNQQalAv8C6ak4UyB_q8/getUpdates "HTTP/1.1 200 OK"
2026-09-10 03:04:11,161 - httpx - INFO - HTTP Request: POST https://api.telegram.org/bot8942164862:AAEGbX-FW5J1ymTcNQQalAv8C6ak4UyB_q8/getUpdates "HTTP/1.1 200 OK"
2026-09-10 03:04:21,299 - httpx - INFO - HTTP Request: POST https://api.telegram.org/bot8942164862:AAEGbX-FW5J1ymTcNQQalAv8C6ak4UyB_q8/getUpdates "HTTP/1.1 200 OK"
2026-09-10 03:04:31,403 - httpx - INFO - HTTP Request: POST https://api.telegram.org/bot8942164862:AAEGbX-FW5J1ymTcNQQalAv8C6ak4UyB_q8/getUpdates "HTTP/1.1 200 OK"
2026-09-10 03:04:41,500 - httpx - INFO - HTTP Request: POST https://api.telegram.org/bot8942164862:AAEGbX-FW5J1ymTcNQQalAv8C6ak4UyB_q8/getUpdates "HTTP/1.1 200 OK"
2026-09-10 03:04:51,600 - httpx - INFO - HTTP Request: POST https://api.telegram.org/bot8942164862:AAEGbX-FW5J1ymTcNQQalAv8C6ak4UyB_q8/getUpdates "HTTP/1.1 200 OK"
2026-09-10 03:05:01,706 - httpx - INFO - HTTP Request: POST https://api.telegram.org/bot8942164862:AAEGbX-FW5J1ymTcNQQalAv8C6ak4UyB_q8/getUpdates "HTTP/1.1 200 OK"
2026-09-10 03:05:11,808 - httpx - INFO - HTTP Request: POST https://api.telegram.org/bot8942164862:AAEGbX-FW5J1ymTcNQQalAv8C6ak4UyB_q8/getUpdates "HTTP/1.1 200 OK"
2026-09-10 03:05:21,921 - httpx - INFO - HTTP Request: POST https://api.telegram.org/bot8942164862:AAEGbX-FW5J1ymTcNQQalAv8C6ak4UyB_q8/getUpdates "HTTP/1.1 200 OK"
2026-09-10 03:05:32,024 - httpx - INFO - HTTP Request: POST https://api.telegram.org/bot8942164862:AAEGbX-FW5J1ymTcNQQalAv8C6ak4UyB_q8/getUpdates "HTTP/1.1 200 OK"
2026-09-10 03:05:42,123 - httpx - INFO - HTTP Request: POST https://api.telegram.org/bot8942164862:AAEGbX-FW5J1ymTcNQQalAv8C6ak4UyB_q8/getUpdates "HTTP/1.1 200 OK"
2026-09-10 03:05:52,220 - httpx - INFO - HTTP Request: POST https://api.telegram.org/bot8942164862:AAEGbX-FW5J1ymTcNQQalAv8C6ak4UyB_q8/getUpdates "HTTP/1.1 200 OK"
2026-09-10 03:06:02,318 - httpx - INFO - HTTP Request: POST https://api.telegram.org/bot8942164862:AAEGbX-FW5J1ymTcNQQalAv8C6ak4UyB_q8/getUpdates "HTTP/1.1 200 OK"
2026-09-10 03:06:12,507 - httpx - INFO - HTTP Request: POST https://api.telegram.org/bot8942164862:AAEGbX-FW5J1ymTcNQQalAv8C6ak4UyB_q8/getUpdates "HTTP/1.1 200 OK"
2026-09-10 03:06:22,644 - httpx - INFO - HTTP Request: POST https://api.telegram.org/bot8942164862:AAEGbX-FW5J1ymTcNQQalAv8C6ak4UyB_q8/getUpdates "HTTP/1.1 200 OK"
2026-09-10 03:06:32,745 - httpx - INFO - HTTP Request: POST https://api.telegram.org/bot8942164862:AAEGbX-FW5J1ymTcNQQalAv8C6ak4UyB_q8/getUpdates "HTTP/1.1 200 OK"
2026-09-10 03:06:42,846 - httpx - INFO - HTTP Request: POST https://api.telegram.org/bot8942164862:AAEGbX-FW5J1ymTcNQQalAv8C6ak4UyB_q8/getUpdates "HTTP/1.1 200 OK"
2026-09-10 03:06:52,947 - httpx - INFO - HTTP Request: POST https://api.telegram.org/bot8942164862:AAEGbX-FW5J1ymTcNQQalAv8C6ak4UyB_q8/getUpdates "HTTP/1.1 200 OK"
2026-09-10 03:07:03,092 - httpx - INFO - HTTP Request: POST https://api.telegram.org/bot8942164862:AAEGbX-FW5J1ymTcNQQalAv8C6ak4UyB_q8/getUpdates "HTTP/1.1 200 OK"
2026-09-10 03:07:13,232 - httpx - INFO - HTTP Request: POST https://api.telegram.org/bot8942164862:AAEGbX-FW5J1ymTcNQQalAv8C6ak4UyB_q8/getUpdates "HTTP/1.1 200 OK"
2026-09-10 03:07:23,367 - httpx - INFO - HTTP Request: POST https://api.telegram.org/bot8942164862:AAEGbX-FW5J1ymTcNQQalAv8C6ak4UyB_q8/getUpdates "HTTP/1.1 200 OK"
2026-09-10 03:07:33,506 - httpx - INFO - HTTP Request: POST https://api.telegram.org/bot8942164862:AAEGbX-FW5J1ymTcNQQalAv8C6ak4UyB_q8/getUpdates "HTTP/1.1 200 OK"
2026-09-10 03:07:43,642 - httpx - INFO - HTTP Request: POST https://api.telegram.org/bot8942164862:AAEGbX-FW5J1ymTcNQQalAv8C6ak4UyB_q8/getUpdates "HTTP/1.1 200 OK"
2026-09-10 03:07:53,741 - httpx - INFO - HTTP Request: POST https://api.telegram.org/bot8942164862:AAEGbX-FW5J1ymTcNQQalAv8C6ak4UyB_q8/getUpdates "HTTP/1.1 200 OK"
2026-09-10 03:08:03,918 - httpx - INFO - HTTP Request: POST https://api.telegram.org/bot8942164862:AAEGbX-FW5J1ymTcNQQalAv8C6ak4UyB_q8/getUpdates "HTTP/1.1 200 OK"
2026-09-10 03:08:14,056 - httpx - INFO - HTTP Request: POST https://api.telegram.org/bot8942164862:AAEGbX-FW5J1ymTcNQQalAv8C6ak4UyB_q8/getUpdates "HTTP/1.1 200 OK"
2026-09-10 03:08:24,193 - httpx - INFO - HTTP Request: POST https://api.telegram.org/bot8942164862:AAEGbX-FW5J1ymTcNQQalAv8C6ak4UyB_q8/getUpdates "HTTP/1.1 200 OK"
2026-09-10 03:08:34,291 - httpx - INFO - HTTP Request: POST https://api.telegram.org/bot8942164862:AAEGbX-FW5J1ymTcNQQalAv8C6ak4UyB_q8/getUpdates "HTTP/1.1 200 OK"
2026-09-10 03:08:44,398 - httpx - INFO - HTTP Request: POST https://api.telegram.org/bot8942164862:AAEGbX-FW5J1ymTcNQQalAv8C6ak4UyB_q8/getUpdates "HTTP/1.1 200 OK"
2026-09-10 03:08:54,506 - httpx - INFO - HTTP Request: POST https://api.telegram.org/bot8942164862:AAEGbX-FW5J1ymTcNQQalAv8C6ak4UyB_q8/getUpdates "HTTP/1.1 200 OK"
2026-09-10 03:09:04,604 - httpx - INFO - HTTP Request: POST https://api.telegram.org/bot8942164862:AAEGbX-FW5J1ymTcNQQalAv8C6ak4UyB_q8/getUpdates "HTTP/1.1 200 OK"
2026-09-10 03:09:14,703 - httpx - INFO - HTTP Request: POST https://api.telegram.org/bot8942164862:AAEGbX-FW5J1ymTcNQQalAv8C6ak4UyB_q8/getUpdates "HTTP/1.1 200 OK"
2026-09-10 03:09:24,814 - httpx - INFO - HTTP Request: POST https://api.telegram.org/bot8942164862:AAEGbX-FW5J1ymTcNQQalAv8C6ak4UyB_q8/getUpdates "HTTP/1.1 200 OK"
2026-09-10 03:09:34,956 - httpx - INFO - HTTP Request: POST https://api.telegram.org/bot8942164862:AAEGbX-FW5J1ymTcNQQalAv8C6ak4UyB_q8/getUpdates "HTTP/1.1 200 OK"
2026-09-10 03:09:45,089 - httpx - INFO - HTTP Request: POST https://api.telegram.org/bot8942164862:AAEGbX-FW5J1ymTcNQQalAv8C6ak4UyB_q8/getUpdates "HTTP/1.1 200 OK"
2026-09-10 03:09:55,227 - httpx - INFO - HTTP Request: POST https://api.telegram.org/bot8942164862:AAEGbX-FW5J1ymTcNQQalAv8C6ak4UyB_q8/getUpdates "HTTP/1.1 200 OK"
2026-09-10 03:10:05,365 - httpx - INFO - HTTP Request: POST https://api.telegram.org/bot8942164862:AAEGbX-FW5J1ymTcNQQalAv8C6ak4UyB_q8/getUpdates "HTTP/1.1 200 OK"
2026-09-10 03:10:15,465 - httpx - INFO - HTTP Request: POST https://api.telegram.org/bot8942164862:AAEGbX-FW5J1ymTcNQQalAv8C6ak4UyB_q8/getUpdates "HTTP/1.1 200 OK"
2026-09-10 03:10:25,561 - httpx - INFO - HTTP Request: POST https://api.telegram.org/bot8942164862:AAEGbX-FW5J1ymTcNQQalAv8C6ak4UyB_q8/getUpdates "HTTP/1.1 200 OK"
2026-09-10 03:10:35,658 - httpx - INFO - HTTP Request: POST https://api.telegram.org/bot8942164862:AAEGbX-FW5J1ymTcNQQalAv8C6ak4UyB_q8/getUpdates "HTTP/1.1 200 OK"
2026-09-10 03:10:45,757 - httpx - INFO - HTTP Request: POST https://api.telegram.org/bot8942164862:AAEGbX-FW5J1ymTcNQQalAv8C6ak4UyB_q8/getUpdates "HTTP/1.1 200 OK"
2026-09-10 03:10:55,857 - httpx - INFO - HTTP Request: POST https://api.telegram.org/bot8942164862:AAEGbX-FW5J1ymTcNQQalAv8C6ak4UyB_q8/getUpdates "HTTP/1.1 200 OK"
2026-09-10 03:11:05,986 - httpx - INFO - HTTP Request: POST https://api.telegram.org/bot8942164862:AAEGbX-FW5J1ymTcNQQalAv8C6ak4UyB_q8/getUpdates "HTTP/1.1 200 OK"
2026-09-10 03:11:16,124 - httpx - INFO - HTTP Request: POST https://api.telegram.org/bot8942164862:AAEGbX-FW5J1ymTcNQQalAv8C6ak4UyB_q8/getUpdates "HTTP/1.1 200 OK"
2026-09-10 03:11:26,261 - httpx - INFO - HTTP Request: POST https://api.telegram.org/bot8942164862:AAEGbX-FW5J1ymTcNQQalAv8C6ak4UyB_q8/getUpdates "HTTP/1.1 200 OK"
2026-09-10 03:11:36,360 - httpx - INFO - HTTP Request: POST https://api.telegram.org/bot8942164862:AAEGbX-FW5J1ymTcNQQalAv8C6ak4UyB_q8/getUpdates "HTTP/1.1 200 OK"
2026-09-10 03:11:46,461 - httpx - INFO - HTTP Request: POST https://api.telegram.org/bot8942164862:AAEGbX-FW5J1ymTcNQQalAv8C6ak4UyB_q8/getUpdates "HTTP/1.1 200 OK"
2026-09-10 03:11:56,565 - httpx - INFO - HTTP Request: POST https://api.telegram.org/bot8942164862:AAEGbX-FW5J1ymTcNQQalAv8C6ak4UyB_q8/getUpdates "HTTP/1.1 200 OK"
2026-09-10 03:12:06,814 - httpx - INFO - HTTP Request: POST https://api.telegram.org/bot8942164862:AAEGbX-FW5J1ymTcNQQalAv8C6ak4UyB_q8/getUpdates "HTTP/1.1 200 OK"
2026-09-10 03:12:16,952 - httpx - INFO - HTTP Request: POST https://api.telegram.org/bot8942164862:AAEGbX-FW5J1ymTcNQQalAv8C6ak4UyB_q8/getUpdates "HTTP/1.1 200 OK"
2026-09-10 03:12:27,050 - httpx - INFO - HTTP Request: POST https://api.telegram.org/bot8942164862:AAEGbX-FW5J1ymTcNQQalAv8C6ak4UyB_q8/getUpdates "HTTP/1.1 200 OK"
2026-09-10 03:12:37,228 - httpx - INFO - HTTP Request: POST https://api.telegram.org/bot8942164862:AAEGbX-FW5J1ymTcNQQalAv8C6ak4UyB_q8/getUpdates "HTTP/1.1 200 OK"
2026-09-10 03:12:47,327 - httpx - INFO - HTTP Request: POST https://api.telegram.org/bot8942164862:AAEGbX-FW5J1ymTcNQQalAv8C6ak4UyB_q8/getUpdates "HTTP/1.1 200 OK"
2026-09-10 03:12:57,428 - httpx - INFO - HTTP Request: POST https://api.telegram.org/bot8942164862:AAEGbX-FW5J1ymTcNQQalAv8C6ak4UyB_q8/getUpdates "HTTP/1.1 200 OK"
2026-09-10 03:13:07,525 - httpx - INFO - HTTP Request: POST https://api.telegram.org/bot8942164862:AAEGbX-FW5J1ymTcNQQalAv8C6ak4UyB_q8/getUpdates "HTTP/1.1 200 OK"
2026-09-10 03:13:17,638 - httpx - INFO - HTTP Request: POST https://api.telegram.org/bot8942164862:AAEGbX-FW5J1ymTcNQQalAv8C6ak4UyB_q8/getUpdates "HTTP/1.1 200 OK"
2026-09-10 03:13:27,735 - httpx - INFO - HTTP Request: POST https://api.telegram.org/bot8942164862:AAEGbX-FW5J1ymTcNQQalAv8C6ak4UyB_q8/getUpdates "HTTP/1.1 200 OK"
2026-09-10 03:13:37,848 - httpx - INFO - HTTP Request: POST https://api.telegram.org/bot8942164862:AAEGbX-FW5J1ymTcNQQalAv8C6ak4UyB_q8/getUpdates "HTTP/1.1 200 OK"
2026-09-10 03:13:47,986 - httpx - INFO - HTTP Request: POST https://api.telegram.org/bot8942164862:AAEGbX-FW5J1ymTcNQQalAv8C6ak4UyB_q8/getUpdates "HTTP/1.1 200 OK"
2026-09-10 03:13:58,094 - httpx - INFO - HTTP Request: POST https://api.telegram.org/bot8942164862:AAEGbX-FW5J1ymTcNQQalAv8C6ak4UyB_q8/getUpdates "HTTP/1.1 200 OK"
2026-09-10 03:14:08,261 - httpx - INFO - HTTP Request: POST https://api.telegram.org/bot8942164862:AAEGbX-FW5J1ymTcNQQalAv8C6ak4UyB_q8/getUpdates "HTTP/1.1 200 OK"
2026-09-10 03:14:18,359 - httpx - INFO - HTTP Request: POST https://api.telegram.org/bot8942164862:AAEGbX-FW5J1ymTcNQQalAv8C6ak4UyB_q8/getUpdates "HTTP/1.1 200 OK"
2026-09-10 03:14:28,455 - httpx - INFO - HTTP Request: POST https://api.telegram.org/bot8942164862:AAEGbX-FW5J1ymTcNQQalAv8C6ak4UyB_q8/getUpdates "HTTP/1.1 200 OK"
2026-09-10 03:14:38,550 - httpx - INFO - HTTP Request: POST https://api.telegram.org/bot8942164862:AAEGbX-FW5J1ymTcNQQalAv8C6ak4UyB_q8/getUpdates "HTTP/1.1 200 OK"
2026-09-10 03:14:48,650 - httpx - INFO - HTTP Request: POST https://api.telegram.org/bot8942164862:AAEGbX-FW5J1ymTcNQQalAv8C6ak4UyB_q8/getUpdates "HTTP/1.1 200 OK"
2026-09-10 03:14:58,845 - httpx - INFO - HTTP Request: POST https://api.telegram.org/bot8942164862:AAEGbX-FW5J1ymTcNQQalAv8C6ak4UyB_q8/getUpdates "HTTP/1.1 200 OK"
2026-09-10 03:15:08,983 - httpx - INFO - HTTP Request: POST https://api.telegram.org/bot8942164862:AAEGbX-FW5J1ymTcNQQalAv8C6ak4UyB_q8/getUpdates "HTTP/1.1 200 OK"
2026-09-10 03:15:19,085 - httpx - INFO - HTTP Request: POST https://api.telegram.org/bot8942164862:AAEGbX-FW5J1ymTcNQQalAv8C6ak4UyB_q8/getUpdates "HTTP/1.1 200 OK"
2026-09-10 03:15:29,183 - httpx - INFO - HTTP Request: POST https://api.telegram.org/bot8942164862:AAEGbX-FW5J1ymTcNQQalAv8C6ak4UyB_q8/getUpdates "HTTP/1.1 200 OK"
2026-09-10 03:15:39,294 - httpx - INFO - HTTP Request: POST https://api.telegram.org/bot8942164862:AAEGbX-FW5J1ymTcNQQalAv8C6ak4UyB_q8/getUpdates "HTTP/1.1 200 OK"
2026-09-10 03:15:49,431 - httpx - INFO - HTTP Request: POST https://api.telegram.org/bot8942164862:AAEGbX-FW5J1ymTcNQQalAv8C6ak4UyB_q8/getUpdates "HTTP/1.1 200 OK"
2026-09-10 03:15:59,527 - httpx - INFO - HTTP Request: POST https://api.telegram.org/bot8942164862:AAEGbX-FW5J1ymTcNQQalAv8C6ak4UyB_q8/getUpdates "HTTP/1.1 200 OK"
2026-09-10 03:16:09,705 - httpx - INFO - HTTP Request: POST https://api.telegram.org/bot8942164862:AAEGbX-FW5J1ymTcNQQalAv8C6ak4UyB_q8/getUpdates "HTTP/1.1 200 OK"
2026-09-10 03:16:19,808 - httpx - INFO - HTTP Request: POST https://api.telegram.org/bot8942164862:AAEGbX-FW5J1ymTcNQQalAv8C6ak4UyB_q8/getUpdates "HTTP/1.1 200 OK"
2026-09-10 03:16:30,084 - httpx - INFO - HTTP Request: POST https://api.telegram.org/bot8942164862:AAEGbX-FW5J1ymTcNQQalAv8C6ak4UyB_q8/getUpdates "HTTP/1.1 200 OK"
2026-09-10 03:16:40,184 - httpx - INFO - HTTP Request: POST https://api.telegram.org/bot8942164862:AAEGbX-FW5J1ymTcNQQalAv8C6ak4UyB_q8/getUpdates "HTTP/1.1 200 OK"
2026-09-10 03:16:50,361 - httpx - INFO - HTTP Request: POST https://api.telegram.org/bot8942164862:AAEGbX-FW5J1ymTcNQQalAv8C6ak4UyB_q8/getUpdates "HTTP/1.1 200 OK"
2026-09-10 03:17:00,457 - httpx - INFO - HTTP Request: POST https://api.telegram.org/bot8942164862:AAEGbX-FW5J1ymTcNQQalAv8C6ak4UyB_q8/getUpdates "HTTP/1.1 200 OK"
2026-09-10 03:17:10,634 - httpx - INFO - HTTP Request: POST https://api.telegram.org/bot8942164862:AAEGbX-FW5J1ymTcNQQalAv8C6ak4UyB_q8/getUpdates "HTTP/1.1 200 OK"
2026-09-10 03:17:20,772 - httpx - INFO - HTTP Request: POST https://api.telegram.org/bot8942164862:AAEGbX-FW5J1ymTcNQQalAv8C6ak4UyB_q8/getUpdates "HTTP/1.1 200 OK"
2026-09-10 03:17:30,873 - httpx - INFO - HTTP Request: POST https://api.telegram.org/bot8942164862:AAEGbX-FW5J1ymTcNQQalAv8C6ak4UyB_q8/getUpdates "HTTP/1.1 200 OK"
2026-09-10 03:17:40,969 - httpx - INFO - HTTP Request: POST https://api.telegram.org/bot8942164862:AAEGbX-FW5J1ymTcNQQalAv8C6ak4UyB_q8/getUpdates "HTTP/1.1 200 OK"
2026-09-10 03:17:51,067 - httpx - INFO - HTTP Request: POST https://api.telegram.org/bot8942164862:AAEGbX-FW5J1ymTcNQQalAv8C6ak4UyB_q8/getUpdates "HTTP/1.1 200 OK"
2026-09-10 03:18:01,168 - httpx - INFO - HTTP Request: POST https://api.telegram.org/bot8942164862:AAEGbX-FW5J1ymTcNQQalAv8C6ak4UyB_q8/getUpdates "HTTP/1.1 200 OK"
2026-09-10 03:18:11,368 - httpx - INFO - HTTP Request: POST https://api.telegram.org/bot8942164862:AAEGbX-FW5J1ymTcNQQalAv8C6ak4UyB_q8/getUpdates "HTTP/1.1 200 OK"
2026-09-10 03:18:21,497 - httpx - INFO - HTTP Request: POST https://api.telegram.org/bot8942164862:AAEGbX-FW5J1ymTcNQQalAv8C6ak4UyB_q8/getUpdates "HTTP/1.1 200 OK"
2026-09-10 03:18:31,633 - httpx - INFO - HTTP Request: POST https://api.telegram.org/bot8942164862:AAEGbX-FW5J1ymTcNQQalAv8C6ak4UyB_q8/getUpdates "HTTP/1.1 200 OK"
2026-09-10 03:18:41,776 - httpx - INFO - HTTP Request: POST https://api.telegram.org/bot8942164862:AAEGbX-FW5J1ymTcNQQalAv8C6ak4UyB_q8/getUpdates "HTTP/1.1 200 OK"
2026-09-10 03:18:51,908 - httpx - INFO - HTTP Request: POST https://api.telegram.org/bot8942164862:AAEGbX-FW5J1ymTcNQQalAv8C6ak4UyB_q8/getUpdates "HTTP/1.1 200 OK"
2026-09-10 03:19:02,046 - httpx - INFO - HTTP Request: POST https://api.telegram.org/bot8942164862:AAEGbX-FW5J1ymTcNQQalAv8C6ak4UyB_q8/getUpdates "HTTP/1.1 200 OK"
2026-09-10 03:19:12,183 - httpx - INFO - HTTP Request: POST https://api.telegram.org/bot8942164862:AAEGbX-FW5J1ymTcNQQalAv8C6ak4UyB_q8/getUpdates "HTTP/1.1 200 OK"
2026-09-10 03:19:22,321 - httpx - INFO - HTTP Request: POST https://api.telegram.org/bot8942164862:AAEGbX-FW5J1ymTcNQQalAv8C6ak4UyB_q8/getUpdates "HTTP/1.1 200 OK"
2026-09-10 03:19:32,459 - httpx - INFO - HTTP Request: POST https://api.telegram.org/bot8942164862:AAEGbX-FW5J1ymTcNQQalAv8C6ak4UyB_q8/getUpdates "HTTP/1.1 200 OK"
2026-09-10 03:19:42,555 - httpx - INFO - HTTP Request: POST https://api.telegram.org/bot8942164862:AAEGbX-FW5J1ymTcNQQalAv8C6ak4UyB_q8/getUpdates "HTTP/1.1 200 OK"
2026-09-10 03:19:52,734 - httpx - INFO - HTTP Request: POST https://api.telegram.org/bot8942164862:AAEGbX-FW5J1ymTcNQQalAv8C6ak4UyB_q8/getUpdates "HTTP/1.1 200 OK"
2026-09-10 03:20:02,872 - httpx - INFO - HTTP Request: POST https://api.telegram.org/bot8942164862:AAEGbX-FW5J1ymTcNQQalAv8C6ak4UyB_q8/getUpdates "HTTP/1.1 200 OK"
2026-09-10 03:20:13,009 - httpx - INFO - HTTP Request: POST https://api.telegram.org/bot8942164862:AAEGbX-FW5J1ymTcNQQalAv8C6ak4UyB_q8/getUpdates "HTTP/1.1 200 OK"
2026-09-10 03:20:23,149 - httpx - INFO - HTTP Request: POST https://api.telegram.org/bot8942164862:AAEGbX-FW5J1ymTcNQQalAv8C6ak4UyB_q8/getUpdates "HTTP/1.1 200 OK"
2026-09-10 03:20:33,247 - httpx - INFO - HTTP Request: POST https://api.telegram.org/bot8942164862:AAEGbX-FW5J1ymTcNQQalAv8C6ak4UyB_q8/getUpdates "HTTP/1.1 200 OK"
2026-09-10 03:20:43,346 - httpx - INFO - HTTP Request: POST https://api.telegram.org/bot8942164862:AAEGbX-FW5J1ymTcNQQalAv8C6ak4UyB_q8/getUpdates "HTTP/1.1 200 OK"
2026-09-10 03:20:53,458 - httpx - INFO - HTTP Request: POST https://api.telegram.org/bot8942164862:AAEGbX-FW5J1ymTcNQQalAv8C6ak4UyB_q8/getUpdates "HTTP/1.1 200 OK"
2026-09-10 03:21:03,595 - httpx - INFO - HTTP Request: POST https://api.telegram.org/bot8942164862:AAEGbX-FW5J1ymTcNQQalAv8C6ak4UyB_q8/getUpdates "HTTP/1.1 200 OK"
2026-09-10 03:21:13,695 - httpx - INFO - HTTP Request: POST https://api.telegram.org/bot8942164862:AAEGbX-FW5J1ymTcNQQalAv8C6ak4UyB_q8/getUpdates "HTTP/1.1 200 OK"
2026-09-10 03:21:23,871 - httpx - INFO - HTTP Request: POST https://api.telegram.org/bot8942164862:AAEGbX-FW5J1ymTcNQQalAv8C6ak4UyB_q8/getUpdates "HTTP/1.1 200 OK"
2026-09-10 03:21:34,007 - httpx - INFO - HTTP Request: POST https://api.telegram.org/bot8942164862:AAEGbX-FW5J1ymTcNQQalAv8C6ak4UyB_q8/getUpdates "HTTP/1.1 200 OK"
2026-09-10 03:21:44,111 - httpx - INFO - HTTP Request: POST https://api.telegram.org/bot8942164862:AAEGbX-FW5J1ymTcNQQalAv8C6ak4UyB_q8/getUpdates "HTTP/1.1 200 OK"
2026-09-10 03:21:54,209 - httpx - INFO - HTTP Request: POST https://api.telegram.org/bot8942164862:AAEGbX-FW5J1ymTcNQQalAv8C6ak4UyB_q8/getUpdates "HTTP/1.1 200 OK"
2026-09-10 03:22:04,307 - httpx - INFO - HTTP Request: POST https://api.telegram.org/bot8942164862:AAEGbX-FW5J1ymTcNQQalAv8C6ak4UyB_q8/getUpdates "HTTP/1.1 200 OK"
2026-09-10 03:22:14,459 - httpx - INFO - HTTP Request: POST https://api.telegram.org/bot8942164862:AAEGbX-FW5J1ymTcNQQalAv8C6ak4UyB_q8/getUpdates "HTTP/1.1 200 OK"
2026-09-10 03:22:24,558 - httpx - INFO - HTTP Request: POST https://api.telegram.org/bot8942164862:AAEGbX-FW5J1ymTcNQQalAv8C6ak4UyB_q8/getUpdates "HTTP/1.1 200 OK"
2026-09-10 03:22:34,732 - httpx - INFO - HTTP Request: POST https://api.telegram.org/bot8942164862:AAEGbX-FW5J1ymTcNQQalAv8C6ak4UyB_q8/getUpdates "HTTP/1.1 200 OK"
2026-09-10 03:22:44,834 - httpx - INFO - HTTP Request: POST https://api.telegram.org/bot8942164862:AAEGbX-FW5J1ymTcNQQalAv8C6ak4UyB_q8/getUpdates "HTTP/1.1 200 OK"
2026-09-10 03:22:54,933 - httpx - INFO - HTTP Request: POST https://api.telegram.org/bot8942164862:AAEGbX-FW5J1ymTcNQQalAv8C6ak4UyB_q8/getUpdates "HTTP/1.1 200 OK"
2026-09-10 03:23:05,029 - httpx - INFO - HTTP Request: POST https://api.telegram.org/bot8942164862:AAEGbX-FW5J1ymTcNQQalAv8C6ak4UyB_q8/getUpdates "HTTP/1.1 200 OK"
2026-09-10 03:23:15,128 - httpx - INFO - HTTP Request: POST https://api.telegram.org/bot8942164862:AAEGbX-FW5J1ymTcNQQalAv8C6ak4UyB_q8/getUpdates "HTTP/1.1 200 OK"
2026-09-10 03:23:25,228 - httpx - INFO - HTTP Request: POST https://api.telegram.org/bot8942164862:AAEGbX-FW5J1ymTcNQQalAv8C6ak4UyB_q8/getUpdates "HTTP/1.1 200 OK"
2026-09-10 03:23:35,326 - httpx - INFO - HTTP Request: POST https://api.telegram.org/bot8942164862:AAEGbX-FW5J1ymTcNQQalAv8C6ak4UyB_q8/getUpdates "HTTP/1.1 200 OK"
2026-09-10 03:23:45,425 - httpx - INFO - HTTP Request: POST https://api.telegram.org/bot8942164862:AAEGbX-FW5J1ymTcNQQalAv8C6ak4UyB_q8/getUpdates "HTTP/1.1 200 OK"
2026-09-10 03:23:55,525 - httpx - INFO - HTTP Request: POST https://api.telegram.org/bot8942164862:AAEGbX-FW5J1ymTcNQQalAv8C6ak4UyB_q8/getUpdates "HTTP/1.1 200 OK"
2026-09-10 03:24:05,627 - httpx - INFO - HTTP Request: POST https://api.telegram.org/bot8942164862:AAEGbX-FW5J1ymTcNQQalAv8C6ak4UyB_q8/getUpdates "HTTP/1.1 200 OK"
2026-09-10 03:24:15,723 - httpx - INFO - HTTP Request: POST https://api.telegram.org/bot8942164862:AAEGbX-FW5J1ymTcNQQalAv8C6ak4UyB_q8/getUpdates "HTTP/1.1 200 OK"
2026-09-10 03:24:25,821 - httpx - INFO - HTTP Request: POST https://api.telegram.org/bot8942164862:AAEGbX-FW5J1ymTcNQQalAv8C6ak4UyB_q8/getUpdates "HTTP/1.1 200 OK"
2026-09-10 03:24:35,925 - httpx - INFO - HTTP Request: POST https://api.telegram.org/bot8942164862:AAEGbX-FW5J1ymTcNQQalAv8C6ak4UyB_q8/getUpdates "HTTP/1.1 200 OK"
2026-09-10 03:24:46,111 - httpx - INFO - HTTP Request: POST https://api.telegram.org/bot8942164862:AAEGbX-FW5J1ymTcNQQalAv8C6ak4UyB_q8/getUpdates "HTTP/1.1 200 OK"
2026-09-10 03:24:56,249 - httpx - INFO - HTTP Request: POST https://api.telegram.org/bot8942164862:AAEGbX-FW5J1ymTcNQQalAv8C6ak4UyB_q8/getUpdates "HTTP/1.1 200 OK"
2026-09-10 03:25:06,348 - httpx - INFO - HTTP Request: POST https://api.telegram.org/bot8942164862:AAEGbX-FW5J1ymTcNQQalAv8C6ak4UyB_q8/getUpdates "HTTP/1.1 200 OK"
2026-09-10 03:25:16,525 - httpx - INFO - HTTP Request: POST https://api.telegram.org/bot8942164862:AAEGbX-FW5J1ymTcNQQalAv8C6ak4UyB_q8/getUpdates "HTTP/1.1 200 OK"
2026-09-10 03:25:26,662 - httpx - INFO - HTTP Request: POST https://api.telegram.org/bot8942164862:AAEGbX-FW5J1ymTcNQQalAv8C6ak4UyB_q8/getUpdates "HTTP/1.1 200 OK"
2026-09-10 03:25:36,766 - httpx - INFO - HTTP Request: POST https://api.telegram.org/bot8942164862:AAEGbX-FW5J1ymTcNQQalAv8C6ak4UyB_q8/getUpdates "HTTP/1.1 200 OK"
2026-09-10 03:25:46,875 - httpx - INFO - HTTP Request: POST https://api.telegram.org/bot8942164862:AAEGbX-FW5J1ymTcNQQalAv8C6ak4UyB_q8/getUpdates "HTTP/1.1 200 OK"
2026-09-10 03:25:57,075 - httpx - INFO - HTTP Request: POST https://api.telegram.org/bot8942164862:AAEGbX-FW5J1ymTcNQQalAv8C6ak4UyB_q8/getUpdates "HTTP/1.1 200 OK"
2026-09-10 03:26:07,173 - httpx - INFO - HTTP Request: POST https://api.telegram.org/bot8942164862:AAEGbX-FW5J1ymTcNQQalAv8C6ak4UyB_q8/getUpdates "HTTP/1.1 200 OK"
2026-09-10 03:26:17,272 - httpx - INFO - HTTP Request: POST https://api.telegram.org/bot8942164862:AAEGbX-FW5J1ymTcNQQalAv8C6ak4UyB_q8/getUpdates "HTTP/1.1 200 OK"
2026-09-10 03:26:27,385 - httpx - INFO - HTTP Request: POST https://api.telegram.org/bot8942164862:AAEGbX-FW5J1ymTcNQQalAv8C6ak4UyB_q8/getUpdates "HTTP/1.1 200 OK"
2026-09-10 03:26:37,523 - httpx - INFO - HTTP Request: POST https://api.telegram.org/bot8942164862:AAEGbX-FW5J1ymTcNQQalAv8C6ak4UyB_q8/getUpdates "HTTP/1.1 200 OK"
2026-09-10 03:26:47,661 - httpx - INFO - HTTP Request: POST https://api.telegram.org/bot8942164862:AAEGbX-FW5J1ymTcNQQalAv8C6ak4UyB_q8/getUpdates "HTTP/1.1 200 OK"
2026-09-10 03:26:57,799 - httpx - INFO - HTTP Request: POST https://api.telegram.org/bot8942164862:AAEGbX-FW5J1ymTcNQQalAv8C6ak4UyB_q8/getUpdates "HTTP/1.1 200 OK"
2026-09-10 03:27:07,936 - httpx - INFO - HTTP Request: POST https://api.telegram.org/bot8942164862:AAEGbX-FW5J1ymTcNQQalAv8C6ak4UyB_q8/getUpdates "HTTP/1.1 200 OK"
2026-09-10 03:27:18,052 - httpx - INFO - HTTP Request: POST https://api.telegram.org/bot8942164862:AAEGbX-FW5J1ymTcNQQalAv8C6ak4UyB_q8/getUpdates "HTTP/1.1 200 OK"
2026-09-10 03:27:28,212 - httpx - INFO - HTTP Request: POST https://api.telegram.org/bot8942164862:AAEGbX-FW5J1ymTcNQQalAv8C6ak4UyB_q8/getUpdates "HTTP/1.1 200 OK"
2026-09-10 03:27:38,350 - httpx - INFO - HTTP Request: POST https://api.telegram.org/bot8942164862:AAEGbX-FW5J1ymTcNQQalAv8C6ak4UyB_q8/getUpdates "HTTP/1.1 200 OK"
2026-09-10 03:27:48,488 - httpx - INFO - HTTP Request: POST https://api.telegram.org/bot8942164862:AAEGbX-FW5J1ymTcNQQalAv8C6ak4UyB_q8/getUpdates "HTTP/1.1 200 OK"
2026-09-10 03:27:58,625 - httpx - INFO - HTTP Request: POST https://api.telegram.org/bot8942164862:AAEGbX-FW5J1ymTcNQQalAv8C6ak4UyB_q8/getUpdates "HTTP/1.1 200 OK"
2026-09-10 03:28:08,762 - httpx - INFO - HTTP Request: POST https://api.telegram.org/bot8942164862:AAEGbX-FW5J1ymTcNQQalAv8C6ak4UyB_q8/getUpdates "HTTP/1.1 200 OK"
2026-09-10 03:28:18,900 - httpx - INFO - HTTP Request: POST https://api.telegram.org/bot8942164862:AAEGbX-FW5J1ymTcNQQalAv8C6ak4UyB_q8/getUpdates "HTTP/1.1 200 OK"
2026-09-10 03:28:29,037 - httpx - INFO - HTTP Request: POST https://api.telegram.org/bot8942164862:AAEGbX-FW5J1ymTcNQQalAv8C6ak4UyB_q8/getUpdates "HTTP/1.1 200 OK"
2026-09-10 03:28:39,175 - httpx - INFO - HTTP Request: POST https://api.telegram.org/bot8942164862:AAEGbX-FW5J1ymTcNQQalAv8C6ak4UyB_q8/getUpdates "HTTP/1.1 200 OK"
2026-09-10 03:28:49,312 - httpx - INFO - HTTP Request: POST https://api.telegram.org/bot8942164862:AAEGbX-FW5J1ymTcNQQalAv8C6ak4UyB_q8/getUpdates "HTTP/1.1 200 OK"
2026-09-10 03:28:59,411 - httpx - INFO - HTTP Request: POST https://api.telegram.org/bot8942164862:AAEGbX-FW5J1ymTcNQQalAv8C6ak4UyB_q8/getUpdates "HTTP/1.1 200 OK"
2026-09-10 03:29:09,588 - httpx - INFO - HTTP Request: POST https://api.telegram.org/bot8942164862:AAEGbX-FW5J1ymTcNQQalAv8C6ak4UyB_q8/getUpdates "HTTP/1.1 200 OK"
2026-09-10 03:29:19,683 - httpx - INFO - HTTP Request: POST https://api.telegram.org/bot8942164862:AAEGbX-FW5J1ymTcNQQalAv8C6ak4UyB_q8/getUpdates "HTTP/1.1 200 OK"
2026-09-10 03:29:29,783 - httpx - INFO - HTTP Request: POST https://api.telegram.org/bot8942164862:AAEGbX-FW5J1ymTcNQQalAv8C6ak4UyB_q8/getUpdates "HTTP/1.1 200 OK"
2026-09-10 03:29:40,000 - httpx - INFO - HTTP Request: POST https://api.telegram.org/bot8942164862:AAEGbX-FW5J1ymTcNQQalAv8C6ak4UyB_q8/getUpdates "HTTP/1.1 200 OK"
2026-09-10 03:29:50,139 - httpx - INFO - HTTP Request: POST https://api.telegram.org/bot8942164862:AAEGbX-FW5J1ymTcNQQalAv8C6ak4UyB_q8/getUpdates "HTTP/1.1 200 OK"
2026-09-10 03:30:00,277 - httpx - INFO - HTTP Request: POST https://api.telegram.org/bot8942164862:AAEGbX-FW5J1ymTcNQQalAv8C6ak4UyB_q8/getUpdates "HTTP/1.1 200 OK"
2026-09-10 03:30:10,413 - httpx - INFO - HTTP Request: POST https://api.telegram.org/bot8942164862:AAEGbX-FW5J1ymTcNQQalAv8C6ak4UyB_q8/getUpdates "HTTP/1.1 200 OK"
2026-09-10 03:30:20,552 - httpx - INFO - HTTP Request: POST https://api.telegram.org/bot8942164862:AAEGbX-FW5J1ymTcNQQalAv8C6ak4UyB_q8/getUpdates "HTTP/1.1 200 OK"
2026-09-10 03:30:30,689 - httpx - INFO - HTTP Request: POST https://api.telegram.org/bot8942164862:AAEGbX-FW5J1ymTcNQQalAv8C6ak4UyB_q8/getUpdates "HTTP/1.1 200 OK"
2026-09-10 03:30:40,826 - httpx - INFO - HTTP Request: POST https://api.telegram.org/bot8942164862:AAEGbX-FW5J1ymTcNQQalAv8C6ak4UyB_q8/getUpdates "HTTP/1.1 200 OK"
2026-09-10 03:30:50,927 - httpx - INFO - HTTP Request: POST https://api.telegram.org/bot8942164862:AAEGbX-FW5J1ymTcNQQalAv8C6ak4UyB_q8/getUpdates "HTTP/1.1 200 OK"
2026-09-10 03:31:01,102 - httpx - INFO - HTTP Request: POST https://api.telegram.org/bot8942164862:AAEGbX-FW5J1ymTcNQQalAv8C6ak4UyB_q8/getUpdates "HTTP/1.1 200 OK"
2026-09-10 03:31:11,240 - httpx - INFO - HTTP Request: POST https://api.telegram.org/bot8942164862:AAEGbX-FW5J1ymTcNQQalAv8C6ak4UyB_q8/getUpdates "HTTP/1.1 200 OK"
2026-09-10 03:31:21,379 - httpx - INFO - HTTP Request: POST https://api.telegram.org/bot8942164862:AAEGbX-FW5J1ymTcNQQalAv8C6ak4UyB_q8/getUpdates "HTTP/1.1 200 OK"
2026-09-10 03:31:31,517 - httpx - INFO - HTTP Request: POST https://api.telegram.org/bot8942164862:AAEGbX-FW5J1ymTcNQQalAv8C6ak4UyB_q8/getUpdates "HTTP/1.1 200 OK"
2026-09-10 03:31:41,652 - httpx - INFO - HTTP Request: POST https://api.telegram.org/bot8942164862:AAEGbX-FW5J1ymTcNQQalAv8C6ak4UyB_q8/getUpdates "HTTP/1.1 200 OK"
2026-09-10 03:31:51,995 - httpx - INFO - HTTP Request: POST https://api.telegram.org/bot8942164862:AAEGbX-FW5J1ymTcNQQalAv8C6ak4UyB_q8/getUpdates "HTTP/1.1 200 OK"
2026-09-10 03:32:02,092 - httpx - INFO - HTTP Request: POST https://api.telegram.org/bot8942164862:AAEGbX-FW5J1ymTcNQQalAv8C6ak4UyB_q8/getUpdates "HTTP/1.1 200 OK"
2026-09-10 03:32:12,270 - httpx - INFO - HTTP Request: POST https://api.telegram.org/bot8942164862:AAEGbX-FW5J1ymTcNQQalAv8C6ak4UyB_q8/getUpdates "HTTP/1.1 200 OK"
2026-09-10 03:32:22,409 - httpx - INFO - HTTP Request: POST https://api.telegram.org/bot8942164862:AAEGbX-FW5J1ymTcNQQalAv8C6ak4UyB_q8/getUpdates "HTTP/1.1 200 OK"
2026-09-10 03:32:32,515 - httpx - INFO - HTTP Request: POST https://api.telegram.org/bot8942164862:AAEGbX-FW5J1ymTcNQQalAv8C6ak4UyB_q8/getUpdates "HTTP/1.1 200 OK"
2026-09-10 03:32:42,683 - httpx - INFO - HTTP Request: POST https://api.telegram.org/bot8942164862:AAEGbX-FW5J1ymTcNQQalAv8C6ak4UyB_q8/getUpdates "HTTP/1.1 200 OK"
2026-09-10 03:32:52,821 - httpx - INFO - HTTP Request: POST https://api.telegram.org/bot8942164862:AAEGbX-FW5J1ymTcNQQalAv8C6ak4UyB_q8/getUpdates "HTTP/1.1 200 OK"
2026-09-10 03:33:02,959 - httpx - INFO - HTTP Request: POST https://api.telegram.org/bot8942164862:AAEGbX-FW5J1ymTcNQQalAv8C6ak4UyB_q8/getUpdates "HTTP/1.1 200 OK"
2026-09-10 03:33:13,061 - httpx - INFO - HTTP Request: POST https://api.telegram.org/bot8942164862:AAEGbX-FW5J1ymTcNQQalAv8C6ak4UyB_q8/getUpdates "HTTP/1.1 200 OK"
2026-09-10 03:33:23,168 - httpx - INFO - HTTP Request: POST https://api.telegram.org/bot8942164862:AAEGbX-FW5J1ymTcNQQalAv8C6ak4UyB_q8/getUpdates "HTTP/1.1 200 OK"
2026-09-10 03:33:33,372 - httpx - INFO - HTTP Request: POST https://api.telegram.org/bot8942164862:AAEGbX-FW5J1ymTcNQQalAv8C6ak4UyB_q8/getUpdates "HTTP/1.1 200 OK"
2026-09-10 03:33:43,509 - httpx - INFO - HTTP Request: POST https://api.telegram.org/bot8942164862:AAEGbX-FW5J1ymTcNQQalAv8C6ak4UyB_q8/getUpdates "HTTP/1.1 200 OK"
2026-09-10 03:33:53,647 - httpx - INFO - HTTP Request: POST https://api.telegram.org/bot8942164862:AAEGbX-FW5J1ymTcNQQalAv8C6ak4UyB_q8/getUpdates "HTTP/1.1 200 OK"
2026-09-10 03:34:03,785 - httpx - INFO - HTTP Request: POST https://api.telegram.org/bot8942164862:AAEGbX-FW5J1ymTcNQQalAv8C6ak4UyB_q8/getUpdates "HTTP/1.1 200 OK"
2026-09-10 03:34:13,922 - httpx - INFO - HTTP Request: POST https://api.telegram.org/bot8942164862:AAEGbX-FW5J1ymTcNQQalAv8C6ak4UyB_q8/getUpdates "HTTP/1.1 200 OK"
2026-09-10 03:34:24,063 - httpx - INFO - HTTP Request: POST https://api.telegram.org/bot8942164862:AAEGbX-FW5J1ymTcNQQalAv8C6ak4UyB_q8/getUpdates "HTTP/1.1 200 OK"
2026-09-10 03:34:34,198 - httpx - INFO - HTTP Request: POST https://api.telegram.org/bot8942164862:AAEGbX-FW5J1ymTcNQQalAv8C6ak4UyB_q8/getUpdates "HTTP/1.1 200 OK"
2026-09-10 03:34:44,335 - httpx - INFO - HTTP Request: POST https://api.telegram.org/bot8942164862:AAEGbX-FW5J1ymTcNQQalAv8C6ak4UyB_q8/getUpdates "HTTP/1.1 200 OK"
2026-09-10 03:34:54,438 - httpx - INFO - HTTP Request: POST https://api.telegram.org/bot8942164862:AAEGbX-FW5J1ymTcNQQalAv8C6ak4UyB_q8/getUpdates "HTTP/1.1 200 OK"
2026-09-10 03:35:04,610 - httpx - INFO - HTTP Request: POST https://api.telegram.org/bot8942164862:AAEGbX-FW5J1ymTcNQQalAv8C6ak4UyB_q8/getUpdates "HTTP/1.1 200 OK"
2026-09-10 03:35:14,748 - httpx - INFO - HTTP Request: POST https://api.telegram.org/bot8942164862:AAEGbX-FW5J1ymTcNQQalAv8C6ak4UyB_q8/getUpdates "HTTP/1.1 200 OK"
2026-09-10 03:35:24,853 - httpx - INFO - HTTP Request: POST https://api.telegram.org/bot8942164862:AAEGbX-FW5J1ymTcNQQalAv8C6ak4UyB_q8/getUpdates "HTTP/1.1 200 OK"
2026-09-10 03:35:35,023 - httpx - INFO - HTTP Request: POST https://api.telegram.org/bot8942164862:AAEGbX-FW5J1ymTcNQQalAv8C6ak4UyB_q8/getUpdates "HTTP/1.1 200 OK"
2026-09-10 03:35:45,126 - httpx - INFO - HTTP Request: POST https://api.telegram.org/bot8942164862:AAEGbX-FW5J1ymTcNQQalAv8C6ak4UyB_q8/getUpdates "HTTP/1.1 200 OK"
2026-09-10 03:35:55,229 - httpx - INFO - HTTP Request: POST https://api.telegram.org/bot8942164862:AAEGbX-FW5J1ymTcNQQalAv8C6ak4UyB_q8/getUpdates "HTTP/1.1 200 OK"
2026-09-10 03:36:05,334 - httpx - INFO - HTTP Request: POST https://api.telegram.org/bot8942164862:AAEGbX-FW5J1ymTcNQQalAv8C6ak4UyB_q8/getUpdates "HTTP/1.1 200 OK"
2026-09-10 03:36:15,438 - httpx - INFO - HTTP Request: POST https://api.telegram.org/bot8942164862:AAEGbX-FW5J1ymTcNQQalAv8C6ak4UyB_q8/getUpdates "HTTP/1.1 200 OK"
2026-09-10 03:36:25,543 - httpx - INFO - HTTP Request: POST https://api.telegram.org/bot8942164862:AAEGbX-FW5J1ymTcNQQalAv8C6ak4UyB_q8/getUpdates "HTTP/1.1 200 OK"
2026-09-10 03:36:35,644 - httpx - INFO - HTTP Request: POST https://api.telegram.org/bot8942164862:AAEGbX-FW5J1ymTcNQQalAv8C6ak4UyB_q8/getUpdates "HTTP/1.1 200 OK"
2026-09-10 03:36:45,782 - httpx - INFO - HTTP Request: POST https://api.telegram.org/bot8942164862:AAEGbX-FW5J1ymTcNQQalAv8C6ak4UyB_q8/getUpdates "HTTP/1.1 200 OK"
2026-09-10 03:36:55,883 - httpx - INFO - HTTP Request: POST https://api.telegram.org/bot8942164862:AAEGbX-FW5J1ymTcNQQalAv8C6ak4UyB_q8/getUpdates "HTTP/1.1 200 OK"
2026-09-10 03:37:05,986 - httpx - INFO - HTTP Request: POST https://api.telegram.org/bot8942164862:AAEGbX-FW5J1ymTcNQQalAv8C6ak4UyB_q8/getUpdates "HTTP/1.1 200 OK"
2026-09-10 03:37:16,088 - httpx - INFO - HTTP Request: POST https://api.telegram.org/bot8942164862:AAEGbX-FW5J1ymTcNQQalAv8C6ak4UyB_q8/getUpdates "HTTP/1.1 200 OK"
2026-09-10 03:37:26,193 - httpx - INFO - HTTP Request: POST https://api.telegram.org/bot8942164862:AAEGbX-FW5J1ymTcNQQalAv8C6ak4UyB_q8/getUpdates "HTTP/1.1 200 OK"
2026-09-10 03:37:36,294 - httpx - INFO - HTTP Request: POST https://api.telegram.org/bot8942164862:AAEGbX-FW5J1ymTcNQQalAv8C6ak4UyB_q8/getUpdates "HTTP/1.1 200 OK"
2026-09-10 03:37:46,403 - httpx - INFO - HTTP Request: POST https://api.telegram.org/bot8942164862:AAEGbX-FW5J1ymTcNQQalAv8C6ak4UyB_q8/getUpdates "HTTP/1.1 200 OK"
2026-09-10 03:37:56,503 - httpx - INFO - HTTP Request: POST https://api.telegram.org/bot8942164862:AAEGbX-FW5J1ymTcNQQalAv8C6ak4UyB_q8/getUpdates "HTTP/1.1 200 OK"
2026-09-10 03:38:06,603 - httpx - INFO - HTTP Request: POST https://api.telegram.org/bot8942164862:AAEGbX-FW5J1ymTcNQQalAv8C6ak4UyB_q8/getUpdates "HTTP/1.1 200 OK"
2026-09-10 03:38:16,704 - httpx - INFO - HTTP Request: POST https://api.telegram.org/bot8942164862:AAEGbX-FW5J1ymTcNQQalAv8C6ak4UyB_q8/getUpdates "HTTP/1.1 200 OK"
2026-09-10 03:38:26,851 - httpx - INFO - HTTP Request: POST https://api.telegram.org/bot8942164862:AAEGbX-FW5J1ymTcNQQalAv8C6ak4UyB_q8/getUpdates "HTTP/1.1 200 OK"
2026-09-10 03:38:36,992 - httpx - INFO - HTTP Request: POST https://api.telegram.org/bot8942164862:AAEGbX-FW5J1ymTcNQQalAv8C6ak4UyB_q8/getUpdates "HTTP/1.1 200 OK"
2026-09-10 03:38:47,095 - httpx - INFO - HTTP Request: POST https://api.telegram.org/bot8942164862:AAEGbX-FW5J1ymTcNQQalAv8C6ak4UyB_q8/getUpdates "HTTP/1.1 200 OK"
2026-09-10 03:38:57,264 - httpx - INFO - HTTP Request: POST https://api.telegram.org/bot8942164862:AAEGbX-FW5J1ymTcNQQalAv8C6ak4UyB_q8/getUpdates "HTTP/1.1 200 OK"
2026-09-10 03:39:07,367 - httpx - INFO - HTTP Request: POST https://api.telegram.org/bot8942164862:AAEGbX-FW5J1ymTcNQQalAv8C6ak4UyB_q8/getUpdates "HTTP/1.1 200 OK"
2026-09-10 03:39:17,468 - httpx - INFO - HTTP Request: POST https://api.telegram.org/bot8942164862:AAEGbX-FW5J1ymTcNQQalAv8C6ak4UyB_q8/getUpdates "HTTP/1.1 200 OK"
2026-09-10 03:39:27,574 - httpx - INFO - HTTP Request: POST https://api.telegram.org/bot8942164862:AAEGbX-FW5J1ymTcNQQalAv8C6ak4UyB_q8/getUpdates "HTTP/1.1 200 OK"
2026-09-10 03:39:37,712 - httpx - INFO - HTTP Request: POST https://api.telegram.org/bot8942164862:AAEGbX-FW5J1ymTcNQQalAv8C6ak4UyB_q8/getUpdates "HTTP/1.1 200 OK"
2026-09-10 03:39:47,850 - httpx - INFO - HTTP Request: POST https://api.telegram.org/bot8942164862:AAEGbX-FW5J1ymTcNQQalAv8C6ak4UyB_q8/getUpdates "HTTP/1.1 200 OK"
2026-09-10 03:39:57,987 - httpx - INFO - HTTP Request: POST https://api.telegram.org/bot8942164862:AAEGbX-FW5J1ymTcNQQalAv8C6ak4UyB_q8/getUpdates "HTTP/1.1 200 OK"
2026-09-10 03:40:08,092 - httpx - INFO - HTTP Request: POST https://api.telegram.org/bot8942164862:AAEGbX-FW5J1ymTcNQQalAv8C6ak4UyB_q8/getUpdates "HTTP/1.1 200 OK"
2026-09-10 03:40:18,194 - httpx - INFO - HTTP Request: POST https://api.telegram.org/bot8942164862:AAEGbX-FW5J1ymTcNQQalAv8C6ak4UyB_q8/getUpdates "HTTP/1.1 200 OK"
2026-09-10 03:40:28,298 - httpx - INFO - HTTP Request: POST https://api.telegram.org/bot8942164862:AAEGbX-FW5J1ymTcNQQalAv8C6ak4UyB_q8/getUpdates "HTTP/1.1 200 OK"
2026-09-10 03:40:38,435 - httpx - INFO - HTTP Request: POST https://api.telegram.org/bot8942164862:AAEGbX-FW5J1ymTcNQQalAv8C6ak4UyB_q8/getUpdates "HTTP/1.1 200 OK"
2026-09-10 03:40:48,535 - httpx - INFO - HTTP Request: POST https://api.telegram.org/bot8942164862:AAEGbX-FW5J1ymTcNQQalAv8C6ak4UyB_q8/getUpdates "HTTP/1.1 200 OK"
2026-09-10 03:40:58,711 - httpx - INFO - HTTP Request: POST https://api.telegram.org/bot8942164862:AAEGbX-FW5J1ymTcNQQalAv8C6ak4UyB_q8/getUpdates "HTTP/1.1 200 OK"
2026-09-10 03:41:08,811 - httpx - INFO - HTTP Request: POST https://api.telegram.org/bot8942164862:AAEGbX-FW5J1ymTcNQQalAv8C6ak4UyB_q8/getUpdates "HTTP/1.1 200 OK"
2026-09-10 03:41:18,986 - httpx - INFO - HTTP Request: POST https://api.telegram.org/bot8942164862:AAEGbX-FW5J1ymTcNQQalAv8C6ak4UyB_q8/getUpdates "HTTP/1.1 200 OK"
2026-09-10 03:41:29,086 - httpx - INFO - HTTP Request: POST https://api.telegram.org/bot8942164862:AAEGbX-FW5J1ymTcNQQalAv8C6ak4UyB_q8/getUpdates "HTTP/1.1 200 OK"
2026-09-10 03:41:39,188 - httpx - INFO - HTTP Request: POST https://api.telegram.org/bot8942164862:AAEGbX-FW5J1ymTcNQQalAv8C6ak4UyB_q8/getUpdates "HTTP/1.1 200 OK"
2026-09-10 03:41:49,297 - httpx - INFO - HTTP Request: POST https://api.telegram.org/bot8942164862:AAEGbX-FW5J1ymTcNQQalAv8C6ak4UyB_q8/getUpdates "HTTP/1.1 200 OK"
2026-09-10 03:41:59,435 - httpx - INFO - HTTP Request: POST https://api.telegram.org/bot8942164862:AAEGbX-FW5J1ymTcNQQalAv8C6ak4UyB_q8/getUpdates "HTTP/1.1 200 OK"
2026-09-10 03:42:09,551 - httpx - INFO - HTTP Request: POST https://api.telegram.org/bot8942164862:AAEGbX-FW5J1ymTcNQQalAv8C6ak4UyB_q8/getUpdates "HTTP/1.1 200 OK"
2026-09-10 03:42:19,710 - httpx - INFO - HTTP Request: POST https://api.telegram.org/bot8942164862:AAEGbX-FW5J1ymTcNQQalAv8C6ak4UyB_q8/getUpdates "HTTP/1.1 200 OK"
2026-09-10 03:42:29,848 - httpx - INFO - HTTP Request: POST https://api.telegram.org/bot8942164862:AAEGbX-FW5J1ymTcNQQalAv8C6ak4UyB_q8/getUpdates "HTTP/1.1 200 OK"
2026-09-10 03:42:39,985 - httpx - INFO - HTTP Request: POST https://api.telegram.org/bot8942164862:AAEGbX-FW5J1ymTcNQQalAv8C6ak4UyB_q8/getUpdates "HTTP/1.1 200 OK"
2026-09-10 03:42:50,088 - httpx - INFO - HTTP Request: POST https://api.telegram.org/bot8942164862:AAEGbX-FW5J1ymTcNQQalAv8C6ak4UyB_q8/getUpdates "HTTP/1.1 200 OK"
2026-09-10 03:43:00,185 - httpx - INFO - HTTP Request: POST https://api.telegram.org/bot8942164862:AAEGbX-FW5J1ymTcNQQalAv8C6ak4UyB_q8/getUpdates "HTTP/1.1 200 OK"
2026-09-10 03:43:10,295 - httpx - INFO - HTTP Request: POST https://api.telegram.org/bot8942164862:AAEGbX-FW5J1ymTcNQQalAv8C6ak4UyB_q8/getUpdates "HTTP/1.1 200 OK"
2026-09-10 03:43:20,398 - httpx - INFO - HTTP Request: POST https://api.telegram.org/bot8942164862:AAEGbX-FW5J1ymTcNQQalAv8C6ak4UyB_q8/getUpdates "HTTP/1.1 200 OK"
2026-09-10 03:43:30,571 - httpx - INFO - HTTP Request: POST https://api.telegram.org/bot8942164862:AAEGbX-FW5J1ymTcNQQalAv8C6ak4UyB_q8/getUpdates "HTTP/1.1 200 OK"
2026-09-10 03:43:40,671 - httpx - INFO - HTTP Request: POST https://api.telegram.org/bot8942164862:AAEGbX-FW5J1ymTcNQQalAv8C6ak4UyB_q8/getUpdates "HTTP/1.1 200 OK"
2026-09-10 03:43:50,770 - httpx - INFO - HTTP Request: POST https://api.telegram.org/bot8942164862:AAEGbX-FW5J1ymTcNQQalAv8C6ak4UyB_q8/getUpdates "HTTP/1.1 200 OK"
2026-09-10 03:44:00,872 - httpx - INFO - HTTP Request: POST https://api.telegram.org/bot8942164862:AAEGbX-FW5J1ymTcNQQalAv8C6ak4UyB_q8/getUpdates "HTTP/1.1 200 OK"
2026-09-10 03:44:10,976 - httpx - INFO - HTTP Request: POST https://api.telegram.org/bot8942164862:AAEGbX-FW5J1ymTcNQQalAv8C6ak4UyB_q8/getUpdates "HTTP/1.1 200 OK"
2026-09-10 03:44:21,085 - httpx - INFO - HTTP Request: POST https://api.telegram.org/bot8942164862:AAEGbX-FW5J1ymTcNQQalAv8C6ak4UyB_q8/getUpdates "HTTP/1.1 200 OK"
2026-09-10 03:44:31,204 - httpx - INFO - HTTP Request: POST https://api.telegram.org/bot8942164862:AAEGbX-FW5J1ymTcNQQalAv8C6ak4UyB_q8/getUpdates "HTTP/1.1 200 OK"
2026-09-10 03:44:41,311 - httpx - INFO - HTTP Request: POST https://api.telegram.org/bot8942164862:AAEGbX-FW5J1ymTcNQQalAv8C6ak4UyB_q8/getUpdates "HTTP/1.1 200 OK"
2026-09-10 03:44:51,411 - httpx - INFO - HTTP Request: POST https://api.telegram.org/bot8942164862:AAEGbX-FW5J1ymTcNQQalAv8C6ak4UyB_q8/getUpdates "HTTP/1.1 200 OK"
2026-09-10 03:45:01,513 - httpx - INFO - HTTP Request: POST https://api.telegram.org/bot8942164862:AAEGbX-FW5J1ymTcNQQalAv8C6ak4UyB_q8/getUpdates "HTTP/1.1 200 OK"
2026-09-10 03:45:11,642 - httpx - INFO - HTTP Request: POST https://api.telegram.org/bot8942164862:AAEGbX-FW5J1ymTcNQQalAv8C6ak4UyB_q8/getUpdates "HTTP/1.1 200 OK"
2026-09-10 03:45:21,750 - httpx - INFO - HTTP Request: POST https://api.telegram.org/bot8942164862:AAEGbX-FW5J1ymTcNQQalAv8C6ak4UyB_q8/getUpdates "HTTP/1.1 200 OK"
2026-09-10 03:45:31,852 - httpx - INFO - HTTP Request: POST https://api.telegram.org/bot8942164862:AAEGbX-FW5J1ymTcNQQalAv8C6ak4UyB_q8/getUpdates "HTTP/1.1 200 OK"
2026-09-10 03:45:41,957 - httpx - INFO - HTTP Request: POST https://api.telegram.org/bot8942164862:AAEGbX-FW5J1ymTcNQQalAv8C6ak4UyB_q8/getUpdates "HTTP/1.1 200 OK"
2026-09-10 03:45:52,057 - httpx - INFO - HTTP Request: POST https://api.telegram.org/bot8942164862:AAEGbX-FW5J1ymTcNQQalAv8C6ak4UyB_q8/getUpdates "HTTP/1.1 200 OK"
2026-09-10 03:46:02,160 - httpx - INFO - HTTP Request: POST https://api.telegram.org/bot8942164862:AAEGbX-FW5J1ymTcNQQalAv8C6ak4UyB_q8/getUpdates "HTTP/1.1 200 OK"
2026-09-10 03:46:12,364 - httpx - INFO - HTTP Request: POST https://api.telegram.org/bot8942164862:AAEGbX-FW5J1ymTcNQQalAv8C6ak4UyB_q8/getUpdates "HTTP/1.1 200 OK"
2026-09-10 03:46:22,467 - httpx - INFO - HTTP Request: POST https://api.telegram.org/bot8942164862:AAEGbX-FW5J1ymTcNQQalAv8C6ak4UyB_q8/getUpdates "HTTP/1.1 200 OK"
2026-09-10 03:46:32,570 - httpx - INFO - HTTP Request: POST https://api.telegram.org/bot8942164862:AAEGbX-FW5J1ymTcNQQalAv8C6ak4UyB_q8/getUpdates "HTTP/1.1 200 OK"
2026-09-10 03:46:42,674 - httpx - INFO - HTTP Request: POST https://api.telegram.org/bot8942164862:AAEGbX-FW5J1ymTcNQQalAv8C6ak4UyB_q8/getUpdates "HTTP/1.1 200 OK"
2026-09-10 03:46:52,812 - httpx - INFO - HTTP Request: POST https://api.telegram.org/bot8942164862:AAEGbX-FW5J1ymTcNQQalAv8C6ak4UyB_q8/getUpdates "HTTP/1.1 200 OK"
2026-09-10 03:47:02,918 - httpx - INFO - HTTP Request: POST https://api.telegram.org/bot8942164862:AAEGbX-FW5J1ymTcNQQalAv8C6ak4UyB_q8/getUpdates "HTTP/1.1 200 OK"
2026-09-10 03:47:13,017 - httpx - INFO - HTTP Request: POST https://api.telegram.org/bot8942164862:AAEGbX-FW5J1ymTcNQQalAv8C6ak4UyB_q8/getUpdates "HTTP/1.1 200 OK"
2026-09-10 03:47:23,117 - httpx - INFO - HTTP Request: POST https://api.telegram.org/bot8942164862:AAEGbX-FW5J1ymTcNQQalAv8C6ak4UyB_q8/getUpdates "HTTP/1.1 200 OK"
2026-09-10 03:47:33,260 - httpx - INFO - HTTP Request: POST https://api.telegram.org/bot8942164862:AAEGbX-FW5J1ymTcNQQalAv8C6ak4UyB_q8/getUpdates "HTTP/1.1 200 OK"
2026-09-10 03:47:43,366 - httpx - INFO - HTTP Request: POST https://api.telegram.org/bot8942164862:AAEGbX-FW5J1ymTcNQQalAv8C6ak4UyB_q8/getUpdates "HTTP/1.1 200 OK"
2026-09-10 03:47:53,535 - httpx - INFO - HTTP Request: POST https://api.telegram.org/bot8942164862:AAEGbX-FW5J1ymTcNQQalAv8C6ak4UyB_q8/getUpdates "HTTP/1.1 200 OK"
2026-09-10 03:48:03,631 - httpx - INFO - HTTP Request: POST https://api.telegram.org/bot8942164862:AAEGbX-FW5J1ymTcNQQalAv8C6ak4UyB_q8/getUpdates "HTTP/1.1 200 OK"
2026-09-10 03:48:13,730 - httpx - INFO - HTTP Request: POST https://api.telegram.org/bot8942164862:AAEGbX-FW5J1ymTcNQQalAv8C6ak4UyB_q8/getUpdates "HTTP/1.1 200 OK"
2026-09-10 03:48:23,846 - httpx - INFO - HTTP Request: POST https://api.telegram.org/bot8942164862:AAEGbX-FW5J1ymTcNQQalAv8C6ak4UyB_q8/getUpdates "HTTP/1.1 200 OK"
2026-09-10 03:48:33,984 - httpx - INFO - HTTP Request: POST https://api.telegram.org/bot8942164862:AAEGbX-FW5J1ymTcNQQalAv8C6ak4UyB_q8/getUpdates "HTTP/1.1 200 OK"
2026-09-10 03:48:44,121 - httpx - INFO - HTTP Request: POST https://api.telegram.org/bot8942164862:AAEGbX-FW5J1ymTcNQQalAv8C6ak4UyB_q8/getUpdates "HTTP/1.1 200 OK"
2026-09-10 03:48:54,219 - httpx - INFO - HTTP Request: POST https://api.telegram.org/bot8942164862:AAEGbX-FW5J1ymTcNQQalAv8C6ak4UyB_q8/getUpdates "HTTP/1.1 200 OK"
2026-09-10 03:49:04,318 - httpx - INFO - HTTP Request: POST https://api.telegram.org/bot8942164862:AAEGbX-FW5J1ymTcNQQalAv8C6ak4UyB_q8/getUpdates "HTTP/1.1 200 OK"
2026-09-10 03:49:14,432 - httpx - INFO - HTTP Request: POST https://api.telegram.org/bot8942164862:AAEGbX-FW5J1ymTcNQQalAv8C6ak4UyB_q8/getUpdates "HTTP/1.1 200 OK"
2026-09-10 03:49:24,537 - httpx - INFO - HTTP Request: POST https://api.telegram.org/bot8942164862:AAEGbX-FW5J1ymTcNQQalAv8C6ak4UyB_q8/getUpdates "HTTP/1.1 200 OK"
2026-09-10 03:49:34,642 - httpx - INFO - HTTP Request: POST https://api.telegram.org/bot8942164862:AAEGbX-FW5J1ymTcNQQalAv8C6ak4UyB_q8/getUpdates "HTTP/1.1 200 OK"
2026-09-10 03:49:44,743 - httpx - INFO - HTTP Request: POST https://api.telegram.org/bot8942164862:AAEGbX-FW5J1ymTcNQQalAv8C6ak4UyB_q8/getUpdates "HTTP/1.1 200 OK"
2026-09-10 03:49:54,880 - httpx - INFO - HTTP Request: POST https://api.telegram.org/bot8942164862:AAEGbX-FW5J1ymTcNQQalAv8C6ak4UyB_q8/getUpdates "HTTP/1.1 200 OK"
2026-09-10 03:50:05,018 - httpx - INFO - HTTP Request: POST https://api.telegram.org/bot8942164862:AAEGbX-FW5J1ymTcNQQalAv8C6ak4UyB_q8/getUpdates "HTTP/1.1 200 OK"
2026-09-10 03:50:15,155 - httpx - INFO - HTTP Request: POST https://api.telegram.org/bot8942164862:AAEGbX-FW5J1ymTcNQQalAv8C6ak4UyB_q8/getUpdates "HTTP/1.1 200 OK"
2026-09-10 03:50:25,395 - httpx - INFO - HTTP Request: POST https://api.telegram.org/bot8942164862:AAEGbX-FW5J1ymTcNQQalAv8C6ak4UyB_q8/getUpdates "HTTP/1.1 200 OK"
2026-09-10 03:50:35,533 - httpx - INFO - HTTP Request: POST https://api.telegram.org/bot8942164862:AAEGbX-FW5J1ymTcNQQalAv8C6ak4UyB_q8/getUpdates "HTTP/1.1 200 OK"
2026-09-10 03:50:45,670 - httpx - INFO - HTTP Request: POST https://api.telegram.org/bot8942164862:AAEGbX-FW5J1ymTcNQQalAv8C6ak4UyB_q8/getUpdates "HTTP/1.1 200 OK"
2026-09-10 03:50:55,771 - httpx - INFO - HTTP Request: POST https://api.telegram.org/bot8942164862:AAEGbX-FW5J1ymTcNQQalAv8C6ak4UyB_q8/getUpdates "HTTP/1.1 200 OK"
2026-09-10 03:51:05,946 - httpx - INFO - HTTP Request: POST https://api.telegram.org/bot8942164862:AAEGbX-FW5J1ymTcNQQalAv8C6ak4UyB_q8/getUpdates "HTTP/1.1 200 OK"
2026-09-10 03:51:16,048 - httpx - INFO - HTTP Request: POST https://api.telegram.org/bot8942164862:AAEGbX-FW5J1ymTcNQQalAv8C6ak4UyB_q8/getUpdates "HTTP/1.1 200 OK"
2026-09-10 03:51:26,149 - httpx - INFO - HTTP Request: POST https://api.telegram.org/bot8942164862:AAEGbX-FW5J1ymTcNQQalAv8C6ak4UyB_q8/getUpdates "HTTP/1.1 200 OK"
2026-09-10 03:51:36,359 - httpx - INFO - HTTP Request: POST https://api.telegram.org/bot8942164862:AAEGbX-FW5J1ymTcNQQalAv8C6ak4UyB_q8/getUpdates "HTTP/1.1 200 OK"
2026-09-10 03:51:46,497 - httpx - INFO - HTTP Request: POST https://api.telegram.org/bot8942164862:AAEGbX-FW5J1ymTcNQQalAv8C6ak4UyB_q8/getUpdates "HTTP/1.1 200 OK"
2026-09-10 03:51:56,634 - httpx - INFO - HTTP Request: POST https://api.telegram.org/bot8942164862:AAEGbX-FW5J1ymTcNQQalAv8C6ak4UyB_q8/getUpdates "HTTP/1.1 200 OK"
2026-09-10 03:52:06,806 - httpx - INFO - HTTP Request: POST https://api.telegram.org/bot8942164862:AAEGbX-FW5J1ymTcNQQalAv8C6ak4UyB_q8/getUpdates "HTTP/1.1 200 OK"
2026-09-10 03:52:16,920 - httpx - INFO - HTTP Request: POST https://api.telegram.org/bot8942164862:AAEGbX-FW5J1ymTcNQQalAv8C6ak4UyB_q8/getUpdates "HTTP/1.1 200 OK"
2026-09-10 03:52:27,047 - httpx - INFO - HTTP Request: POST https://api.telegram.org/bot8942164862:AAEGbX-FW5J1ymTcNQQalAv8C6ak4UyB_q8/getUpdates "HTTP/1.1 200 OK"
2026-09-10 03:52:37,185 - httpx - INFO - HTTP Request: POST https://api.telegram.org/bot8942164862:AAEGbX-FW5J1ymTcNQQalAv8C6ak4UyB_q8/getUpdates "HTTP/1.1 200 OK"
2026-09-10 03:52:47,286 - httpx - INFO - HTTP Request: POST https://api.telegram.org/bot8942164862:AAEGbX-FW5J1ymTcNQQalAv8C6ak4UyB_q8/getUpdates "HTTP/1.1 200 OK"
2026-09-10 03:52:57,460 - httpx - INFO - HTTP Request: POST https://api.telegram.org/bot8942164862:AAEGbX-FW5J1ymTcNQQalAv8C6ak4UyB_q8/getUpdates "HTTP/1.1 200 OK"
2026-09-10 03:53:07,597 - httpx - INFO - HTTP Request: POST https://api.telegram.org/bot8942164862:AAEGbX-FW5J1ymTcNQQalAv8C6ak4UyB_q8/getUpdates "HTTP/1.1 200 OK"
2026-09-10 03:53:17,694 - httpx - INFO - HTTP Request: POST https://api.telegram.org/bot8942164862:AAEGbX-FW5J1ymTcNQQalAv8C6ak4UyB_q8/getUpdates "HTTP/1.1 200 OK"
2026-09-10 03:53:27,793 - httpx - INFO - HTTP Request: POST https://api.telegram.org/bot8942164862:AAEGbX-FW5J1ymTcNQQalAv8C6ak4UyB_q8/getUpdates "HTTP/1.1 200 OK"
2026-09-10 03:53:37,908 - httpx - INFO - HTTP Request: POST https://api.telegram.org/bot8942164862:AAEGbX-FW5J1ymTcNQQalAv8C6ak4UyB_q8/getUpdates "HTTP/1.1 200 OK"
2026-09-10 03:53:48,009 - httpx - INFO - HTTP Request: POST https://api.telegram.org/bot8942164862:AAEGbX-FW5J1ymTcNQQalAv8C6ak4UyB_q8/getUpdates "HTTP/1.1 200 OK"
2026-09-10 03:53:58,109 - httpx - INFO - HTTP Request: POST https://api.telegram.org/bot8942164862:AAEGbX-FW5J1ymTcNQQalAv8C6ak4UyB_q8/getUpdates "HTTP/1.1 200 OK"
2026-09-10 03:54:08,321 - httpx - INFO - HTTP Request: POST https://api.telegram.org/bot8942164862:AAEGbX-FW5J1ymTcNQQalAv8C6ak4UyB_q8/getUpdates "HTTP/1.1 200 OK"
2026-09-10 03:54:18,418 - httpx - INFO - HTTP Request: POST https://api.telegram.org/bot8942164862:AAEGbX-FW5J1ymTcNQQalAv8C6ak4UyB_q8/getUpdates "HTTP/1.1 200 OK"
2026-09-10 03:54:28,522 - httpx - INFO - HTTP Request: POST https://api.telegram.org/bot8942164862:AAEGbX-FW5J1ymTcNQQalAv8C6ak4UyB_q8/getUpdates "HTTP/1.1 200 OK"
2026-09-10 03:54:38,632 - httpx - INFO - HTTP Request: POST https://api.telegram.org/bot8942164862:AAEGbX-FW5J1ymTcNQQalAv8C6ak4UyB_q8/getUpdates "HTTP/1.1 200 OK"
2026-09-10 03:54:48,769 - httpx - INFO - HTTP Request: POST https://api.telegram.org/bot8942164862:AAEGbX-FW5J1ymTcNQQalAv8C6ak4UyB_q8/getUpdates "HTTP/1.1 200 OK"
2026-09-10 03:54:58,907 - httpx - INFO - HTTP Request: POST https://api.telegram.org/bot8942164862:AAEGbX-FW5J1ymTcNQQalAv8C6ak4UyB_q8/getUpdates "HTTP/1.1 200 OK"
2026-09-10 03:55:09,045 - httpx - INFO - HTTP Request: POST https://api.telegram.org/bot8942164862:AAEGbX-FW5J1ymTcNQQalAv8C6ak4UyB_q8/getUpdates "HTTP/1.1 200 OK"
2026-09-10 03:55:19,182 - httpx - INFO - HTTP Request: POST https://api.telegram.org/bot8942164862:AAEGbX-FW5J1ymTcNQQalAv8C6ak4UyB_q8/getUpdates "HTTP/1.1 200 OK"
2026-09-10 03:55:29,283 - httpx - INFO - HTTP Request: POST https://api.telegram.org/bot8942164862:AAEGbX-FW5J1ymTcNQQalAv8C6ak4UyB_q8/getUpdates "HTTP/1.1 200 OK"
2026-09-10 03:55:39,458 - httpx - INFO - HTTP Request: POST https://api.telegram.org/bot8942164862:AAEGbX-FW5J1ymTcNQQalAv8C6ak4UyB_q8/getUpdates "HTTP/1.1 200 OK"
2026-09-10 03:55:49,595 - httpx - INFO - HTTP Request: POST https://api.telegram.org/bot8942164862:AAEGbX-FW5J1ymTcNQQalAv8C6ak4UyB_q8/getUpdates "HTTP/1.1 200 OK"
2026-09-10 03:55:59,732 - httpx - INFO - HTTP Request: POST https://api.telegram.org/bot8942164862:AAEGbX-FW5J1ymTcNQQalAv8C6ak4UyB_q8/getUpdates "HTTP/1.1 200 OK"
2026-09-10 03:56:09,838 - httpx - INFO - HTTP Request: POST https://api.telegram.org/bot8942164862:AAEGbX-FW5J1ymTcNQQalAv8C6ak4UyB_q8/getUpdates "HTTP/1.1 200 OK"
2026-09-10 03:56:20,008 - httpx - INFO - HTTP Request: POST https://api.telegram.org/bot8942164862:AAEGbX-FW5J1ymTcNQQalAv8C6ak4UyB_q8/getUpdates "HTTP/1.1 200 OK"
2026-09-10 03:56:30,146 - httpx - INFO - HTTP Request: POST https://api.telegram.org/bot8942164862:AAEGbX-FW5J1ymTcNQQalAv8C6ak4UyB_q8/getUpdates "HTTP/1.1 200 OK"
2026-09-10 03:56:40,283 - httpx - INFO - HTTP Request: POST https://api.telegram.org/bot8942164862:AAEGbX-FW5J1ymTcNQQalAv8C6ak4UyB_q8/getUpdates "HTTP/1.1 200 OK"
2026-09-10 03:56:50,421 - httpx - INFO - HTTP Request: POST https://api.telegram.org/bot8942164862:AAEGbX-FW5J1ymTcNQQalAv8C6ak4UyB_q8/getUpdates "HTTP/1.1 200 OK"
2026-09-10 03:57:00,521 - httpx - INFO - HTTP Request: POST https://api.telegram.org/bot8942164862:AAEGbX-FW5J1ymTcNQQalAv8C6ak4UyB_q8/getUpdates "HTTP/1.1 200 OK"
2026-09-10 03:57:10,696 - httpx - INFO - HTTP Request: POST https://api.telegram.org/bot8942164862:AAEGbX-FW5J1ymTcNQQalAv8C6ak4UyB_q8/getUpdates "HTTP/1.1 200 OK"
2026-09-10 03:57:20,801 - httpx - INFO - HTTP Request: POST https://api.telegram.org/bot8942164862:AAEGbX-FW5J1ymTcNQQalAv8C6ak4UyB_q8/getUpdates "HTTP/1.1 200 OK"
2026-09-10 03:57:30,900 - httpx - INFO - HTTP Request: POST https://api.telegram.org/bot8942164862:AAEGbX-FW5J1ymTcNQQalAv8C6ak4UyB_q8/getUpdates "HTTP/1.1 200 OK"
2026-09-10 03:57:41,109 - httpx - INFO - HTTP Request: POST https://api.telegram.org/bot8942164862:AAEGbX-FW5J1ymTcNQQalAv8C6ak4UyB_q8/getUpdates "HTTP/1.1 200 OK"
2026-09-10 03:57:51,247 - httpx - INFO - HTTP Request: POST https://api.telegram.org/bot8942164862:AAEGbX-FW5J1ymTcNQQalAv8C6ak4UyB_q8/getUpdates "HTTP/1.1 200 OK"
2026-09-10 03:58:01,385 - httpx - INFO - HTTP Request: POST https://api.telegram.org/bot8942164862:AAEGbX-FW5J1ymTcNQQalAv8C6ak4UyB_q8/getUpdates "HTTP/1.1 200 OK"
2026-09-10 03:58:11,493 - httpx - INFO - HTTP Request: POST https://api.telegram.org/bot8942164862:AAEGbX-FW5J1ymTcNQQalAv8C6ak4UyB_q8/getUpdates "HTTP/1.1 200 OK"
2026-09-10 03:58:21,660 - httpx - INFO - HTTP Request: POST https://api.telegram.org/bot8942164862:AAEGbX-FW5J1ymTcNQQalAv8C6ak4UyB_q8/getUpdates "HTTP/1.1 200 OK"
2026-09-10 03:58:31,758 - httpx - INFO - HTTP Request: POST https://api.telegram.org/bot8942164862:AAEGbX-FW5J1ymTcNQQalAv8C6ak4UyB_q8/getUpdates "HTTP/1.1 200 OK"
2026-09-10 03:58:41,858 - httpx - INFO - HTTP Request: POST https://api.telegram.org/bot8942164862:AAEGbX-FW5J1ymTcNQQalAv8C6ak4UyB_q8/getUpdates "HTTP/1.1 200 OK"
2026-09-10 03:58:51,959 - httpx - INFO - HTTP Request: POST https://api.telegram.org/bot8942164862:AAEGbX-FW5J1ymTcNQQalAv8C6ak4UyB_q8/getUpdates "HTTP/1.1 200 OK"
2026-09-10 03:59:02,108 - httpx - INFO - HTTP Request: POST https://api.telegram.org/bot8942164862:AAEGbX-FW5J1ymTcNQQalAv8C6ak4UyB_q8/getUpdates "HTTP/1.1 200 OK"
2026-09-10 03:59:12,246 - httpx - INFO - HTTP Request: POST https://api.telegram.org/bot8942164862:AAEGbX-FW5J1ymTcNQQalAv8C6ak4UyB_q8/getUpdates "HTTP/1.1 200 OK"
2026-09-10 03:59:22,349 - httpx - INFO - HTTP Request: POST https://api.telegram.org/bot8942164862:AAEGbX-FW5J1ymTcNQQalAv8C6ak4UyB_q8/getUpdates "HTTP/1.1 200 OK"
2026-09-10 03:59:32,521 - httpx - INFO - HTTP Request: POST https://api.telegram.org/bot8942164862:AAEGbX-FW5J1ymTcNQQalAv8C6ak4UyB_q8/getUpdates "HTTP/1.1 200 OK"
2026-09-10 03:59:42,658 - httpx - INFO - HTTP Request: POST https://api.telegram.org/bot8942164862:AAEGbX-FW5J1ymTcNQQalAv8C6ak4UyB_q8/getUpdates "HTTP/1.1 200 OK"
2026-09-10 03:59:52,758 - httpx - INFO - HTTP Request: POST https://api.telegram.org/bot8942164862:AAEGbX-FW5J1ymTcNQQalAv8C6ak4UyB_q8/getUpdates "HTTP/1.1 200 OK"
2026-09-10 04:00:02,934 - httpx - INFO - HTTP Request: POST https://api.telegram.org/bot8942164862:AAEGbX-FW5J1ymTcNQQalAv8C6ak4UyB_q8/getUpdates "HTTP/1.1 200 OK"
2026-09-10 04:00:13,072 - httpx - INFO - HTTP Request: POST https://api.telegram.org/bot8942164862:AAEGbX-FW5J1ymTcNQQalAv8C6ak4UyB_q8/getUpdates "HTTP/1.1 200 OK"
2026-09-10 04:00:23,172 - httpx - INFO - HTTP Request: POST https://api.telegram.org/bot8942164862:AAEGbX-FW5J1ymTcNQQalAv8C6ak4UyB_q8/getUpdates "HTTP/1.1 200 OK"
2026-09-10 04:00:33,347 - httpx - INFO - HTTP Request: POST https://api.telegram.org/bot8942164862:AAEGbX-FW5J1ymTcNQQalAv8C6ak4UyB_q8/getUpdates "HTTP/1.1 200 OK"
2026-09-10 04:00:43,444 - httpx - INFO - HTTP Request: POST https://api.telegram.org/bot8942164862:AAEGbX-FW5J1ymTcNQQalAv8C6ak4UyB_q8/getUpdates "HTTP/1.1 200 OK"
2026-09-10 04:00:53,622 - httpx - INFO - HTTP Request: POST https://api.telegram.org/bot8942164862:AAEGbX-FW5J1ymTcNQQalAv8C6ak4UyB_q8/getUpdates "HTTP/1.1 200 OK"
2026-09-10 04:01:03,786 - httpx - INFO - HTTP Request: POST https://api.telegram.org/bot8942164862:AAEGbX-FW5J1ymTcNQQalAv8C6ak4UyB_q8/getUpdates "HTTP/1.1 200 OK"
2026-09-10 04:01:13,892 - httpx - INFO - HTTP Request: POST https://api.telegram.org/bot8942164862:AAEGbX-FW5J1ymTcNQQalAv8C6ak4UyB_q8/getUpdates "HTTP/1.1 200 OK"
2026-09-10 04:01:23,995 - httpx - INFO - HTTP Request: POST https://api.telegram.org/bot8942164862:AAEGbX-FW5J1ymTcNQQalAv8C6ak4UyB_q8/getUpdates "HTTP/1.1 200 OK"
2026-09-10 04:01:34,103 - httpx - INFO - HTTP Request: POST https://api.telegram.org/bot8942164862:AAEGbX-FW5J1ymTcNQQalAv8C6ak4UyB_q8/getUpdates "HTTP/1.1 200 OK"
2026-09-10 04:01:44,203 - httpx - INFO - HTTP Request: POST https://api.telegram.org/bot8942164862:AAEGbX-FW5J1ymTcNQQalAv8C6ak4UyB_q8/getUpdates "HTTP/1.1 200 OK"
2026-09-10 04:01:54,346 - httpx - INFO - HTTP Request: POST https://api.telegram.org/bot8942164862:AAEGbX-FW5J1ymTcNQQalAv8C6ak4UyB_q8/getUpdates "HTTP/1.1 200 OK"
2026-09-10 04:02:04,483 - httpx - INFO - HTTP Request: POST https://api.telegram.org/bot8942164862:AAEGbX-FW5J1ymTcNQQalAv8C6ak4UyB_q8/getUpdates "HTTP/1.1 200 OK"
2026-09-10 04:02:14,924 - httpx - INFO - HTTP Request: POST https://api.telegram.org/bot8942164862:AAEGbX-FW5J1ymTcNQQalAv8C6ak4UyB_q8/getUpdates "HTTP/1.1 200 OK"
2026-09-10 04:02:25,168 - httpx - INFO - HTTP Request: POST https://api.telegram.org/bot8942164862:AAEGbX-FW5J1ymTcNQQalAv8C6ak4UyB_q8/getUpdates "HTTP/1.1 200 OK"
2026-09-10 04:02:35,311 - httpx - INFO - HTTP Request: POST https://api.telegram.org/bot8942164862:AAEGbX-FW5J1ymTcNQQalAv8C6ak4UyB_q8/getUpdates "HTTP/1.1 200 OK"
2026-09-10 04:02:45,416 - httpx - INFO - HTTP Request: POST https://api.telegram.org/bot8942164862:AAEGbX-FW5J1ymTcNQQalAv8C6ak4UyB_q8/getUpdates "HTTP/1.1 200 OK"
2026-09-10 04:02:55,581 - httpx - INFO - HTTP Request: POST https://api.telegram.org/bot8942164862:AAEGbX-FW5J1ymTcNQQalAv8C6ak4UyB_q8/getUpdates "HTTP/1.1 200 OK"
2026-09-10 04:03:05,724 - httpx - INFO - HTTP Request: POST https://api.telegram.org/bot8942164862:AAEGbX-FW5J1ymTcNQQalAv8C6ak4UyB_q8/getUpdates "HTTP/1.1 200 OK"
2026-09-10 04:03:15,959 - httpx - INFO - HTTP Request: POST https://api.telegram.org/bot8942164862:AAEGbX-FW5J1ymTcNQQalAv8C6ak4UyB_q8/getUpdates "HTTP/1.1 200 OK"
2026-09-10 04:03:26,067 - httpx - INFO - HTTP Request: POST https://api.telegram.org/bot8942164862:AAEGbX-FW5J1ymTcNQQalAv8C6ak4UyB_q8/getUpdates "HTTP/1.1 200 OK"
2026-09-10 04:03:36,173 - httpx - INFO - HTTP Request: POST https://api.telegram.org/bot8942164862:AAEGbX-FW5J1ymTcNQQalAv8C6ak4UyB_q8/getUpdates "HTTP/1.1 200 OK"
2026-09-10 04:03:46,283 - httpx - INFO - HTTP Request: POST https://api.telegram.org/bot8942164862:AAEGbX-FW5J1ymTcNQQalAv8C6ak4UyB_q8/getUpdates "HTTP/1.1 200 OK"
2026-09-10 04:03:56,390 - httpx - INFO - HTTP Request: POST https://api.telegram.org/bot8942164862:AAEGbX-FW5J1ymTcNQQalAv8C6ak4UyB_q8/getUpdates "HTTP/1.1 200 OK"
2026-09-10 04:04:06,564 - httpx - INFO - HTTP Request: POST https://api.telegram.org/bot8942164862:AAEGbX-FW5J1ymTcNQQalAv8C6ak4UyB_q8/getUpdates "HTTP/1.1 200 OK"
2026-09-10 04:04:16,678 - httpx - INFO - HTTP Request: POST https://api.telegram.org/bot8942164862:AAEGbX-FW5J1ymTcNQQalAv8C6ak4UyB_q8/getUpdates "HTTP/1.1 200 OK"
2026-09-10 04:04:23,737 - httpx - INFO - HTTP Request: POST https://api.telegram.org/bot8942164862:AAEGbX-FW5J1ymTcNQQalAv8C6ak4UyB_q8/getUpdates "HTTP/1.1 200 OK"
2026-09-10 04:04:23,738 - telegram.ext.Application - INFO - Application is stopping. This might take a moment.
2026-09-10 04:04:23,738 - apscheduler.scheduler - INFO - Scheduler has been shut down
2026-09-10 04:04:23,748 - telegram.ext.Application - INFO - Application.stop() complete
